departure_time,origin_station_id,origin_name,origin_lat,origin_lon,dest_station_id,dest_name,dest_lat,dest_lon,distance_meters,duration_seconds,duration_minutes,duration_in_traffic_seconds,duration_in_traffic_minutes,status
2026-02-12 17:00:00,8589141,"Fribourg, Chaley",46.806281,7.175601,8589152,"Fribourg, Mon-Repos",46.806711,7.172136,270,35,0.58,32,0.53,OK
2026-02-12 17:00:00,8589141,"Fribourg, Chaley",46.806281,7.175601,8589138,"Fribourg, Cité-Jardins",46.809385,7.170446,659,86,1.43,86,1.43,OK
2026-02-12 17:00:00,8589141,"Fribourg, Chaley",46.806281,7.175601,8591766,"Fribourg, Boschung",46.811451,7.171016,1013,138,2.3,159,2.65,OK
2026-02-12 17:00:00,8589141,"Fribourg, Chaley",46.806281,7.175601,8587255,"Fribourg, Tilleul/Cathédrale",46.80609,7.161261,3788,445,7.42,499,8.32,OK
2026-02-12 17:00:00,8589141,"Fribourg, Chaley",46.806281,7.175601,8589161,"Fribourg, St-Pierre",46.803911,7.155266,4335,561,9.35,616,10.27,OK
2026-02-12 17:00:00,8589141,"Fribourg, Chaley",46.806281,7.175601,8592374,"Fribourg/Freiburg, Pl. Gare",46.802898,7.15141,4719,695,11.58,769,12.82,OK
2026-02-12 17:00:00,8589141,"Fribourg, Chaley",46.806281,7.175601,8589130,"Villars-sur-Glâne, Méridienne",46.794173,7.111828,9363,808,13.47,1008,16.8,OK
2026-02-12 17:00:00,8589141,"Fribourg, Chaley",46.806281,7.175601,8589131,"Villars-sur-Glâne, Moncor",46.79857,7.120788,8377,699,11.65,892,14.87,OK
2026-02-12 17:00:00,8589141,"Fribourg, Chaley",46.806281,7.175601,8588344,"Villars-sur-Glâne, Belle-Croix",46.800233,7.125455,8261,722,12.03,886,14.77,OK
2026-02-12 17:00:00,8589152,"Fribourg, Mon-Repos",46.806711,7.172136,8589141,"Fribourg, Chaley",46.806281,7.175601,283,40,0.67,51,0.85,OK
2026-02-12 17:00:00,8589152,"Fribourg, Mon-Repos",46.806711,7.172136,8589138,"Fribourg, Cité-Jardins",46.809385,7.170446,389,51,0.85,53,0.88,OK
2026-02-12 17:00:00,8589152,"Fribourg, Mon-Repos",46.806711,7.172136,8591766,"Fribourg, Boschung",46.811451,7.171016,743,103,1.72,118,1.97,OK
2026-02-12 17:00:00,8589152,"Fribourg, Mon-Repos",46.806711,7.172136,8587255,"Fribourg, Tilleul/Cathédrale",46.80609,7.161261,3518,410,6.83,466,7.77,OK
2026-02-12 17:00:00,8589152,"Fribourg, Mon-Repos",46.806711,7.172136,8589161,"Fribourg, St-Pierre",46.803911,7.155266,4065,526,8.77,582,9.7,OK
2026-02-12 17:00:00,8589152,"Fribourg, Mon-Repos",46.806711,7.172136,8592374,"Fribourg/Freiburg, Pl. Gare",46.802898,7.15141,4449,660,11.0,733,12.22,OK
2026-02-12 17:00:00,8589152,"Fribourg, Mon-Repos",46.806711,7.172136,8589130,"Villars-sur-Glâne, Méridienne",46.794173,7.111828,9093,773,12.88,977,16.28,OK
2026-02-12 17:00:00,8589152,"Fribourg, Mon-Repos",46.806711,7.172136,8589131,"Villars-sur-Glâne, Moncor",46.79857,7.120788,8108,664,11.07,864,14.4,OK
2026-02-12 17:00:00,8589152,"Fribourg, Mon-Repos",46.806711,7.172136,8588344,"Villars-sur-Glâne, Belle-Croix",46.800233,7.125455,7992,687,11.45,863,14.38,OK
2026-02-12 17:00:00,8589138,"Fribourg, Cité-Jardins",46.809385,7.170446,8589141,"Fribourg, Chaley",46.806281,7.175601,672,93,1.55,107,1.78,OK
2026-02-12 17:00:00,8589138,"Fribourg, Cité-Jardins",46.809385,7.170446,8589152,"Fribourg, Mon-Repos",46.806711,7.172136,389,52,0.87,55,0.92,OK
2026-02-12 17:00:00,8589138,"Fribourg, Cité-Jardins",46.809385,7.170446,8591766,"Fribourg, Boschung",46.811451,7.171016,354,52,0.87,64,1.07,OK
2026-02-12 17:00:00,8589138,"Fribourg, Cité-Jardins",46.809385,7.170446,8587255,"Fribourg, Tilleul/Cathédrale",46.80609,7.161261,3129,359,5.98,412,6.87,OK
2026-02-12 17:00:00,8589138,"Fribourg, Cité-Jardins",46.809385,7.170446,8589161,"Fribourg, St-Pierre",46.803911,7.155266,3676,475,7.92,530,8.83,OK
2026-02-12 17:00:00,8589138,"Fribourg, Cité-Jardins",46.809385,7.170446,8592374,"Fribourg/Freiburg, Pl. Gare",46.802898,7.15141,4060,609,10.15,676,11.27,OK
2026-02-12 17:00:00,8589138,"Fribourg, Cité-Jardins",46.809385,7.170446,8589130,"Villars-sur-Glâne, Méridienne",46.794173,7.111828,8704,722,12.03,921,15.35,OK
2026-02-12 17:00:00,8589138,"Fribourg, Cité-Jardins",46.809385,7.170446,8589131,"Villars-sur-Glâne, Moncor",46.79857,7.120788,7719,613,10.22,806,13.43,OK
2026-02-12 17:00:00,8589138,"Fribourg, Cité-Jardins",46.809385,7.170446,8588344,"Villars-sur-Glâne, Belle-Croix",46.800233,7.125455,7603,636,10.6,810,13.5,OK
2026-02-12 17:00:00,8591766,"Fribourg, Boschung",46.811451,7.171016,8589141,"Fribourg, Chaley",46.806281,7.175601,991,138,2.3,163,2.72,OK
2026-02-12 17:00:00,8591766,"Fribourg, Boschung",46.811451,7.171016,8589152,"Fribourg, Mon-Repos",46.806711,7.172136,708,97,1.62,109,1.82,OK
2026-02-12 17:00:00,8591766,"Fribourg, Boschung",46.811451,7.171016,8589138,"Fribourg, Cité-Jardins",46.809385,7.170446,319,45,0.75,54,0.9,OK
2026-02-12 17:00:00,8591766,"Fribourg, Boschung",46.811451,7.171016,8587255,"Fribourg, Tilleul/Cathédrale",46.80609,7.161261,2772,307,5.12,348,5.8,OK
2026-02-12 17:00:00,8591766,"Fribourg, Boschung",46.811451,7.171016,8589161,"Fribourg, St-Pierre",46.803911,7.155266,3319,422,7.03,469,7.82,OK
2026-02-12 17:00:00,8591766,"Fribourg, Boschung",46.811451,7.171016,8592374,"Fribourg/Freiburg, Pl. Gare",46.802898,7.15141,3703,557,9.28,614,10.23,OK
2026-02-12 17:00:00,8591766,"Fribourg, Boschung",46.811451,7.171016,8589130,"Villars-sur-Glâne, Méridienne",46.794173,7.111828,8347,669,11.15,860,14.33,OK
2026-02-12 17:00:00,8591766,"Fribourg, Boschung",46.811451,7.171016,8589131,"Villars-sur-Glâne, Moncor",46.79857,7.120788,7362,561,9.35,743,12.38,OK
2026-02-12 17:00:00,8591766,"Fribourg, Boschung",46.811451,7.171016,8588344,"Villars-sur-Glâne, Belle-Croix",46.800233,7.125455,7246,584,9.73,747,12.45,OK
2026-02-12 17:00:00,8587255,"Fribourg, Tilleul/Cathédrale",46.80609,7.161261,8589141,"Fribourg, Chaley",46.806281,7.175601,3766,458,7.63,555,9.25,OK
2026-02-12 17:00:00,8587255,"Fribourg, Tilleul/Cathédrale",46.80609,7.161261,8589152,"Fribourg, Mon-Repos",46.806711,7.172136,3483,417,6.95,505,8.42,OK
2026-02-12 17:00:00,8587255,"Fribourg, Tilleul/Cathédrale",46.80609,7.161261,8589138,"Fribourg, Cité-Jardins",46.809385,7.170446,3094,365,6.08,447,7.45,OK
2026-02-12 17:00:00,8587255,"Fribourg, Tilleul/Cathédrale",46.80609,7.161261,8591766,"Fribourg, Boschung",46.811451,7.171016,2775,320,5.33,402,6.7,OK
2026-02-12 17:00:00,8587255,"Fribourg, Tilleul/Cathédrale",46.80609,7.161261,8589161,"Fribourg, St-Pierre",46.803911,7.155266,547,115,1.92,138,2.3,OK
2026-02-12 17:00:00,8587255,"Fribourg, Tilleul/Cathédrale",46.80609,7.161261,8592374,"Fribourg/Freiburg, Pl. Gare",46.802898,7.15141,931,250,4.17,282,4.7,OK
2026-02-12 17:00:00,8587255,"Fribourg, Tilleul/Cathédrale",46.80609,7.161261,8589130,"Villars-sur-Glâne, Méridienne",46.794173,7.111828,6007,786,13.1,969,16.15,OK
2026-02-12 17:00:00,8587255,"Fribourg, Tilleul/Cathédrale",46.80609,7.161261,8589131,"Villars-sur-Glâne, Moncor",46.79857,7.120788,5021,678,11.3,849,14.15,OK
2026-02-12 17:00:00,8587255,"Fribourg, Tilleul/Cathédrale",46.80609,7.161261,8588344,"Villars-sur-Glâne, Belle-Croix",46.800233,7.125455,4905,701,11.68,853,14.22,OK
2026-02-12 17:00:00,8589161,"Fribourg, St-Pierre",46.803911,7.155266,8589141,"Fribourg, Chaley",46.806281,7.175601,4296,552,9.2,657,10.95,OK
2026-02-12 17:00:00,8589161,"Fribourg, St-Pierre",46.803911,7.155266,8589152,"Fribourg, Mon-Repos",46.806711,7.172136,4013,512,8.53,605,10.08,OK
2026-02-12 17:00:00,8589161,"Fribourg, St-Pierre",46.803911,7.155266,8589138,"Fribourg, Cité-Jardins",46.809385,7.170446,3624,460,7.67,550,9.17,OK
2026-02-12 17:00:00,8589161,"Fribourg, St-Pierre",46.803911,7.155266,8591766,"Fribourg, Boschung",46.811451,7.171016,3305,414,6.9,500,8.33,OK
2026-02-12 17:00:00,8589161,"Fribourg, St-Pierre",46.803911,7.155266,8587255,"Fribourg, Tilleul/Cathédrale",46.80609,7.161261,530,94,1.57,107,1.78,OK
2026-02-12 17:00:00,8589161,"Fribourg, St-Pierre",46.803911,7.155266,8592374,"Fribourg/Freiburg, Pl. Gare",46.802898,7.15141,384,134,2.23,161,2.68,OK
2026-02-12 17:00:00,8589161,"Fribourg, St-Pierre",46.803911,7.155266,8589130,"Villars-sur-Glâne, Méridienne",46.794173,7.111828,4086,660,11.0,904,15.07,OK
2026-02-12 17:00:00,8589161,"Fribourg, St-Pierre",46.803911,7.155266,8589131,"Villars-sur-Glâne, Moncor",46.79857,7.120788,3100,551,9.18,788,13.13,OK
2026-02-12 17:00:00,8589161,"Fribourg, St-Pierre",46.803911,7.155266,8588344,"Villars-sur-Glâne, Belle-Croix",46.800233,7.125455,2984,574,9.57,797,13.28,OK
2026-02-12 17:00:00,8592374,"Fribourg/Freiburg, Pl. Gare",46.802898,7.15141,8589141,"Fribourg, Chaley",46.806281,7.175601,4673,664,11.07,787,13.12,OK
2026-02-12 17:00:00,8592374,"Fribourg/Freiburg, Pl. Gare",46.802898,7.15141,8589152,"Fribourg, Mon-Repos",46.806711,7.172136,4390,623,10.38,732,12.2,OK
2026-02-12 17:00:00,8592374,"Fribourg/Freiburg, Pl. Gare",46.802898,7.15141,8589138,"Fribourg, Cité-Jardins",46.809385,7.170446,4001,571,9.52,677,11.28,OK
2026-02-12 17:00:00,8592374,"Fribourg/Freiburg, Pl. Gare",46.802898,7.15141,8591766,"Fribourg, Boschung",46.811451,7.171016,3681,526,8.77,626,10.43,OK
2026-02-12 17:00:00,8592374,"Fribourg/Freiburg, Pl. Gare",46.802898,7.15141,8587255,"Fribourg, Tilleul/Cathédrale",46.80609,7.161261,906,206,3.43,236,3.93,OK
2026-02-12 17:00:00,8592374,"Fribourg/Freiburg, Pl. Gare",46.802898,7.15141,8589161,"Fribourg, St-Pierre",46.803911,7.155266,376,111,1.85,137,2.28,OK
2026-02-12 17:00:00,8592374,"Fribourg/Freiburg, Pl. Gare",46.802898,7.15141,8589130,"Villars-sur-Glâne, Méridienne",46.794173,7.111828,4118,678,11.3,918,15.3,OK
2026-02-12 17:00:00,8592374,"Fribourg/Freiburg, Pl. Gare",46.802898,7.15141,8589131,"Villars-sur-Glâne, Moncor",46.79857,7.120788,3132,570,9.5,802,13.37,OK
2026-02-12 17:00:00,8592374,"Fribourg/Freiburg, Pl. Gare",46.802898,7.15141,8588344,"Villars-sur-Glâne, Belle-Croix",46.800233,7.125455,3016,593,9.88,806,13.43,OK
2026-02-12 17:00:00,8589130,"Villars-sur-Glâne, Méridienne",46.794173,7.111828,8589141,"Fribourg, Chaley",46.806281,7.175601,8990,749,12.48,890,14.83,OK
2026-02-12 17:00:00,8589130,"Villars-sur-Glâne, Méridienne",46.794173,7.111828,8589152,"Fribourg, Mon-Repos",46.806711,7.172136,8707,708,11.8,841,14.02,OK
2026-02-12 17:00:00,8589130,"Villars-sur-Glâne, Méridienne",46.794173,7.111828,8589138,"Fribourg, Cité-Jardins",46.809385,7.170446,8318,656,10.93,784,13.07,OK
2026-02-12 17:00:00,8589130,"Villars-sur-Glâne, Méridienne",46.794173,7.111828,8591766,"Fribourg, Boschung",46.811451,7.171016,7998,611,10.18,733,12.22,OK
2026-02-12 17:00:00,8589130,"Villars-sur-Glâne, Méridienne",46.794173,7.111828,8587255,"Fribourg, Tilleul/Cathédrale",46.80609,7.161261,4551,727,12.12,842,14.03,OK
2026-02-12 17:00:00,8589130,"Villars-sur-Glâne, Méridienne",46.794173,7.111828,8589161,"Fribourg, St-Pierre",46.803911,7.155266,4021,633,10.55,741,12.35,OK
2026-02-12 17:00:00,8589130,"Villars-sur-Glâne, Méridienne",46.794173,7.111828,8592374,"Fribourg/Freiburg, Pl. Gare",46.802898,7.15141,3996,652,10.87,760,12.67,OK
2026-02-12 17:00:00,8589130,"Villars-sur-Glâne, Méridienne",46.794173,7.111828,8589131,"Villars-sur-Glâne, Moncor",46.79857,7.120788,1545,214,3.57,239,3.98,OK
2026-02-12 17:00:00,8589130,"Villars-sur-Glâne, Méridienne",46.794173,7.111828,8588344,"Villars-sur-Glâne, Belle-Croix",46.800233,7.125455,2108,314,5.23,339,5.65,OK
2026-02-12 17:00:00,8589131,"Villars-sur-Glâne, Moncor",46.79857,7.120788,8589141,"Fribourg, Chaley",46.806281,7.175601,8330,698,11.63,818,13.63,OK
2026-02-12 17:00:00,8589131,"Villars-sur-Glâne, Moncor",46.79857,7.120788,8589152,"Fribourg, Mon-Repos",46.806711,7.172136,8047,657,10.95,772,12.87,OK
2026-02-12 17:00:00,8589131,"Villars-sur-Glâne, Moncor",46.79857,7.120788,8589138,"Fribourg, Cité-Jardins",46.809385,7.170446,7658,605,10.08,717,11.95,OK
2026-02-12 17:00:00,8589131,"Villars-sur-Glâne, Moncor",46.79857,7.120788,8591766,"Fribourg, Boschung",46.811451,7.171016,7338,560,9.33,667,11.12,OK
2026-02-12 17:00:00,8589131,"Villars-sur-Glâne, Moncor",46.79857,7.120788,8587255,"Fribourg, Tilleul/Cathédrale",46.80609,7.161261,3891,676,11.27,765,12.75,OK
2026-02-12 17:00:00,8589131,"Villars-sur-Glâne, Moncor",46.79857,7.120788,8589161,"Fribourg, St-Pierre",46.803911,7.155266,3361,581,9.68,663,11.05,OK
2026-02-12 17:00:00,8589131,"Villars-sur-Glâne, Moncor",46.79857,7.120788,8592374,"Fribourg/Freiburg, Pl. Gare",46.802898,7.15141,3336,600,10.0,684,11.4,OK
2026-02-12 17:00:00,8589131,"Villars-sur-Glâne, Moncor",46.79857,7.120788,8589130,"Villars-sur-Glâne, Méridienne",46.794173,7.111828,1335,194,3.23,188,3.13,OK
2026-02-12 17:00:00,8589131,"Villars-sur-Glâne, Moncor",46.79857,7.120788,8588344,"Villars-sur-Glâne, Belle-Croix",46.800233,7.125455,1448,262,4.37,276,4.6,OK
2026-02-12 17:00:00,8588344,"Villars-sur-Glâne, Belle-Croix",46.800233,7.125455,8589141,"Fribourg, Chaley",46.806281,7.175601,8355,730,12.17,823,13.72,OK
2026-02-12 17:00:00,8588344,"Villars-sur-Glâne, Belle-Croix",46.800233,7.125455,8589152,"Fribourg, Mon-Repos",46.806711,7.172136,8072,689,11.48,779,12.98,OK
2026-02-12 17:00:00,8588344,"Villars-sur-Glâne, Belle-Croix",46.800233,7.125455,8589138,"Fribourg, Cité-Jardins",46.809385,7.170446,7683,637,10.62,726,12.1,OK
2026-02-12 17:00:00,8588344,"Villars-sur-Glâne, Belle-Croix",46.800233,7.125455,8591766,"Fribourg, Boschung",46.811451,7.171016,7364,592,9.87,677,11.28,OK
2026-02-12 17:00:00,8588344,"Villars-sur-Glâne, Belle-Croix",46.800233,7.125455,8587255,"Fribourg, Tilleul/Cathédrale",46.80609,7.161261,3917,708,11.8,770,12.83,OK
2026-02-12 17:00:00,8588344,"Villars-sur-Glâne, Belle-Croix",46.800233,7.125455,8589161,"Fribourg, St-Pierre",46.803911,7.155266,3387,614,10.23,669,11.15,OK
2026-02-12 17:00:00,8588344,"Villars-sur-Glâne, Belle-Croix",46.800233,7.125455,8592374,"Fribourg/Freiburg, Pl. Gare",46.802898,7.15141,3361,633,10.55,691,11.52,OK
2026-02-12 17:00:00,8588344,"Villars-sur-Glâne, Belle-Croix",46.800233,7.125455,8589130,"Villars-sur-Glâne, Méridienne",46.794173,7.111828,1819,287,4.78,271,4.52,OK
2026-02-12 17:00:00,8588344,"Villars-sur-Glâne, Belle-Croix",46.800233,7.125455,8589131,"Villars-sur-Glâne, Moncor",46.79857,7.120788,834,179,2.98,157,2.62,OK
2026-02-12 17:00:00,8589141,"Fribourg, Chaley",46.806281,7.175601,8577786,"Villars-sur-Glâne,Villars-Vert",46.798991,7.131395,8144,670,11.17,863,14.38,OK
2026-02-12 17:00:00,8589141,"Fribourg, Chaley",46.806281,7.175601,8577785,"Fribourg, Bertigny",46.8013,7.138046,8974,780,13.0,956,15.93,OK
2026-02-12 17:00:00,8589141,"Fribourg, Chaley",46.806281,7.175601,8504622,"Fribourg, Bellevue",46.81092671540513,7.171932726075358,863,113,1.88,136,2.27,OK
2026-02-12 17:00:00,8589141,"Fribourg, Chaley",46.806281,7.175601,8589271,"Fribourg, Schönberg Dunant",46.80542535842347,7.178406780411913,447,90,1.5,89,1.48,OK
2026-02-12 17:00:00,8589141,"Fribourg, Chaley",46.806281,7.175601,8592375,"Fribourg, Guintzet",46.80549,7.140123,5963,876,14.6,954,15.9,OK
2026-02-12 17:00:00,8589141,"Fribourg, Chaley",46.806281,7.175601,8592378,"Villars-sur-Glâne,Jean Paul II",46.803893,7.137545,9369,856,14.27,1005,16.75,OK
2026-02-12 17:00:00,8589141,"Fribourg, Chaley",46.806281,7.175601,8592377,"Villars-sur-Glâne, Hôp. cant.",46.801851,7.13667,9203,814,13.57,987,16.45,OK
2026-02-12 17:00:00,8589141,"Fribourg, Chaley",46.806281,7.175601,8591767,"Fribourg, Route-de-Tavel",46.811223,7.172643,947,128,2.13,149,2.48,OK
2026-02-12 17:00:00,8589141,"Fribourg, Chaley",46.806281,7.175601,8589270,"Fribourg, Kessler",46.812081,7.173246,1053,148,2.47,167,2.78,OK
2026-02-12 17:00:00,8589141,"Fribourg, Chaley",46.806281,7.175601,8589147,"Fribourg, Ploetscha",46.813063,7.173218,1162,161,2.68,182,3.03,OK
2026-02-12 17:00:00,8589152,"Fribourg, Mon-Repos",46.806711,7.172136,8577786,"Villars-sur-Glâne,Villars-Vert",46.798991,7.131395,7874,635,10.58,833,13.88,OK
2026-02-12 17:00:00,8589152,"Fribourg, Mon-Repos",46.806711,7.172136,8577785,"Fribourg, Bertigny",46.8013,7.138046,8704,745,12.42,927,15.45,OK
2026-02-12 17:00:00,8589152,"Fribourg, Mon-Repos",46.806711,7.172136,8504622,"Fribourg, Bellevue",46.81092671540513,7.171932726075358,593,78,1.3,88,1.47,OK
2026-02-12 17:00:00,8589152,"Fribourg, Mon-Repos",46.806711,7.172136,8589271,"Fribourg, Schönberg Dunant",46.80542535842347,7.178406780411913,661,114,1.9,130,2.17,OK
2026-02-12 17:00:00,8589152,"Fribourg, Mon-Repos",46.806711,7.172136,8592375,"Fribourg, Guintzet",46.80549,7.140123,5693,842,14.03,917,15.28,OK
2026-02-12 17:00:00,8589152,"Fribourg, Mon-Repos",46.806711,7.172136,8592378,"Villars-sur-Glâne,Jean Paul II",46.803893,7.137545,9099,821,13.68,979,16.32,OK
2026-02-12 17:00:00,8589152,"Fribourg, Mon-Repos",46.806711,7.172136,8592377,"Villars-sur-Glâne, Hôp. cant.",46.801851,7.13667,8933,779,12.98,953,15.88,OK
2026-02-12 17:00:00,8589152,"Fribourg, Mon-Repos",46.806711,7.172136,8591767,"Fribourg, Route-de-Tavel",46.811223,7.172643,677,93,1.55,106,1.77,OK
2026-02-12 17:00:00,8589152,"Fribourg, Mon-Repos",46.806711,7.172136,8589270,"Fribourg, Kessler",46.812081,7.173246,783,113,1.88,136,2.27,OK
2026-02-12 17:00:00,8589152,"Fribourg, Mon-Repos",46.806711,7.172136,8589147,"Fribourg, Ploetscha",46.813063,7.173218,892,127,2.12,149,2.48,OK
2026-02-12 17:00:00,8589138,"Fribourg, Cité-Jardins",46.809385,7.170446,8577786,"Villars-sur-Glâne,Villars-Vert",46.798991,7.131395,7485,584,9.73,778,12.97,OK
2026-02-12 17:00:00,8589138,"Fribourg, Cité-Jardins",46.809385,7.170446,8577785,"Fribourg, Bertigny",46.8013,7.138046,8315,694,11.57,875,14.58,OK
2026-02-12 17:00:00,8589138,"Fribourg, Cité-Jardins",46.809385,7.170446,8504622,"Fribourg, Bellevue",46.81092671540513,7.171932726075358,204,28,0.47,35,0.58,OK
2026-02-12 17:00:00,8589138,"Fribourg, Cité-Jardins",46.809385,7.170446,8589271,"Fribourg, Schönberg Dunant",46.80542535842347,7.178406780411913,1050,166,2.77,179,2.98,OK
2026-02-12 17:00:00,8589138,"Fribourg, Cité-Jardins",46.809385,7.170446,8592375,"Fribourg, Guintzet",46.80549,7.140123,5304,791,13.18,853,14.22,OK
2026-02-12 17:00:00,8589138,"Fribourg, Cité-Jardins",46.809385,7.170446,8592378,"Villars-sur-Glâne,Jean Paul II",46.803893,7.137545,8710,770,12.83,923,15.38,OK
2026-02-12 17:00:00,8589138,"Fribourg, Cité-Jardins",46.809385,7.170446,8592377,"Villars-sur-Glâne, Hôp. cant.",46.801851,7.13667,8544,729,12.15,903,15.05,OK
2026-02-12 17:00:00,8589138,"Fribourg, Cité-Jardins",46.809385,7.170446,8591767,"Fribourg, Route-de-Tavel",46.811223,7.172643,288,42,0.7,52,0.87,OK
2026-02-12 17:00:00,8589138,"Fribourg, Cité-Jardins",46.809385,7.170446,8589270,"Fribourg, Kessler",46.812081,7.173246,394,62,1.03,73,1.22,OK
2026-02-12 17:00:00,8589138,"Fribourg, Cité-Jardins",46.809385,7.170446,8589147,"Fribourg, Ploetscha",46.813063,7.173218,503,76,1.27,88,1.47,OK
2026-02-12 17:00:00,8591766,"Fribourg, Boschung",46.811451,7.171016,8577786,"Villars-sur-Glâne,Villars-Vert",46.798991,7.131395,7128,532,8.87,715,11.92,OK
2026-02-12 17:00:00,8591766,"Fribourg, Boschung",46.811451,7.171016,8577785,"Fribourg, Bertigny",46.8013,7.138046,7958,642,10.7,816,13.6,OK
2026-02-12 17:00:00,8591766,"Fribourg, Boschung",46.811451,7.171016,8504622,"Fribourg, Bellevue",46.81092671540513,7.171932726075358,111,16,0.27,18,0.3,OK
2026-02-12 17:00:00,8591766,"Fribourg, Boschung",46.811451,7.171016,8589271,"Fribourg, Schönberg Dunant",46.80542535842347,7.178406780411913,1370,211,3.52,232,3.87,OK
2026-02-12 17:00:00,8591766,"Fribourg, Boschung",46.811451,7.171016,8592375,"Fribourg, Guintzet",46.80549,7.140123,4947,738,12.3,795,13.25,OK
2026-02-12 17:00:00,8591766,"Fribourg, Boschung",46.811451,7.171016,8592378,"Villars-sur-Glâne,Jean Paul II",46.803893,7.137545,8353,717,11.95,865,14.42,OK
2026-02-12 17:00:00,8591766,"Fribourg, Boschung",46.811451,7.171016,8592377,"Villars-sur-Glâne, Hôp. cant.",46.801851,7.13667,8188,676,11.27,843,14.05,OK
2026-02-12 17:00:00,8591766,"Fribourg, Boschung",46.811451,7.171016,8591767,"Fribourg, Route-de-Tavel",46.811223,7.172643,145,21,0.35,23,0.38,OK
2026-02-12 17:00:00,8591766,"Fribourg, Boschung",46.811451,7.171016,8589270,"Fribourg, Kessler",46.812081,7.173246,251,41,0.68,43,0.72,OK
2026-02-12 17:00:00,8591766,"Fribourg, Boschung",46.811451,7.171016,8589147,"Fribourg, Ploetscha",46.813063,7.173218,360,54,0.9,59,0.98,OK
2026-02-12 17:00:00,8587255,"Fribourg, Tilleul/Cathédrale",46.80609,7.161261,8577786,"Villars-sur-Glâne,Villars-Vert",46.798991,7.131395,2704,538,8.97,723,12.05,OK
2026-02-12 17:00:00,8587255,"Fribourg, Tilleul/Cathédrale",46.80609,7.161261,8577785,"Fribourg, Bertigny",46.8013,7.138046,2679,533,8.88,628,10.47,OK
2026-02-12 17:00:00,8587255,"Fribourg, Tilleul/Cathédrale",46.80609,7.161261,8504622,"Fribourg, Bellevue",46.81092671540513,7.171932726075358,2886,336,5.6,418,6.97,OK
2026-02-12 17:00:00,8587255,"Fribourg, Tilleul/Cathédrale",46.80609,7.161261,8589271,"Fribourg, Schönberg Dunant",46.80542535842347,7.178406780411913,4144,531,8.85,619,10.32,OK
2026-02-12 17:00:00,8587255,"Fribourg, Tilleul/Cathédrale",46.80609,7.161261,8592375,"Fribourg, Guintzet",46.80549,7.140123,2233,515,8.58,559,9.32,OK
2026-02-12 17:00:00,8587255,"Fribourg, Tilleul/Cathédrale",46.80609,7.161261,8592378,"Villars-sur-Glâne,Jean Paul II",46.803893,7.137545,3073,608,10.13,675,11.25,OK
2026-02-12 17:00:00,8587255,"Fribourg, Tilleul/Cathédrale",46.80609,7.161261,8592377,"Villars-sur-Glâne, Hôp. cant.",46.801851,7.13667,2908,567,9.45,647,10.78,OK
2026-02-12 17:00:00,8587255,"Fribourg, Tilleul/Cathédrale",46.80609,7.161261,8591767,"Fribourg, Route-de-Tavel",46.811223,7.172643,2920,341,5.68,423,7.05,OK
2026-02-12 17:00:00,8587255,"Fribourg, Tilleul/Cathédrale",46.80609,7.161261,8589270,"Fribourg, Kessler",46.812081,7.173246,3026,361,6.02,438,7.3,OK
2026-02-12 17:00:00,8587255,"Fribourg, Tilleul/Cathédrale",46.80609,7.161261,8589147,"Fribourg, Ploetscha",46.813063,7.173218,3135,374,6.23,450,7.5,OK
2026-02-12 17:00:00,8589161,"Fribourg, St-Pierre",46.803911,7.155266,8577786,"Villars-sur-Glâne,Villars-Vert",46.798991,7.131395,2157,422,7.03,622,10.37,OK
2026-02-12 17:00:00,8589161,"Fribourg, St-Pierre",46.803911,7.155266,8577785,"Fribourg, Bertigny",46.8013,7.138046,2132,417,6.95,515,8.58,OK
2026-02-12 17:00:00,8589161,"Fribourg, St-Pierre",46.803911,7.155266,8504622,"Fribourg, Bellevue",46.81092671540513,7.171932726075358,3417,430,7.17,516,8.6,OK
2026-02-12 17:00:00,8589161,"Fribourg, St-Pierre",46.803911,7.155266,8589271,"Fribourg, Schönberg Dunant",46.80542535842347,7.178406780411913,4675,625,10.42,722,12.03,OK
2026-02-12 17:00:00,8589161,"Fribourg, St-Pierre",46.803911,7.155266,8592375,"Fribourg, Guintzet",46.80549,7.140123,1685,400,6.67,432,7.2,OK
2026-02-12 17:00:00,8589161,"Fribourg, St-Pierre",46.803911,7.155266,8592378,"Villars-sur-Glâne,Jean Paul II",46.803893,7.137545,1913,489,8.15,469,7.82,OK
2026-02-12 17:00:00,8589161,"Fribourg, St-Pierre",46.803911,7.155266,8592377,"Villars-sur-Glâne, Hôp. cant.",46.801851,7.13667,2361,452,7.53,542,9.03,OK
2026-02-12 17:00:00,8589161,"Fribourg, St-Pierre",46.803911,7.155266,8591767,"Fribourg, Route-de-Tavel",46.811223,7.172643,3450,435,7.25,522,8.7,OK
2026-02-12 17:00:00,8589161,"Fribourg, St-Pierre",46.803911,7.155266,8589270,"Fribourg, Kessler",46.812081,7.173246,3556,455,7.58,540,9.0,OK
2026-02-12 17:00:00,8589161,"Fribourg, St-Pierre",46.803911,7.155266,8589147,"Fribourg, Ploetscha",46.813063,7.173218,3665,469,7.82,554,9.23,OK
2026-02-12 17:00:00,8592374,"Fribourg/Freiburg, Pl. Gare",46.802898,7.15141,8577786,"Villars-sur-Glâne,Villars-Vert",46.798991,7.131395,2189,441,7.35,633,10.55,OK
2026-02-12 17:00:00,8592374,"Fribourg/Freiburg, Pl. Gare",46.802898,7.15141,8577785,"Fribourg, Bertigny",46.8013,7.138046,2164,436,7.27,541,9.02,OK
2026-02-12 17:00:00,8592374,"Fribourg/Freiburg, Pl. Gare",46.802898,7.15141,8504622,"Fribourg, Bellevue",46.81092671540513,7.171932726075358,3793,542,9.03,644,10.73,OK
2026-02-12 17:00:00,8592374,"Fribourg/Freiburg, Pl. Gare",46.802898,7.15141,8589271,"Fribourg, Schönberg Dunant",46.80542535842347,7.178406780411913,5051,737,12.28,842,14.03,OK
2026-02-12 17:00:00,8592374,"Fribourg/Freiburg, Pl. Gare",46.802898,7.15141,8592375,"Fribourg, Guintzet",46.80549,7.140123,1717,418,6.97,442,7.37,OK
2026-02-12 17:00:00,8592374,"Fribourg/Freiburg, Pl. Gare",46.802898,7.15141,8592378,"Villars-sur-Glâne,Jean Paul II",46.803893,7.137545,1945,508,8.47,480,8.0,OK
2026-02-12 17:00:00,8592374,"Fribourg/Freiburg, Pl. Gare",46.802898,7.15141,8592377,"Villars-sur-Glâne, Hôp. cant.",46.801851,7.13667,2218,566,9.43,527,8.78,OK
2026-02-12 17:00:00,8592374,"Fribourg/Freiburg, Pl. Gare",46.802898,7.15141,8591767,"Fribourg, Route-de-Tavel",46.811223,7.172643,3827,547,9.12,650,10.83,OK
2026-02-12 17:00:00,8592374,"Fribourg/Freiburg, Pl. Gare",46.802898,7.15141,8589270,"Fribourg, Kessler",46.812081,7.173246,3932,567,9.45,667,11.12,OK
2026-02-12 17:00:00,8592374,"Fribourg/Freiburg, Pl. Gare",46.802898,7.15141,8589147,"Fribourg, Ploetscha",46.813063,7.173218,4041,580,9.67,682,11.37,OK
2026-02-12 17:00:00,8589130,"Villars-sur-Glâne, Méridienne",46.794173,7.111828,8577786,"Villars-sur-Glâne,Villars-Vert",46.798991,7.131395,1895,248,4.13,288,4.8,OK
2026-02-12 17:00:00,8589130,"Villars-sur-Glâne, Méridienne",46.794173,7.111828,8577785,"Fribourg, Bertigny",46.8013,7.138046,2726,358,5.97,405,6.75,OK
2026-02-12 17:00:00,8589130,"Villars-sur-Glâne, Méridienne",46.794173,7.111828,8504622,"Fribourg, Bellevue",46.81092671540513,7.171932726075358,8110,627,10.45,751,12.52,OK
2026-02-12 17:00:00,8589130,"Villars-sur-Glâne, Méridienne",46.794173,7.111828,8589271,"Fribourg, Schönberg Dunant",46.80542535842347,7.178406780411913,9368,822,13.7,955,15.92,OK
2026-02-12 17:00:00,8589130,"Villars-sur-Glâne, Méridienne",46.794173,7.111828,8592375,"Fribourg, Guintzet",46.80549,7.140123,3364,507,8.45,518,8.63,OK
2026-02-12 17:00:00,8589130,"Villars-sur-Glâne, Méridienne",46.794173,7.111828,8592378,"Villars-sur-Glâne,Jean Paul II",46.803893,7.137545,3120,433,7.22,456,7.6,OK
2026-02-12 17:00:00,8589130,"Villars-sur-Glâne, Méridienne",46.794173,7.111828,8592377,"Villars-sur-Glâne, Hôp. cant.",46.801851,7.13667,2955,392,6.53,433,7.22,OK
2026-02-12 17:00:00,8589130,"Villars-sur-Glâne, Méridienne",46.794173,7.111828,8591767,"Fribourg, Route-de-Tavel",46.811223,7.172643,8144,632,10.53,758,12.63,OK
2026-02-12 17:00:00,8589130,"Villars-sur-Glâne, Méridienne",46.794173,7.111828,8589270,"Fribourg, Kessler",46.812081,7.173246,8250,652,10.87,777,12.95,OK
2026-02-12 17:00:00,8589130,"Villars-sur-Glâne, Méridienne",46.794173,7.111828,8589147,"Fribourg, Ploetscha",46.813063,7.173218,8359,665,11.08,792,13.2,OK
2026-02-12 17:00:00,8589131,"Villars-sur-Glâne, Moncor",46.79857,7.120788,8577786,"Villars-sur-Glâne,Villars-Vert",46.798991,7.131395,1235,197,3.28,222,3.7,OK
2026-02-12 17:00:00,8589131,"Villars-sur-Glâne, Moncor",46.79857,7.120788,8577785,"Fribourg, Bertigny",46.8013,7.138046,2065,306,5.1,337,5.62,OK
2026-02-12 17:00:00,8589131,"Villars-sur-Glâne, Moncor",46.79857,7.120788,8504622,"Fribourg, Bellevue",46.81092671540513,7.171932726075358,7450,576,9.6,684,11.4,OK
2026-02-12 17:00:00,8589131,"Villars-sur-Glâne, Moncor",46.79857,7.120788,8589271,"Fribourg, Schönberg Dunant",46.80542535842347,7.178406780411913,8708,771,12.85,886,14.77,OK
2026-02-12 17:00:00,8589131,"Villars-sur-Glâne, Moncor",46.79857,7.120788,8592375,"Fribourg, Guintzet",46.80549,7.140123,2704,456,7.6,452,7.53,OK
2026-02-12 17:00:00,8589131,"Villars-sur-Glâne, Moncor",46.79857,7.120788,8592378,"Villars-sur-Glâne,Jean Paul II",46.803893,7.137545,2460,382,6.37,391,6.52,OK
2026-02-12 17:00:00,8589131,"Villars-sur-Glâne, Moncor",46.79857,7.120788,8592377,"Villars-sur-Glâne, Hôp. cant.",46.801851,7.13667,2295,341,5.68,366,6.1,OK
2026-02-12 17:00:00,8589131,"Villars-sur-Glâne, Moncor",46.79857,7.120788,8591767,"Fribourg, Route-de-Tavel",46.811223,7.172643,7484,581,9.68,690,11.5,OK
2026-02-12 17:00:00,8589131,"Villars-sur-Glâne, Moncor",46.79857,7.120788,8589270,"Fribourg, Kessler",46.812081,7.173246,7589,601,10.02,708,11.8,OK
2026-02-12 17:00:00,8589131,"Villars-sur-Glâne, Moncor",46.79857,7.120788,8589147,"Fribourg, Ploetscha",46.813063,7.173218,7698,614,10.23,720,12.0,OK
2026-02-12 17:00:00,8588344,"Villars-sur-Glâne, Belle-Croix",46.800233,7.125455,8577786,"Villars-sur-Glâne,Villars-Vert",46.798991,7.131395,1261,229,3.82,222,3.7,OK
2026-02-12 17:00:00,8588344,"Villars-sur-Glâne, Belle-Croix",46.800233,7.125455,8577785,"Fribourg, Bertigny",46.8013,7.138046,2091,339,5.65,342,5.7,OK
2026-02-12 17:00:00,8588344,"Villars-sur-Glâne, Belle-Croix",46.800233,7.125455,8504622,"Fribourg, Bellevue",46.81092671540513,7.171932726075358,7475,608,10.13,693,11.55,OK
2026-02-12 17:00:00,8588344,"Villars-sur-Glâne, Belle-Croix",46.800233,7.125455,8589271,"Fribourg, Schönberg Dunant",46.80542535842347,7.178406780411913,8733,803,13.38,884,14.73,OK
2026-02-12 17:00:00,8588344,"Villars-sur-Glâne, Belle-Croix",46.800233,7.125455,8592375,"Fribourg, Guintzet",46.80549,7.140123,2729,488,8.13,461,7.68,OK
2026-02-12 17:00:00,8588344,"Villars-sur-Glâne, Belle-Croix",46.800233,7.125455,8592378,"Villars-sur-Glâne,Jean Paul II",46.803893,7.137545,2486,414,6.9,395,6.58,OK
2026-02-12 17:00:00,8588344,"Villars-sur-Glâne, Belle-Croix",46.800233,7.125455,8592377,"Villars-sur-Glâne, Hôp. cant.",46.801851,7.13667,2320,373,6.22,375,6.25,OK
2026-02-12 17:00:00,8588344,"Villars-sur-Glâne, Belle-Croix",46.800233,7.125455,8591767,"Fribourg, Route-de-Tavel",46.811223,7.172643,7509,613,10.22,699,11.65,OK
2026-02-12 17:00:00,8588344,"Villars-sur-Glâne, Belle-Croix",46.800233,7.125455,8589270,"Fribourg, Kessler",46.812081,7.173246,7615,633,10.55,714,11.9,OK
2026-02-12 17:00:00,8588344,"Villars-sur-Glâne, Belle-Croix",46.800233,7.125455,8589147,"Fribourg, Ploetscha",46.813063,7.173218,7724,647,10.78,726,12.1,OK
2026-02-12 17:00:00,8589141,"Fribourg, Chaley",46.806281,7.175601,8589158,"Fribourg, Windig",46.816016,7.17397,1663,212,3.53,243,4.05,OK
2026-02-12 17:00:00,8589141,"Fribourg, Chaley",46.806281,7.175601,8587356,"Fribourg, Pont-Zaehringen",46.807676,7.168025,1115,188,3.13,173,2.88,OK
2026-02-12 17:00:00,8589141,"Fribourg, Chaley",46.806281,7.175601,8577741,"Fribourg, Charmettes",46.794961,7.157548,8825,867,14.45,878,14.63,OK
2026-02-12 17:00:00,8589141,"Fribourg, Chaley",46.806281,7.175601,8589154,"Fribourg, Industrie",46.796508,7.155301,9023,908,15.13,920,15.33,OK
2026-02-12 17:00:00,8589141,"Fribourg, Chaley",46.806281,7.175601,8588858,"Fribourg, J. Vogt",46.798348,7.153271,9281,956,15.93,976,16.27,OK
2026-02-12 17:00:00,8589141,"Fribourg, Chaley",46.806281,7.175601,8589155,"Fribourg, Fries",46.800675,7.152251,5022,877,14.62,879,14.65,OK
2026-02-12 17:00:00,8589141,"Fribourg, Chaley",46.806281,7.175601,8588351,"Fribourg, Gambach",46.806306,7.15117,4472,562,9.37,642,10.7,OK
2026-02-12 17:00:00,8589141,"Fribourg, Chaley",46.806281,7.175601,8577820,"Fribourg, Vuille",46.80954879023868,7.146038655217258,3928,474,7.9,557,9.28,OK
2026-02-12 17:00:00,8589141,"Fribourg, Chaley",46.806281,7.175601,8587238,"Givisiez, Mont Carmel",46.81181330912885,7.136875253157107,4774,601,10.02,747,12.45,OK
2026-02-12 17:00:00,8589152,"Fribourg, Mon-Repos",46.806711,7.172136,8589158,"Fribourg, Windig",46.816016,7.17397,1393,177,2.95,206,3.43,OK
2026-02-12 17:00:00,8589152,"Fribourg, Mon-Repos",46.806711,7.172136,8587356,"Fribourg, Pont-Zaehringen",46.807676,7.168025,845,154,2.57,140,2.33,OK
2026-02-12 17:00:00,8589152,"Fribourg, Mon-Repos",46.806711,7.172136,8577741,"Fribourg, Charmettes",46.794961,7.157548,8556,832,13.87,846,14.1,OK
2026-02-12 17:00:00,8589152,"Fribourg, Mon-Repos",46.806711,7.172136,8589154,"Fribourg, Industrie",46.796508,7.155301,8753,873,14.55,891,14.85,OK
2026-02-12 17:00:00,8589152,"Fribourg, Mon-Repos",46.806711,7.172136,8588858,"Fribourg, J. Vogt",46.798348,7.153271,9011,921,15.35,947,15.78,OK
2026-02-12 17:00:00,8589152,"Fribourg, Mon-Repos",46.806711,7.172136,8589155,"Fribourg, Fries",46.800675,7.152251,4752,842,14.03,843,14.05,OK
2026-02-12 17:00:00,8589152,"Fribourg, Mon-Repos",46.806711,7.172136,8588351,"Fribourg, Gambach",46.806306,7.15117,4202,527,8.78,608,10.13,OK
2026-02-12 17:00:00,8589152,"Fribourg, Mon-Repos",46.806711,7.172136,8577820,"Fribourg, Vuille",46.80954879023868,7.146038655217258,3658,439,7.32,526,8.77,OK
2026-02-12 17:00:00,8589152,"Fribourg, Mon-Repos",46.806711,7.172136,8587238,"Givisiez, Mont Carmel",46.81181330912885,7.136875253157107,4505,566,9.43,716,11.93,OK
2026-02-12 17:00:00,8589138,"Fribourg, Cité-Jardins",46.809385,7.170446,8589158,"Fribourg, Windig",46.816016,7.17397,1004,126,2.1,148,2.47,OK
2026-02-12 17:00:00,8589138,"Fribourg, Cité-Jardins",46.809385,7.170446,8587356,"Fribourg, Pont-Zaehringen",46.807676,7.168025,1084,144,2.4,171,2.85,OK
2026-02-12 17:00:00,8589138,"Fribourg, Cité-Jardins",46.809385,7.170446,8577741,"Fribourg, Charmettes",46.794961,7.157548,8687,845,14.08,868,14.47,OK
2026-02-12 17:00:00,8589138,"Fribourg, Cité-Jardins",46.809385,7.170446,8589154,"Fribourg, Industrie",46.796508,7.155301,8884,886,14.77,915,15.25,OK
2026-02-12 17:00:00,8589138,"Fribourg, Cité-Jardins",46.809385,7.170446,8588858,"Fribourg, J. Vogt",46.798348,7.153271,5309,747,12.45,891,14.85,OK
2026-02-12 17:00:00,8589138,"Fribourg, Cité-Jardins",46.809385,7.170446,8589155,"Fribourg, Fries",46.800675,7.152251,4363,791,13.18,789,13.15,OK
2026-02-12 17:00:00,8589138,"Fribourg, Cité-Jardins",46.809385,7.170446,8588351,"Fribourg, Gambach",46.806306,7.15117,3813,476,7.93,554,9.23,OK
2026-02-12 17:00:00,8589138,"Fribourg, Cité-Jardins",46.809385,7.170446,8577820,"Fribourg, Vuille",46.80954879023868,7.146038655217258,3269,388,6.47,471,7.85,OK
2026-02-12 17:00:00,8589138,"Fribourg, Cité-Jardins",46.809385,7.170446,8587238,"Givisiez, Mont Carmel",46.81181330912885,7.136875253157107,4116,515,8.58,660,11.0,OK
2026-02-12 17:00:00,8591766,"Fribourg, Boschung",46.811451,7.171016,8589158,"Fribourg, Windig",46.816016,7.17397,861,105,1.75,112,1.87,OK
2026-02-12 17:00:00,8591766,"Fribourg, Boschung",46.811451,7.171016,8587356,"Fribourg, Pont-Zaehringen",46.807676,7.168025,727,91,1.52,105,1.75,OK
2026-02-12 17:00:00,8591766,"Fribourg, Boschung",46.811451,7.171016,8577741,"Fribourg, Charmettes",46.794961,7.157548,8772,828,13.8,879,14.65,OK
2026-02-12 17:00:00,8591766,"Fribourg, Boschung",46.811451,7.171016,8589154,"Fribourg, Industrie",46.796508,7.155301,8970,869,14.48,917,15.28,OK
2026-02-12 17:00:00,8591766,"Fribourg, Boschung",46.811451,7.171016,8588858,"Fribourg, J. Vogt",46.798348,7.153271,4953,694,11.57,827,13.78,OK
2026-02-12 17:00:00,8591766,"Fribourg, Boschung",46.811451,7.171016,8589155,"Fribourg, Fries",46.800675,7.152251,4006,739,12.32,732,12.2,OK
2026-02-12 17:00:00,8591766,"Fribourg, Boschung",46.811451,7.171016,8588351,"Fribourg, Gambach",46.806306,7.15117,3456,424,7.07,491,8.18,OK
2026-02-12 17:00:00,8591766,"Fribourg, Boschung",46.811451,7.171016,8577820,"Fribourg, Vuille",46.80954879023868,7.146038655217258,2912,336,5.6,411,6.85,OK
2026-02-12 17:00:00,8591766,"Fribourg, Boschung",46.811451,7.171016,8587238,"Givisiez, Mont Carmel",46.81181330912885,7.136875253157107,3759,463,7.72,595,9.92,OK
2026-02-12 17:00:00,8587255,"Fribourg, Tilleul/Cathédrale",46.80609,7.161261,8589158,"Fribourg, Windig",46.816016,7.17397,3636,425,7.08,516,8.6,OK
2026-02-12 17:00:00,8587255,"Fribourg, Tilleul/Cathédrale",46.80609,7.161261,8587356,"Fribourg, Pont-Zaehringen",46.807676,7.168025,3237,370,6.17,457,7.62,OK
2026-02-12 17:00:00,8587255,"Fribourg, Tilleul/Cathédrale",46.80609,7.161261,8577741,"Fribourg, Charmettes",46.794961,7.157548,2841,540,9.0,707,11.78,OK
2026-02-12 17:00:00,8587255,"Fribourg, Tilleul/Cathédrale",46.80609,7.161261,8589154,"Fribourg, Industrie",46.796508,7.155301,3038,581,9.68,747,12.45,OK
2026-02-12 17:00:00,8587255,"Fribourg, Tilleul/Cathédrale",46.80609,7.161261,8588858,"Fribourg, J. Vogt",46.798348,7.153271,2238,471,7.85,594,9.9,OK
2026-02-12 17:00:00,8587255,"Fribourg, Tilleul/Cathédrale",46.80609,7.161261,8589155,"Fribourg, Fries",46.800675,7.152251,2298,485,8.08,627,10.45,OK
2026-02-12 17:00:00,8587255,"Fribourg, Tilleul/Cathédrale",46.80609,7.161261,8588351,"Fribourg, Gambach",46.806306,7.15117,1259,265,4.42,293,4.88,OK
2026-02-12 17:00:00,8587255,"Fribourg, Tilleul/Cathédrale",46.80609,7.161261,8577820,"Fribourg, Vuille",46.80954879023868,7.146038655217258,1515,315,5.25,402,6.7,OK
2026-02-12 17:00:00,8587255,"Fribourg, Tilleul/Cathédrale",46.80609,7.161261,8587238,"Givisiez, Mont Carmel",46.81181330912885,7.136875253157107,2361,442,7.37,589,9.82,OK
2026-02-12 17:00:00,8589161,"Fribourg, St-Pierre",46.803911,7.155266,8589158,"Fribourg, Windig",46.816016,7.17397,4166,519,8.65,618,10.3,OK
2026-02-12 17:00:00,8589161,"Fribourg, St-Pierre",46.803911,7.155266,8587356,"Fribourg, Pont-Zaehringen",46.807676,7.168025,3767,464,7.73,558,9.3,OK
2026-02-12 17:00:00,8589161,"Fribourg, St-Pierre",46.803911,7.155266,8577741,"Fribourg, Charmettes",46.794961,7.157548,2294,425,7.08,587,9.78,OK
2026-02-12 17:00:00,8589161,"Fribourg, St-Pierre",46.803911,7.155266,8589154,"Fribourg, Industrie",46.796508,7.155301,2491,466,7.77,631,10.52,OK
2026-02-12 17:00:00,8589161,"Fribourg, St-Pierre",46.803911,7.155266,8588858,"Fribourg, J. Vogt",46.798348,7.153271,1691,356,5.93,465,7.75,OK
2026-02-12 17:00:00,8589161,"Fribourg, St-Pierre",46.803911,7.155266,8589155,"Fribourg, Fries",46.800675,7.152251,1751,370,6.17,493,8.22,OK
2026-02-12 17:00:00,8589161,"Fribourg, St-Pierre",46.803911,7.155266,8588351,"Fribourg, Gambach",46.806306,7.15117,587,153,2.55,208,3.47,OK
2026-02-12 17:00:00,8589161,"Fribourg, St-Pierre",46.803911,7.155266,8577820,"Fribourg, Vuille",46.80954879023868,7.146038655217258,1155,236,3.93,328,5.47,OK
2026-02-12 17:00:00,8589161,"Fribourg, St-Pierre",46.803911,7.155266,8587238,"Givisiez, Mont Carmel",46.81181330912885,7.136875253157107,1999,380,6.33,529,8.82,OK
2026-02-12 17:00:00,8592374,"Fribourg/Freiburg, Pl. Gare",46.802898,7.15141,8589158,"Fribourg, Windig",46.816016,7.17397,4542,631,10.52,756,12.6,OK
2026-02-12 17:00:00,8592374,"Fribourg/Freiburg, Pl. Gare",46.802898,7.15141,8587356,"Fribourg, Pont-Zaehringen",46.807676,7.168025,4143,576,9.6,680,11.33,OK
2026-02-12 17:00:00,8592374,"Fribourg/Freiburg, Pl. Gare",46.802898,7.15141,8577741,"Fribourg, Charmettes",46.794961,7.157548,2326,443,7.38,609,10.15,OK
2026-02-12 17:00:00,8592374,"Fribourg/Freiburg, Pl. Gare",46.802898,7.15141,8589154,"Fribourg, Industrie",46.796508,7.155301,2523,484,8.07,649,10.82,OK
2026-02-12 17:00:00,8592374,"Fribourg/Freiburg, Pl. Gare",46.802898,7.15141,8588858,"Fribourg, J. Vogt",46.798348,7.153271,1723,374,6.23,485,8.08,OK
2026-02-12 17:00:00,8592374,"Fribourg/Freiburg, Pl. Gare",46.802898,7.15141,8589155,"Fribourg, Fries",46.800675,7.152251,1783,388,6.47,520,8.67,OK
2026-02-12 17:00:00,8592374,"Fribourg/Freiburg, Pl. Gare",46.802898,7.15141,8588351,"Fribourg, Gambach",46.806306,7.15117,619,171,2.85,223,3.72,OK
2026-02-12 17:00:00,8592374,"Fribourg/Freiburg, Pl. Gare",46.802898,7.15141,8577820,"Fribourg, Vuille",46.80954879023868,7.146038655217258,1187,255,4.25,349,5.82,OK
2026-02-12 17:00:00,8592374,"Fribourg/Freiburg, Pl. Gare",46.802898,7.15141,8587238,"Givisiez, Mont Carmel",46.81181330912885,7.136875253157107,2034,382,6.37,544,9.07,OK
2026-02-12 17:00:00,8589130,"Villars-sur-Glâne, Méridienne",46.794173,7.111828,8589158,"Fribourg, Windig",46.816016,7.17397,8860,716,11.93,843,14.05,OK
2026-02-12 17:00:00,8589130,"Villars-sur-Glâne, Méridienne",46.794173,7.111828,8587356,"Fribourg, Pont-Zaehringen",46.807676,7.168025,8460,661,11.02,788,13.13,OK
2026-02-12 17:00:00,8589130,"Villars-sur-Glâne, Méridienne",46.794173,7.111828,8577741,"Fribourg, Charmettes",46.794961,7.157548,4824,591,9.85,803,13.38,OK
2026-02-12 17:00:00,8589130,"Villars-sur-Glâne, Méridienne",46.794173,7.111828,8589154,"Fribourg, Industrie",46.796508,7.155301,5022,631,10.52,846,14.1,OK
2026-02-12 17:00:00,8589130,"Villars-sur-Glâne, Méridienne",46.794173,7.111828,8588858,"Fribourg, J. Vogt",46.798348,7.153271,4321,660,11.0,789,13.15,OK
2026-02-12 17:00:00,8589130,"Villars-sur-Glâne, Méridienne",46.794173,7.111828,8589155,"Fribourg, Fries",46.800675,7.152251,4690,639,10.65,771,12.85,OK
2026-02-12 17:00:00,8589130,"Villars-sur-Glâne, Méridienne",46.794173,7.111828,8588351,"Fribourg, Gambach",46.806306,7.15117,3839,560,9.33,666,11.1,OK
2026-02-12 17:00:00,8589130,"Villars-sur-Glâne, Méridienne",46.794173,7.111828,8577820,"Fribourg, Vuille",46.80954879023868,7.146038655217258,4550,510,8.5,579,9.65,OK
2026-02-12 17:00:00,8589130,"Villars-sur-Glâne, Méridienne",46.794173,7.111828,8587238,"Givisiez, Mont Carmel",46.81181330912885,7.136875253157107,3751,379,6.32,432,7.2,OK
2026-02-12 17:00:00,8589131,"Villars-sur-Glâne, Moncor",46.79857,7.120788,8589158,"Fribourg, Windig",46.816016,7.17397,8199,665,11.08,770,12.83,OK
2026-02-12 17:00:00,8589131,"Villars-sur-Glâne, Moncor",46.79857,7.120788,8587356,"Fribourg, Pont-Zaehringen",46.807676,7.168025,7800,610,10.17,721,12.02,OK
2026-02-12 17:00:00,8589131,"Villars-sur-Glâne, Moncor",46.79857,7.120788,8577741,"Fribourg, Charmettes",46.794961,7.157548,4164,540,9.0,739,12.32,OK
2026-02-12 17:00:00,8589131,"Villars-sur-Glâne, Moncor",46.79857,7.120788,8589154,"Fribourg, Industrie",46.796508,7.155301,4362,580,9.67,784,13.07,OK
2026-02-12 17:00:00,8589131,"Villars-sur-Glâne, Moncor",46.79857,7.120788,8588858,"Fribourg, J. Vogt",46.798348,7.153271,3661,608,10.13,715,11.92,OK
2026-02-12 17:00:00,8589131,"Villars-sur-Glâne, Moncor",46.79857,7.120788,8589155,"Fribourg, Fries",46.800675,7.152251,4029,588,9.8,697,11.62,OK
2026-02-12 17:00:00,8589131,"Villars-sur-Glâne, Moncor",46.79857,7.120788,8588351,"Fribourg, Gambach",46.806306,7.15117,3179,509,8.48,597,9.95,OK
2026-02-12 17:00:00,8589131,"Villars-sur-Glâne, Moncor",46.79857,7.120788,8577820,"Fribourg, Vuille",46.80954879023868,7.146038655217258,3889,459,7.65,508,8.47,OK
2026-02-12 17:00:00,8589131,"Villars-sur-Glâne, Moncor",46.79857,7.120788,8587238,"Givisiez, Mont Carmel",46.81181330912885,7.136875253157107,3091,328,5.47,356,5.93,OK
2026-02-12 17:00:00,8588344,"Villars-sur-Glâne, Belle-Croix",46.800233,7.125455,8589158,"Fribourg, Windig",46.816016,7.17397,8225,697,11.62,776,12.93,OK
2026-02-12 17:00:00,8588344,"Villars-sur-Glâne, Belle-Croix",46.800233,7.125455,8587356,"Fribourg, Pont-Zaehringen",46.807676,7.168025,7826,642,10.7,731,12.18,OK
2026-02-12 17:00:00,8588344,"Villars-sur-Glâne, Belle-Croix",46.800233,7.125455,8577741,"Fribourg, Charmettes",46.794961,7.157548,4190,572,9.53,735,12.25,OK
2026-02-12 17:00:00,8588344,"Villars-sur-Glâne, Belle-Croix",46.800233,7.125455,8589154,"Fribourg, Industrie",46.796508,7.155301,4387,613,10.22,781,13.02,OK
2026-02-12 17:00:00,8588344,"Villars-sur-Glâne, Belle-Croix",46.800233,7.125455,8588858,"Fribourg, J. Vogt",46.798348,7.153271,3686,641,10.68,718,11.97,OK
2026-02-12 17:00:00,8588344,"Villars-sur-Glâne, Belle-Croix",46.800233,7.125455,8589155,"Fribourg, Fries",46.800675,7.152251,4055,620,10.33,700,11.67,OK
2026-02-12 17:00:00,8588344,"Villars-sur-Glâne, Belle-Croix",46.800233,7.125455,8588351,"Fribourg, Gambach",46.806306,7.15117,3204,541,9.02,602,10.03,OK
2026-02-12 17:00:00,8588344,"Villars-sur-Glâne, Belle-Croix",46.800233,7.125455,8577820,"Fribourg, Vuille",46.80954879023868,7.146038655217258,3915,491,8.18,515,8.58,OK
2026-02-12 17:00:00,8588344,"Villars-sur-Glâne, Belle-Croix",46.800233,7.125455,8587238,"Givisiez, Mont Carmel",46.81181330912885,7.136875253157107,3117,360,6.0,373,6.22,OK
2026-02-12 17:00:00,8577786,"Villars-sur-Glâne,Villars-Vert",46.798991,7.131395,8589141,"Fribourg, Chaley",46.806281,7.175601,7704,586,9.77,758,12.63,OK
2026-02-12 17:00:00,8577786,"Villars-sur-Glâne,Villars-Vert",46.798991,7.131395,8589152,"Fribourg, Mon-Repos",46.806711,7.172136,7421,545,9.08,704,11.73,OK
2026-02-12 17:00:00,8577786,"Villars-sur-Glâne,Villars-Vert",46.798991,7.131395,8589138,"Fribourg, Cité-Jardins",46.809385,7.170446,7032,493,8.22,647,10.78,OK
2026-02-12 17:00:00,8577786,"Villars-sur-Glâne,Villars-Vert",46.798991,7.131395,8591766,"Fribourg, Boschung",46.811451,7.171016,6713,448,7.47,601,10.02,OK
2026-02-12 17:00:00,8577786,"Villars-sur-Glâne,Villars-Vert",46.798991,7.131395,8587255,"Fribourg, Tilleul/Cathédrale",46.80609,7.161261,2726,495,8.25,591,9.85,OK
2026-02-12 17:00:00,8577786,"Villars-sur-Glâne,Villars-Vert",46.798991,7.131395,8589161,"Fribourg, St-Pierre",46.803911,7.155266,2196,400,6.67,484,8.07,OK
2026-02-12 17:00:00,8577786,"Villars-sur-Glâne,Villars-Vert",46.798991,7.131395,8592374,"Fribourg/Freiburg, Pl. Gare",46.802898,7.15141,2170,419,6.98,505,8.42,OK
2026-02-12 17:00:00,8577786,"Villars-sur-Glâne,Villars-Vert",46.798991,7.131395,8589130,"Villars-sur-Glâne, Méridienne",46.794173,7.111828,1924,236,3.93,310,5.17,OK
2026-02-12 17:00:00,8577786,"Villars-sur-Glâne,Villars-Vert",46.798991,7.131395,8589131,"Villars-sur-Glâne, Moncor",46.79857,7.120788,939,128,2.13,196,3.27,OK
2026-02-12 17:00:00,8577786,"Villars-sur-Glâne,Villars-Vert",46.798991,7.131395,8588344,"Villars-sur-Glâne, Belle-Croix",46.800233,7.125455,823,151,2.52,196,3.27,OK
2026-02-12 17:00:00,8577785,"Fribourg, Bertigny",46.8013,7.138046,8589141,"Fribourg, Chaley",46.806281,7.175601,8544,711,11.85,966,16.1,OK
2026-02-12 17:00:00,8577785,"Fribourg, Bertigny",46.8013,7.138046,8589152,"Fribourg, Mon-Repos",46.806711,7.172136,8260,671,11.18,917,15.28,OK
2026-02-12 17:00:00,8577785,"Fribourg, Bertigny",46.8013,7.138046,8589138,"Fribourg, Cité-Jardins",46.809385,7.170446,7871,618,10.3,861,14.35,OK
2026-02-12 17:00:00,8577785,"Fribourg, Bertigny",46.8013,7.138046,8591766,"Fribourg, Boschung",46.811451,7.171016,7552,573,9.55,814,13.57,OK
2026-02-12 17:00:00,8577785,"Fribourg, Bertigny",46.8013,7.138046,8587255,"Fribourg, Tilleul/Cathédrale",46.80609,7.161261,2699,498,8.3,579,9.65,OK
2026-02-12 17:00:00,8577785,"Fribourg, Bertigny",46.8013,7.138046,8589161,"Fribourg, St-Pierre",46.803911,7.155266,2169,404,6.73,468,7.8,OK
2026-02-12 17:00:00,8577785,"Fribourg, Bertigny",46.8013,7.138046,8592374,"Fribourg/Freiburg, Pl. Gare",46.802898,7.15141,2143,423,7.05,490,8.17,OK
2026-02-12 17:00:00,8577785,"Fribourg, Bertigny",46.8013,7.138046,8589130,"Villars-sur-Glâne, Méridienne",46.794173,7.111828,2763,361,6.02,539,8.98,OK
2026-02-12 17:00:00,8577785,"Fribourg, Bertigny",46.8013,7.138046,8589131,"Villars-sur-Glâne, Moncor",46.79857,7.120788,1778,253,4.22,426,7.1,OK
2026-02-12 17:00:00,8577785,"Fribourg, Bertigny",46.8013,7.138046,8588344,"Villars-sur-Glâne, Belle-Croix",46.800233,7.125455,1662,276,4.6,429,7.15,OK
2026-02-12 17:00:00,8504622,"Fribourg, Bellevue",46.81092671540513,7.171932726075358,8589141,"Fribourg, Chaley",46.806281,7.175601,876,121,2.02,145,2.42,OK
2026-02-12 17:00:00,8504622,"Fribourg, Bellevue",46.81092671540513,7.171932726075358,8589152,"Fribourg, Mon-Repos",46.806711,7.172136,593,81,1.35,90,1.5,OK
2026-02-12 17:00:00,8504622,"Fribourg, Bellevue",46.81092671540513,7.171932726075358,8589138,"Fribourg, Cité-Jardins",46.809385,7.170446,204,28,0.47,35,0.58,OK
2026-02-12 17:00:00,8504622,"Fribourg, Bellevue",46.81092671540513,7.171932726075358,8591766,"Fribourg, Boschung",46.811451,7.171016,147,24,0.4,28,0.47,OK
2026-02-12 17:00:00,8504622,"Fribourg, Bellevue",46.81092671540513,7.171932726075358,8587255,"Fribourg, Tilleul/Cathédrale",46.80609,7.161261,2921,331,5.52,374,6.23,OK
2026-02-12 17:00:00,8504622,"Fribourg, Bellevue",46.81092671540513,7.171932726075358,8589161,"Fribourg, St-Pierre",46.803911,7.155266,3469,446,7.43,493,8.22,OK
2026-02-12 17:00:00,8504622,"Fribourg, Bellevue",46.81092671540513,7.171932726075358,8592374,"Fribourg/Freiburg, Pl. Gare",46.802898,7.15141,3852,581,9.68,641,10.68,OK
2026-02-12 17:00:00,8504622,"Fribourg, Bellevue",46.81092671540513,7.171932726075358,8589130,"Villars-sur-Glâne, Méridienne",46.794173,7.111828,8496,693,11.55,882,14.7,OK
2026-02-12 17:00:00,8504622,"Fribourg, Bellevue",46.81092671540513,7.171932726075358,8589131,"Villars-sur-Glâne, Moncor",46.79857,7.120788,7511,585,9.75,768,12.8,OK
2026-02-12 17:00:00,8504622,"Fribourg, Bellevue",46.81092671540513,7.171932726075358,8588344,"Villars-sur-Glâne, Belle-Croix",46.800233,7.125455,7395,608,10.13,771,12.85,OK
2026-02-12 17:00:00,8589271,"Fribourg, Schönberg Dunant",46.80542535842347,7.178406780411913,8589141,"Fribourg, Chaley",46.806281,7.175601,433,146,2.43,145,2.42,OK
2026-02-12 17:00:00,8589271,"Fribourg, Schönberg Dunant",46.80542535842347,7.178406780411913,8589152,"Fribourg, Mon-Repos",46.806711,7.172136,705,181,3.02,153,2.55,OK
2026-02-12 17:00:00,8589271,"Fribourg, Schönberg Dunant",46.80542535842347,7.178406780411913,8589138,"Fribourg, Cité-Jardins",46.809385,7.170446,1094,232,3.87,207,3.45,OK
2026-02-12 17:00:00,8589271,"Fribourg, Schönberg Dunant",46.80542535842347,7.178406780411913,8591766,"Fribourg, Boschung",46.811451,7.171016,1449,284,4.73,268,4.47,OK
2026-02-12 17:00:00,8589271,"Fribourg, Schönberg Dunant",46.80542535842347,7.178406780411913,8587255,"Fribourg, Tilleul/Cathédrale",46.80609,7.161261,4224,592,9.87,598,9.97,OK
2026-02-12 17:00:00,8589271,"Fribourg, Schönberg Dunant",46.80542535842347,7.178406780411913,8589161,"Fribourg, St-Pierre",46.803911,7.155266,4771,707,11.78,709,11.82,OK
2026-02-12 17:00:00,8589271,"Fribourg, Schönberg Dunant",46.80542535842347,7.178406780411913,8592374,"Fribourg/Freiburg, Pl. Gare",46.802898,7.15141,5155,841,14.02,851,14.18,OK
2026-02-12 17:00:00,8589271,"Fribourg, Schönberg Dunant",46.80542535842347,7.178406780411913,8589130,"Villars-sur-Glâne, Méridienne",46.794173,7.111828,9798,954,15.9,1087,18.12,OK
2026-02-12 17:00:00,8589271,"Fribourg, Schönberg Dunant",46.80542535842347,7.178406780411913,8589131,"Villars-sur-Glâne, Moncor",46.79857,7.120788,8813,846,14.1,979,16.32,OK
2026-02-12 17:00:00,8589271,"Fribourg, Schönberg Dunant",46.80542535842347,7.178406780411913,8588344,"Villars-sur-Glâne, Belle-Croix",46.800233,7.125455,8697,869,14.48,974,16.23,OK
2026-02-12 17:00:00,8592375,"Fribourg, Guintzet",46.80549,7.140123,8589141,"Fribourg, Chaley",46.806281,7.175601,6025,850,14.17,990,16.5,OK
2026-02-12 17:00:00,8592375,"Fribourg, Guintzet",46.80549,7.140123,8589152,"Fribourg, Mon-Repos",46.806711,7.172136,5742,809,13.48,942,15.7,OK
2026-02-12 17:00:00,8592375,"Fribourg, Guintzet",46.80549,7.140123,8589138,"Fribourg, Cité-Jardins",46.809385,7.170446,5353,757,12.62,886,14.77,OK
2026-02-12 17:00:00,8592375,"Fribourg, Guintzet",46.80549,7.140123,8591766,"Fribourg, Boschung",46.811451,7.171016,5034,712,11.87,835,13.92,OK
2026-02-12 17:00:00,8592375,"Fribourg, Guintzet",46.80549,7.140123,8587255,"Fribourg, Tilleul/Cathédrale",46.80609,7.161261,2399,466,7.77,503,8.38,OK
2026-02-12 17:00:00,8592375,"Fribourg, Guintzet",46.80549,7.140123,8589161,"Fribourg, St-Pierre",46.803911,7.155266,1869,372,6.2,397,6.62,OK
2026-02-12 17:00:00,8592375,"Fribourg, Guintzet",46.80549,7.140123,8592374,"Fribourg/Freiburg, Pl. Gare",46.802898,7.15141,1844,391,6.52,420,7.0,OK
2026-02-12 17:00:00,8592375,"Fribourg, Guintzet",46.80549,7.140123,8589130,"Villars-sur-Glâne, Méridienne",46.794173,7.111828,3472,525,8.75,656,10.93,OK
2026-02-12 17:00:00,8592375,"Fribourg, Guintzet",46.80549,7.140123,8589131,"Villars-sur-Glâne, Moncor",46.79857,7.120788,2486,416,6.93,542,9.03,OK
2026-02-12 17:00:00,8592375,"Fribourg, Guintzet",46.80549,7.140123,8588344,"Villars-sur-Glâne, Belle-Croix",46.800233,7.125455,2370,439,7.32,543,9.05,OK
2026-02-12 17:00:00,8592378,"Villars-sur-Glâne,Jean Paul II",46.803893,7.137545,8589141,"Fribourg, Chaley",46.806281,7.175601,8960,770,12.83,1014,16.9,OK
2026-02-12 17:00:00,8592378,"Villars-sur-Glâne,Jean Paul II",46.803893,7.137545,8589152,"Fribourg, Mon-Repos",46.806711,7.172136,8676,729,12.15,968,16.13,OK
2026-02-12 17:00:00,8592378,"Villars-sur-Glâne,Jean Paul II",46.803893,7.137545,8589138,"Fribourg, Cité-Jardins",46.809385,7.170446,8287,677,11.28,911,15.18,OK
2026-02-12 17:00:00,8592378,"Villars-sur-Glâne,Jean Paul II",46.803893,7.137545,8591766,"Fribourg, Boschung",46.811451,7.171016,7968,632,10.53,864,14.4,OK
2026-02-12 17:00:00,8592378,"Villars-sur-Glâne,Jean Paul II",46.803893,7.137545,8587255,"Fribourg, Tilleul/Cathédrale",46.80609,7.161261,2627,524,8.73,528,8.8,OK
2026-02-12 17:00:00,8592378,"Villars-sur-Glâne,Jean Paul II",46.803893,7.137545,8589161,"Fribourg, St-Pierre",46.803911,7.155266,2097,429,7.15,428,7.13,OK
2026-02-12 17:00:00,8592378,"Villars-sur-Glâne,Jean Paul II",46.803893,7.137545,8592374,"Fribourg/Freiburg, Pl. Gare",46.802898,7.15141,2072,448,7.47,444,7.4,OK
2026-02-12 17:00:00,8592378,"Villars-sur-Glâne,Jean Paul II",46.803893,7.137545,8589130,"Villars-sur-Glâne, Méridienne",46.794173,7.111828,3179,420,7.0,590,9.83,OK
2026-02-12 17:00:00,8592378,"Villars-sur-Glâne,Jean Paul II",46.803893,7.137545,8589131,"Villars-sur-Glâne, Moncor",46.79857,7.120788,2194,311,5.18,474,7.9,OK
2026-02-12 17:00:00,8592378,"Villars-sur-Glâne,Jean Paul II",46.803893,7.137545,8588344,"Villars-sur-Glâne, Belle-Croix",46.800233,7.125455,2078,334,5.57,482,8.03,OK
2026-02-12 17:00:00,8592377,"Villars-sur-Glâne, Hôp. cant.",46.801851,7.13667,8589141,"Fribourg, Chaley",46.806281,7.175601,8845,777,12.95,1010,16.83,OK
2026-02-12 17:00:00,8592377,"Villars-sur-Glâne, Hôp. cant.",46.801851,7.13667,8589152,"Fribourg, Mon-Repos",46.806711,7.172136,8562,737,12.28,961,16.02,OK
2026-02-12 17:00:00,8592377,"Villars-sur-Glâne, Hôp. cant.",46.801851,7.13667,8589138,"Fribourg, Cité-Jardins",46.809385,7.170446,8173,685,11.42,908,15.13,OK
2026-02-12 17:00:00,8592377,"Villars-sur-Glâne, Hôp. cant.",46.801851,7.13667,8591766,"Fribourg, Boschung",46.811451,7.171016,7854,640,10.67,862,14.37,OK
2026-02-12 17:00:00,8592377,"Villars-sur-Glâne, Hôp. cant.",46.801851,7.13667,8587255,"Fribourg, Tilleul/Cathédrale",46.80609,7.161261,3000,565,9.42,619,10.32,OK
2026-02-12 17:00:00,8592377,"Villars-sur-Glâne, Hôp. cant.",46.801851,7.13667,8589161,"Fribourg, St-Pierre",46.803911,7.155266,2470,470,7.83,512,8.53,OK
2026-02-12 17:00:00,8592377,"Villars-sur-Glâne, Hôp. cant.",46.801851,7.13667,8592374,"Fribourg/Freiburg, Pl. Gare",46.802898,7.15141,2445,489,8.15,542,9.03,OK
2026-02-12 17:00:00,8592377,"Villars-sur-Glâne, Hôp. cant.",46.801851,7.13667,8589130,"Villars-sur-Glâne, Méridienne",46.794173,7.111828,3065,428,7.13,587,9.78,OK
2026-02-12 17:00:00,8592377,"Villars-sur-Glâne, Hôp. cant.",46.801851,7.13667,8589131,"Villars-sur-Glâne, Moncor",46.79857,7.120788,2080,319,5.32,477,7.95,OK
2026-02-12 17:00:00,8592377,"Villars-sur-Glâne, Hôp. cant.",46.801851,7.13667,8588344,"Villars-sur-Glâne, Belle-Croix",46.800233,7.125455,1963,342,5.7,479,7.98,OK
2026-02-12 17:00:00,8591767,"Fribourg, Route-de-Tavel",46.811223,7.172643,8589141,"Fribourg, Chaley",46.806281,7.175601,944,169,2.82,166,2.77,OK
2026-02-12 17:00:00,8591767,"Fribourg, Route-de-Tavel",46.811223,7.172643,8589152,"Fribourg, Mon-Repos",46.806711,7.172136,748,111,1.85,128,2.13,OK
2026-02-12 17:00:00,8591767,"Fribourg, Route-de-Tavel",46.811223,7.172643,8589138,"Fribourg, Cité-Jardins",46.809385,7.170446,359,59,0.98,68,1.13,OK
2026-02-12 17:00:00,8591767,"Fribourg, Route-de-Tavel",46.811223,7.172643,8591766,"Fribourg, Boschung",46.811451,7.171016,175,29,0.48,31,0.52,OK
2026-02-12 17:00:00,8591767,"Fribourg, Route-de-Tavel",46.811223,7.172643,8587255,"Fribourg, Tilleul/Cathédrale",46.80609,7.161261,2950,336,5.6,377,6.28,OK
2026-02-12 17:00:00,8591767,"Fribourg, Route-de-Tavel",46.811223,7.172643,8589161,"Fribourg, St-Pierre",46.803911,7.155266,3497,451,7.52,496,8.27,OK
2026-02-12 17:00:00,8591767,"Fribourg, Route-de-Tavel",46.811223,7.172643,8592374,"Fribourg/Freiburg, Pl. Gare",46.802898,7.15141,3881,586,9.77,643,10.72,OK
2026-02-12 17:00:00,8591767,"Fribourg, Route-de-Tavel",46.811223,7.172643,8589130,"Villars-sur-Glâne, Méridienne",46.794173,7.111828,8525,698,11.63,887,14.78,OK
2026-02-12 17:00:00,8591767,"Fribourg, Route-de-Tavel",46.811223,7.172643,8589131,"Villars-sur-Glâne, Moncor",46.79857,7.120788,7539,590,9.83,772,12.87,OK
2026-02-12 17:00:00,8591767,"Fribourg, Route-de-Tavel",46.811223,7.172643,8588344,"Villars-sur-Glâne, Belle-Croix",46.800233,7.125455,7423,613,10.22,775,12.92,OK
2026-02-12 17:00:00,8589270,"Fribourg, Kessler",46.812081,7.173246,8589141,"Fribourg, Chaley",46.806281,7.175601,1072,153,2.55,184,3.07,OK
2026-02-12 17:00:00,8589270,"Fribourg, Kessler",46.812081,7.173246,8589152,"Fribourg, Mon-Repos",46.806711,7.172136,789,113,1.88,133,2.22,OK
2026-02-12 17:00:00,8589270,"Fribourg, Kessler",46.812081,7.173246,8589138,"Fribourg, Cité-Jardins",46.809385,7.170446,400,61,1.02,71,1.18,OK
2026-02-12 17:00:00,8589270,"Fribourg, Kessler",46.812081,7.173246,8591766,"Fribourg, Boschung",46.811451,7.171016,216,31,0.52,35,0.58,OK
2026-02-12 17:00:00,8589270,"Fribourg, Kessler",46.812081,7.173246,8587255,"Fribourg, Tilleul/Cathédrale",46.80609,7.161261,2991,338,5.63,390,6.5,OK
2026-02-12 17:00:00,8589270,"Fribourg, Kessler",46.812081,7.173246,8589161,"Fribourg, St-Pierre",46.803911,7.155266,3538,453,7.55,510,8.5,OK
2026-02-12 17:00:00,8589270,"Fribourg, Kessler",46.812081,7.173246,8592374,"Fribourg/Freiburg, Pl. Gare",46.802898,7.15141,3922,588,9.8,661,11.02,OK
2026-02-12 17:00:00,8589270,"Fribourg, Kessler",46.812081,7.173246,8589130,"Villars-sur-Glâne, Méridienne",46.794173,7.111828,8565,701,11.68,892,14.87,OK
2026-02-12 17:00:00,8589270,"Fribourg, Kessler",46.812081,7.173246,8589131,"Villars-sur-Glâne, Moncor",46.79857,7.120788,7580,592,9.87,775,12.92,OK
2026-02-12 17:00:00,8589270,"Fribourg, Kessler",46.812081,7.173246,8588344,"Villars-sur-Glâne, Belle-Croix",46.800233,7.125455,7464,615,10.25,778,12.97,OK
2026-02-12 17:00:00,8589147,"Fribourg, Ploetscha",46.813063,7.173218,8589141,"Fribourg, Chaley",46.806281,7.175601,1181,165,2.75,198,3.3,OK
2026-02-12 17:00:00,8589147,"Fribourg, Ploetscha",46.813063,7.173218,8589152,"Fribourg, Mon-Repos",46.806711,7.172136,898,125,2.08,147,2.45,OK
2026-02-12 17:00:00,8589147,"Fribourg, Ploetscha",46.813063,7.173218,8589138,"Fribourg, Cité-Jardins",46.809385,7.170446,509,72,1.2,86,1.43,OK
2026-02-12 17:00:00,8589147,"Fribourg, Ploetscha",46.813063,7.173218,8591766,"Fribourg, Boschung",46.811451,7.171016,325,42,0.7,49,0.82,OK
2026-02-12 17:00:00,8589147,"Fribourg, Ploetscha",46.813063,7.173218,8587255,"Fribourg, Tilleul/Cathédrale",46.80609,7.161261,3100,350,5.83,403,6.72,OK
2026-02-12 17:00:00,8589147,"Fribourg, Ploetscha",46.813063,7.173218,8589161,"Fribourg, St-Pierre",46.803911,7.155266,3647,465,7.75,526,8.77,OK
2026-02-12 17:00:00,8589147,"Fribourg, Ploetscha",46.813063,7.173218,8592374,"Fribourg/Freiburg, Pl. Gare",46.802898,7.15141,4031,600,10.0,674,11.23,OK
2026-02-12 17:00:00,8589147,"Fribourg, Ploetscha",46.813063,7.173218,8589130,"Villars-sur-Glâne, Méridienne",46.794173,7.111828,8674,712,11.87,908,15.13,OK
2026-02-12 17:00:00,8589147,"Fribourg, Ploetscha",46.813063,7.173218,8589131,"Villars-sur-Glâne, Moncor",46.79857,7.120788,7689,604,10.07,791,13.18,OK
2026-02-12 17:00:00,8589147,"Fribourg, Ploetscha",46.813063,7.173218,8588344,"Villars-sur-Glâne, Belle-Croix",46.800233,7.125455,7573,627,10.45,791,13.18,OK
2026-02-12 17:00:00,8577786,"Villars-sur-Glâne,Villars-Vert",46.798991,7.131395,8577785,"Fribourg, Bertigny",46.8013,7.138046,900,125,2.08,145,2.42,OK
2026-02-12 17:00:00,8577786,"Villars-sur-Glâne,Villars-Vert",46.798991,7.131395,8504622,"Fribourg, Bellevue",46.81092671540513,7.171932726075358,6824,464,7.73,616,10.27,OK
2026-02-12 17:00:00,8577786,"Villars-sur-Glâne,Villars-Vert",46.798991,7.131395,8589271,"Fribourg, Schönberg Dunant",46.80542535842347,7.178406780411913,8082,659,10.98,822,13.7,OK
2026-02-12 17:00:00,8577786,"Villars-sur-Glâne,Villars-Vert",46.798991,7.131395,8592375,"Fribourg, Guintzet",46.80549,7.140123,1538,275,4.58,274,4.57,OK
2026-02-12 17:00:00,8577786,"Villars-sur-Glâne,Villars-Vert",46.798991,7.131395,8592378,"Villars-sur-Glâne,Jean Paul II",46.803893,7.137545,1295,201,3.35,206,3.43,OK
2026-02-12 17:00:00,8577786,"Villars-sur-Glâne,Villars-Vert",46.798991,7.131395,8592377,"Villars-sur-Glâne, Hôp. cant.",46.801851,7.13667,1129,160,2.67,175,2.92,OK
2026-02-12 17:00:00,8577786,"Villars-sur-Glâne,Villars-Vert",46.798991,7.131395,8591767,"Fribourg, Route-de-Tavel",46.811223,7.172643,6858,469,7.82,621,10.35,OK
2026-02-12 17:00:00,8577786,"Villars-sur-Glâne,Villars-Vert",46.798991,7.131395,8589270,"Fribourg, Kessler",46.812081,7.173246,6964,489,8.15,642,10.7,OK
2026-02-12 17:00:00,8577786,"Villars-sur-Glâne,Villars-Vert",46.798991,7.131395,8589147,"Fribourg, Ploetscha",46.813063,7.173218,7073,503,8.38,655,10.92,OK
2026-02-12 17:00:00,8577785,"Fribourg, Bertigny",46.8013,7.138046,8577786,"Villars-sur-Glâne,Villars-Vert",46.798991,7.131395,835,124,2.07,231,3.85,OK
2026-02-12 17:00:00,8577785,"Fribourg, Bertigny",46.8013,7.138046,8504622,"Fribourg, Bellevue",46.81092671540513,7.171932726075358,7664,589,9.82,831,13.85,OK
2026-02-12 17:00:00,8577785,"Fribourg, Bertigny",46.8013,7.138046,8589271,"Fribourg, Schönberg Dunant",46.80542535842347,7.178406780411913,8922,784,13.07,1023,17.05,OK
2026-02-12 17:00:00,8577785,"Fribourg, Bertigny",46.8013,7.138046,8592375,"Fribourg, Guintzet",46.80549,7.140123,996,232,3.87,186,3.1,OK
2026-02-12 17:00:00,8577785,"Fribourg, Bertigny",46.8013,7.138046,8592378,"Villars-sur-Glâne,Jean Paul II",46.803893,7.137545,624,128,2.13,121,2.02,OK
2026-02-12 17:00:00,8577785,"Fribourg, Bertigny",46.8013,7.138046,8592377,"Villars-sur-Glâne, Hôp. cant.",46.801851,7.13667,459,87,1.45,87,1.45,OK
2026-02-12 17:00:00,8577785,"Fribourg, Bertigny",46.8013,7.138046,8591767,"Fribourg, Route-de-Tavel",46.811223,7.172643,7698,594,9.9,836,13.93,OK
2026-02-12 17:00:00,8577785,"Fribourg, Bertigny",46.8013,7.138046,8589270,"Fribourg, Kessler",46.812081,7.173246,7803,614,10.23,851,14.18,OK
2026-02-12 17:00:00,8577785,"Fribourg, Bertigny",46.8013,7.138046,8589147,"Fribourg, Ploetscha",46.813063,7.173218,7912,628,10.47,863,14.38,OK
2026-02-12 17:00:00,8504622,"Fribourg, Bellevue",46.81092671540513,7.171932726075358,8577786,"Villars-sur-Glâne,Villars-Vert",46.798991,7.131395,7277,556,9.27,740,12.33,OK
2026-02-12 17:00:00,8504622,"Fribourg, Bellevue",46.81092671540513,7.171932726075358,8577785,"Fribourg, Bertigny",46.8013,7.138046,8108,666,11.1,840,14.0,OK
2026-02-12 17:00:00,8504622,"Fribourg, Bellevue",46.81092671540513,7.171932726075358,8589271,"Fribourg, Schönberg Dunant",46.80542535842347,7.178406780411913,1254,194,3.23,213,3.55,OK
2026-02-12 17:00:00,8504622,"Fribourg, Bellevue",46.81092671540513,7.171932726075358,8592375,"Fribourg, Guintzet",46.80549,7.140123,5096,762,12.7,819,13.65,OK
2026-02-12 17:00:00,8504622,"Fribourg, Bellevue",46.81092671540513,7.171932726075358,8592378,"Villars-sur-Glâne,Jean Paul II",46.803893,7.137545,8502,742,12.37,886,14.77,OK
2026-02-12 17:00:00,8504622,"Fribourg, Bellevue",46.81092671540513,7.171932726075358,8592377,"Villars-sur-Glâne, Hôp. cant.",46.801851,7.13667,8337,700,11.67,869,14.48,OK
2026-02-12 17:00:00,8504622,"Fribourg, Bellevue",46.81092671540513,7.171932726075358,8591767,"Fribourg, Route-de-Tavel",46.811223,7.172643,81,14,0.23,16,0.27,OK
2026-02-12 17:00:00,8504622,"Fribourg, Bellevue",46.81092671540513,7.171932726075358,8589270,"Fribourg, Kessler",46.812081,7.173246,186,34,0.57,37,0.62,OK
2026-02-12 17:00:00,8504622,"Fribourg, Bellevue",46.81092671540513,7.171932726075358,8589147,"Fribourg, Ploetscha",46.813063,7.173218,295,47,0.78,52,0.87,OK
2026-02-12 17:00:00,8589271,"Fribourg, Schönberg Dunant",46.80542535842347,7.178406780411913,8577786,"Villars-sur-Glâne,Villars-Vert",46.798991,7.131395,8579,816,13.6,954,15.9,OK
2026-02-12 17:00:00,8589271,"Fribourg, Schönberg Dunant",46.80542535842347,7.178406780411913,8577785,"Fribourg, Bertigny",46.8013,7.138046,9410,926,15.43,1035,17.25,OK
2026-02-12 17:00:00,8589271,"Fribourg, Schönberg Dunant",46.80542535842347,7.178406780411913,8504622,"Fribourg, Bellevue",46.81092671540513,7.171932726075358,1299,260,4.33,244,4.07,OK
2026-02-12 17:00:00,8589271,"Fribourg, Schönberg Dunant",46.80542535842347,7.178406780411913,8592375,"Fribourg, Guintzet",46.80549,7.140123,6398,1023,17.05,1019,16.98,OK
2026-02-12 17:00:00,8589271,"Fribourg, Schönberg Dunant",46.80542535842347,7.178406780411913,8592378,"Villars-sur-Glâne,Jean Paul II",46.803893,7.137545,9804,1002,16.7,1088,18.13,OK
2026-02-12 17:00:00,8589271,"Fribourg, Schönberg Dunant",46.80542535842347,7.178406780411913,8592377,"Villars-sur-Glâne, Hôp. cant.",46.801851,7.13667,9639,961,16.02,1065,17.75,OK
2026-02-12 17:00:00,8589271,"Fribourg, Schönberg Dunant",46.80542535842347,7.178406780411913,8591767,"Fribourg, Route-de-Tavel",46.811223,7.172643,1383,274,4.57,258,4.3,OK
2026-02-12 17:00:00,8589271,"Fribourg, Schönberg Dunant",46.80542535842347,7.178406780411913,8589270,"Fribourg, Kessler",46.812081,7.173246,1402,331,5.52,282,4.7,OK
2026-02-12 17:00:00,8589271,"Fribourg, Schönberg Dunant",46.80542535842347,7.178406780411913,8589147,"Fribourg, Ploetscha",46.813063,7.173218,1512,344,5.73,295,4.92,OK
2026-02-12 17:00:00,8592375,"Fribourg, Guintzet",46.80549,7.140123,8577786,"Villars-sur-Glâne,Villars-Vert",46.798991,7.131395,1543,287,4.78,362,6.03,OK
2026-02-12 17:00:00,8592375,"Fribourg, Guintzet",46.80549,7.140123,8577785,"Fribourg, Bertigny",46.8013,7.138046,938,210,3.5,180,3.0,OK
2026-02-12 17:00:00,8592375,"Fribourg, Guintzet",46.80549,7.140123,8504622,"Fribourg, Bellevue",46.81092671540513,7.171932726075358,5145,728,12.13,851,14.18,OK
2026-02-12 17:00:00,8592375,"Fribourg, Guintzet",46.80549,7.140123,8589271,"Fribourg, Schönberg Dunant",46.80542535842347,7.178406780411913,6403,923,15.38,1042,17.37,OK
2026-02-12 17:00:00,8592375,"Fribourg, Guintzet",46.80549,7.140123,8592378,"Villars-sur-Glâne,Jean Paul II",46.803893,7.137545,292,105,1.75,104,1.73,OK
2026-02-12 17:00:00,8592375,"Fribourg, Guintzet",46.80549,7.140123,8592377,"Villars-sur-Glâne, Hôp. cant.",46.801851,7.13667,565,163,2.72,163,2.72,OK
2026-02-12 17:00:00,8592375,"Fribourg, Guintzet",46.80549,7.140123,8591767,"Fribourg, Route-de-Tavel",46.811223,7.172643,5179,733,12.22,858,14.3,OK
2026-02-12 17:00:00,8592375,"Fribourg, Guintzet",46.80549,7.140123,8589270,"Fribourg, Kessler",46.812081,7.173246,5285,753,12.55,876,14.6,OK
2026-02-12 17:00:00,8592375,"Fribourg, Guintzet",46.80549,7.140123,8589147,"Fribourg, Ploetscha",46.813063,7.173218,5394,767,12.78,886,14.77,OK
2026-02-12 17:00:00,8592378,"Villars-sur-Glâne,Jean Paul II",46.803893,7.137545,8577786,"Villars-sur-Glâne,Villars-Vert",46.798991,7.131395,1251,182,3.03,287,4.78,OK
2026-02-12 17:00:00,8592378,"Villars-sur-Glâne,Jean Paul II",46.803893,7.137545,8577785,"Fribourg, Bertigny",46.8013,7.138046,646,105,1.75,108,1.8,OK
2026-02-12 17:00:00,8592378,"Villars-sur-Glâne,Jean Paul II",46.803893,7.137545,8504622,"Fribourg, Bellevue",46.81092671540513,7.171932726075358,8080,648,10.8,880,14.67,OK
2026-02-12 17:00:00,8592378,"Villars-sur-Glâne,Jean Paul II",46.803893,7.137545,8589271,"Fribourg, Schönberg Dunant",46.80542535842347,7.178406780411913,9338,843,14.05,1068,17.8,OK
2026-02-12 17:00:00,8592378,"Villars-sur-Glâne,Jean Paul II",46.803893,7.137545,8592375,"Fribourg, Guintzet",46.80549,7.140123,372,104,1.73,104,1.73,OK
2026-02-12 17:00:00,8592378,"Villars-sur-Glâne,Jean Paul II",46.803893,7.137545,8592377,"Villars-sur-Glâne, Hôp. cant.",46.801851,7.13667,273,58,0.97,58,0.97,OK
2026-02-12 17:00:00,8592378,"Villars-sur-Glâne,Jean Paul II",46.803893,7.137545,8591767,"Fribourg, Route-de-Tavel",46.811223,7.172643,8113,653,10.88,886,14.77,OK
2026-02-12 17:00:00,8592378,"Villars-sur-Glâne,Jean Paul II",46.803893,7.137545,8589270,"Fribourg, Kessler",46.812081,7.173246,8219,673,11.22,908,15.13,OK
2026-02-12 17:00:00,8592378,"Villars-sur-Glâne,Jean Paul II",46.803893,7.137545,8589147,"Fribourg, Ploetscha",46.813063,7.173218,8328,686,11.43,917,15.28,OK
2026-02-12 17:00:00,8592377,"Villars-sur-Glâne, Hôp. cant.",46.801851,7.13667,8577786,"Villars-sur-Glâne,Villars-Vert",46.798991,7.131395,1136,190,3.17,283,4.72,OK
2026-02-12 17:00:00,8592377,"Villars-sur-Glâne, Hôp. cant.",46.801851,7.13667,8577785,"Fribourg, Bertigny",46.8013,7.138046,531,113,1.88,116,1.93,OK
2026-02-12 17:00:00,8592377,"Villars-sur-Glâne, Hôp. cant.",46.801851,7.13667,8504622,"Fribourg, Bellevue",46.81092671540513,7.171932726075358,7965,656,10.93,876,14.6,OK
2026-02-12 17:00:00,8592377,"Villars-sur-Glâne, Hôp. cant.",46.801851,7.13667,8589271,"Fribourg, Schönberg Dunant",46.80542535842347,7.178406780411913,9223,851,14.18,1067,17.78,OK
2026-02-12 17:00:00,8592377,"Villars-sur-Glâne, Hôp. cant.",46.801851,7.13667,8592375,"Fribourg, Guintzet",46.80549,7.140123,745,222,3.7,221,3.68,OK
2026-02-12 17:00:00,8592377,"Villars-sur-Glâne, Hôp. cant.",46.801851,7.13667,8592378,"Villars-sur-Glâne,Jean Paul II",46.803893,7.137545,373,117,1.95,117,1.95,OK
2026-02-12 17:00:00,8592377,"Villars-sur-Glâne, Hôp. cant.",46.801851,7.13667,8591767,"Fribourg, Route-de-Tavel",46.811223,7.172643,7999,661,11.02,886,14.77,OK
2026-02-12 17:00:00,8592377,"Villars-sur-Glâne, Hôp. cant.",46.801851,7.13667,8589270,"Fribourg, Kessler",46.812081,7.173246,8105,681,11.35,902,15.03,OK
2026-02-12 17:00:00,8592377,"Villars-sur-Glâne, Hôp. cant.",46.801851,7.13667,8589147,"Fribourg, Ploetscha",46.813063,7.173218,8214,694,11.57,915,15.25,OK
2026-02-12 17:00:00,8591767,"Fribourg, Route-de-Tavel",46.811223,7.172643,8577786,"Villars-sur-Glâne,Villars-Vert",46.798991,7.131395,7306,561,9.35,743,12.38,OK
2026-02-12 17:00:00,8591767,"Fribourg, Route-de-Tavel",46.811223,7.172643,8577785,"Fribourg, Bertigny",46.8013,7.138046,8136,671,11.18,843,14.05,OK
2026-02-12 17:00:00,8591767,"Fribourg, Route-de-Tavel",46.811223,7.172643,8504622,"Fribourg, Bellevue",46.81092671540513,7.171932726075358,152,30,0.5,31,0.52,OK
2026-02-12 17:00:00,8591767,"Fribourg, Route-de-Tavel",46.811223,7.172643,8589271,"Fribourg, Schönberg Dunant",46.80542535842347,7.178406780411913,1410,224,3.73,241,4.02,OK
2026-02-12 17:00:00,8591767,"Fribourg, Route-de-Tavel",46.811223,7.172643,8592375,"Fribourg, Guintzet",46.80549,7.140123,5125,767,12.78,823,13.72,OK
2026-02-12 17:00:00,8591767,"Fribourg, Route-de-Tavel",46.811223,7.172643,8592378,"Villars-sur-Glâne,Jean Paul II",46.803893,7.137545,8531,746,12.43,889,14.82,OK
2026-02-12 17:00:00,8591767,"Fribourg, Route-de-Tavel",46.811223,7.172643,8592377,"Villars-sur-Glâne, Hôp. cant.",46.801851,7.13667,8365,705,11.75,871,14.52,OK
2026-02-12 17:00:00,8591767,"Fribourg, Route-de-Tavel",46.811223,7.172643,8589270,"Fribourg, Kessler",46.812081,7.173246,106,20,0.33,20,0.33,OK
2026-02-12 17:00:00,8591767,"Fribourg, Route-de-Tavel",46.811223,7.172643,8589147,"Fribourg, Ploetscha",46.813063,7.173218,215,34,0.57,35,0.58,OK
2026-02-12 17:00:00,8589270,"Fribourg, Kessler",46.812081,7.173246,8577786,"Villars-sur-Glâne,Villars-Vert",46.798991,7.131395,7346,563,9.38,749,12.48,OK
2026-02-12 17:00:00,8589270,"Fribourg, Kessler",46.812081,7.173246,8577785,"Fribourg, Bertigny",46.8013,7.138046,8177,673,11.22,866,14.43,OK
2026-02-12 17:00:00,8589270,"Fribourg, Kessler",46.812081,7.173246,8504622,"Fribourg, Bellevue",46.81092671540513,7.171932726075358,192,32,0.53,35,0.58,OK
2026-02-12 17:00:00,8589270,"Fribourg, Kessler",46.812081,7.173246,8589271,"Fribourg, Schönberg Dunant",46.80542535842347,7.178406780411913,1450,226,3.77,253,4.22,OK
2026-02-12 17:00:00,8589270,"Fribourg, Kessler",46.812081,7.173246,8592375,"Fribourg, Guintzet",46.80549,7.140123,5165,769,12.82,857,14.28,OK
2026-02-12 17:00:00,8589270,"Fribourg, Kessler",46.812081,7.173246,8592378,"Villars-sur-Glâne,Jean Paul II",46.803893,7.137545,8571,749,12.48,916,15.27,OK
2026-02-12 17:00:00,8589270,"Fribourg, Kessler",46.812081,7.173246,8592377,"Villars-sur-Glâne, Hôp. cant.",46.801851,7.13667,8406,707,11.78,894,14.9,OK
2026-02-12 17:00:00,8589270,"Fribourg, Kessler",46.812081,7.173246,8591767,"Fribourg, Route-de-Tavel",46.811223,7.172643,121,20,0.33,21,0.35,OK
2026-02-12 17:00:00,8589270,"Fribourg, Kessler",46.812081,7.173246,8589147,"Fribourg, Ploetscha",46.813063,7.173218,109,14,0.23,15,0.25,OK
2026-02-12 17:00:00,8589147,"Fribourg, Ploetscha",46.813063,7.173218,8577786,"Villars-sur-Glâne,Villars-Vert",46.798991,7.131395,7455,575,9.58,764,12.73,OK
2026-02-12 17:00:00,8589147,"Fribourg, Ploetscha",46.813063,7.173218,8577785,"Fribourg, Bertigny",46.8013,7.138046,8286,684,11.4,880,14.67,OK
2026-02-12 17:00:00,8589147,"Fribourg, Ploetscha",46.813063,7.173218,8504622,"Fribourg, Bellevue",46.81092671540513,7.171932726075358,301,43,0.72,50,0.83,OK
2026-02-12 17:00:00,8589147,"Fribourg, Ploetscha",46.813063,7.173218,8589271,"Fribourg, Schönberg Dunant",46.80542535842347,7.178406780411913,1559,238,3.97,268,4.47,OK
2026-02-12 17:00:00,8589147,"Fribourg, Ploetscha",46.813063,7.173218,8592375,"Fribourg, Guintzet",46.80549,7.140123,5274,781,13.02,871,14.52,OK
2026-02-12 17:00:00,8589147,"Fribourg, Ploetscha",46.813063,7.173218,8592378,"Villars-sur-Glâne,Jean Paul II",46.803893,7.137545,8680,760,12.67,932,15.53,OK
2026-02-12 17:00:00,8589147,"Fribourg, Ploetscha",46.813063,7.173218,8592377,"Villars-sur-Glâne, Hôp. cant.",46.801851,7.13667,8515,719,11.98,906,15.1,OK
2026-02-12 17:00:00,8589147,"Fribourg, Ploetscha",46.813063,7.173218,8591767,"Fribourg, Route-de-Tavel",46.811223,7.172643,230,31,0.52,36,0.6,OK
2026-02-12 17:00:00,8589147,"Fribourg, Ploetscha",46.813063,7.173218,8589270,"Fribourg, Kessler",46.812081,7.173246,109,12,0.2,14,0.23,OK
2026-02-12 17:00:00,8577786,"Villars-sur-Glâne,Villars-Vert",46.798991,7.131395,8589158,"Fribourg, Windig",46.816016,7.17397,7574,553,9.22,710,11.83,OK
2026-02-12 17:00:00,8577786,"Villars-sur-Glâne,Villars-Vert",46.798991,7.131395,8587356,"Fribourg, Pont-Zaehringen",46.807676,7.168025,7174,498,8.3,654,10.9,OK
2026-02-12 17:00:00,8577786,"Villars-sur-Glâne,Villars-Vert",46.798991,7.131395,8577741,"Fribourg, Charmettes",46.794961,7.157548,3558,428,7.13,691,11.52,OK
2026-02-12 17:00:00,8577786,"Villars-sur-Glâne,Villars-Vert",46.798991,7.131395,8589154,"Fribourg, Industrie",46.796508,7.155301,3296,537,8.95,682,11.37,OK
2026-02-12 17:00:00,8577786,"Villars-sur-Glâne,Villars-Vert",46.798991,7.131395,8588858,"Fribourg, J. Vogt",46.798348,7.153271,2495,427,7.12,537,8.95,OK
2026-02-12 17:00:00,8577786,"Villars-sur-Glâne,Villars-Vert",46.798991,7.131395,8589155,"Fribourg, Fries",46.800675,7.152251,2555,441,7.35,568,9.47,OK
2026-02-12 17:00:00,8577786,"Villars-sur-Glâne,Villars-Vert",46.798991,7.131395,8588351,"Fribourg, Gambach",46.806306,7.15117,2013,328,5.47,411,6.85,OK
2026-02-12 17:00:00,8577786,"Villars-sur-Glâne,Villars-Vert",46.798991,7.131395,8577820,"Fribourg, Vuille",46.80954879023868,7.146038655217258,3264,347,5.78,444,7.4,OK
2026-02-12 17:00:00,8577786,"Villars-sur-Glâne,Villars-Vert",46.798991,7.131395,8587238,"Givisiez, Mont Carmel",46.81181330912885,7.136875253157107,2465,216,3.6,302,5.03,OK
2026-02-12 17:00:00,8577785,"Fribourg, Bertigny",46.8013,7.138046,8589158,"Fribourg, Windig",46.816016,7.17397,8413,678,11.3,938,15.63,OK
2026-02-12 17:00:00,8577785,"Fribourg, Bertigny",46.8013,7.138046,8587356,"Fribourg, Pont-Zaehringen",46.807676,7.168025,8014,623,10.38,869,14.48,OK
2026-02-12 17:00:00,8577785,"Fribourg, Bertigny",46.8013,7.138046,8577741,"Fribourg, Charmettes",46.794961,7.157548,3071,500,8.33,636,10.6,OK
2026-02-12 17:00:00,8577785,"Fribourg, Bertigny",46.8013,7.138046,8589154,"Fribourg, Industrie",46.796508,7.155301,3269,541,9.02,679,11.32,OK
2026-02-12 17:00:00,8577785,"Fribourg, Bertigny",46.8013,7.138046,8588858,"Fribourg, J. Vogt",46.798348,7.153271,2468,431,7.18,522,8.7,OK
2026-02-12 17:00:00,8577785,"Fribourg, Bertigny",46.8013,7.138046,8589155,"Fribourg, Fries",46.800675,7.152251,2529,445,7.42,552,9.2,OK
2026-02-12 17:00:00,8577785,"Fribourg, Bertigny",46.8013,7.138046,8588351,"Fribourg, Gambach",46.806306,7.15117,1986,332,5.53,404,6.73,OK
2026-02-12 17:00:00,8577785,"Fribourg, Bertigny",46.8013,7.138046,8577820,"Fribourg, Vuille",46.80954879023868,7.146038655217258,2554,415,6.92,532,8.87,OK
2026-02-12 17:00:00,8577785,"Fribourg, Bertigny",46.8013,7.138046,8587238,"Givisiez, Mont Carmel",46.81181330912885,7.136875253157107,3305,341,5.68,516,8.6,OK
2026-02-12 17:00:00,8504622,"Fribourg, Bellevue",46.81092671540513,7.171932726075358,8589158,"Fribourg, Windig",46.816016,7.17397,796,98,1.63,106,1.77,OK
2026-02-12 17:00:00,8504622,"Fribourg, Bellevue",46.81092671540513,7.171932726075358,8587356,"Fribourg, Pont-Zaehringen",46.807676,7.168025,876,115,1.92,142,2.37,OK
2026-02-12 17:00:00,8504622,"Fribourg, Bellevue",46.81092671540513,7.171932726075358,8577741,"Fribourg, Charmettes",46.794961,7.157548,8921,853,14.22,904,15.07,OK
2026-02-12 17:00:00,8504622,"Fribourg, Bellevue",46.81092671540513,7.171932726075358,8589154,"Fribourg, Industrie",46.796508,7.155301,9119,893,14.88,943,15.72,OK
2026-02-12 17:00:00,8504622,"Fribourg, Bellevue",46.81092671540513,7.171932726075358,8588858,"Fribourg, J. Vogt",46.798348,7.153271,5102,718,11.97,852,14.2,OK
2026-02-12 17:00:00,8504622,"Fribourg, Bellevue",46.81092671540513,7.171932726075358,8589155,"Fribourg, Fries",46.800675,7.152251,4155,763,12.72,758,12.63,OK
2026-02-12 17:00:00,8504622,"Fribourg, Bellevue",46.81092671540513,7.171932726075358,8588351,"Fribourg, Gambach",46.806306,7.15117,3605,448,7.47,518,8.63,OK
2026-02-12 17:00:00,8504622,"Fribourg, Bellevue",46.81092671540513,7.171932726075358,8577820,"Fribourg, Vuille",46.80954879023868,7.146038655217258,3061,360,6.0,438,7.3,OK
2026-02-12 17:00:00,8504622,"Fribourg, Bellevue",46.81092671540513,7.171932726075358,8587238,"Givisiez, Mont Carmel",46.81181330912885,7.136875253157107,3908,487,8.12,620,10.33,OK
2026-02-12 17:00:00,8589271,"Fribourg, Schönberg Dunant",46.80542535842347,7.178406780411913,8589158,"Fribourg, Windig",46.816016,7.17397,2012,394,6.57,344,5.73,OK
2026-02-12 17:00:00,8589271,"Fribourg, Schönberg Dunant",46.80542535842347,7.178406780411913,8587356,"Fribourg, Pont-Zaehringen",46.807676,7.168025,1551,335,5.58,270,4.5,OK
2026-02-12 17:00:00,8589271,"Fribourg, Schönberg Dunant",46.80542535842347,7.178406780411913,8577741,"Fribourg, Charmettes",46.794961,7.157548,9261,1013,16.88,968,16.13,OK
2026-02-12 17:00:00,8589271,"Fribourg, Schönberg Dunant",46.80542535842347,7.178406780411913,8589154,"Fribourg, Industrie",46.796508,7.155301,9458,1054,17.57,1004,16.73,OK
2026-02-12 17:00:00,8589271,"Fribourg, Schönberg Dunant",46.80542535842347,7.178406780411913,8588858,"Fribourg, J. Vogt",46.798348,7.153271,9717,1102,18.37,1051,17.52,OK
2026-02-12 17:00:00,8589271,"Fribourg, Schönberg Dunant",46.80542535842347,7.178406780411913,8589155,"Fribourg, Fries",46.800675,7.152251,5458,1023,17.05,973,16.22,OK
2026-02-12 17:00:00,8589271,"Fribourg, Schönberg Dunant",46.80542535842347,7.178406780411913,8588351,"Fribourg, Gambach",46.806306,7.15117,4907,708,11.8,733,12.22,OK
2026-02-12 17:00:00,8589271,"Fribourg, Schönberg Dunant",46.80542535842347,7.178406780411913,8577820,"Fribourg, Vuille",46.80954879023868,7.146038655217258,4363,620,10.33,655,10.92,OK
2026-02-12 17:00:00,8589271,"Fribourg, Schönberg Dunant",46.80542535842347,7.178406780411913,8587238,"Givisiez, Mont Carmel",46.81181330912885,7.136875253157107,5210,747,12.45,848,14.13,OK
2026-02-12 17:00:00,8592375,"Fribourg, Guintzet",46.80549,7.140123,8589158,"Fribourg, Windig",46.816016,7.17397,5895,817,13.62,956,15.93,OK
2026-02-12 17:00:00,8592375,"Fribourg, Guintzet",46.80549,7.140123,8587356,"Fribourg, Pont-Zaehringen",46.807676,7.168025,5496,762,12.7,894,14.9,OK
2026-02-12 17:00:00,8592375,"Fribourg, Guintzet",46.80549,7.140123,8577741,"Fribourg, Charmettes",46.794961,7.157548,2772,468,7.8,565,9.42,OK
2026-02-12 17:00:00,8592375,"Fribourg, Guintzet",46.80549,7.140123,8589154,"Fribourg, Industrie",46.796508,7.155301,2427,451,7.52,502,8.37,OK
2026-02-12 17:00:00,8592375,"Fribourg, Guintzet",46.80549,7.140123,8588858,"Fribourg, J. Vogt",46.798348,7.153271,2169,399,6.65,448,7.47,OK
2026-02-12 17:00:00,8592375,"Fribourg, Guintzet",46.80549,7.140123,8589155,"Fribourg, Fries",46.800675,7.152251,2229,413,6.88,477,7.95,OK
2026-02-12 17:00:00,8592375,"Fribourg, Guintzet",46.80549,7.140123,8588351,"Fribourg, Gambach",46.806306,7.15117,1687,300,5.0,333,5.55,OK
2026-02-12 17:00:00,8592375,"Fribourg, Guintzet",46.80549,7.140123,8577820,"Fribourg, Vuille",46.80954879023868,7.146038655217258,2255,383,6.38,449,7.48,OK
2026-02-12 17:00:00,8592375,"Fribourg, Guintzet",46.80549,7.140123,8587238,"Givisiez, Mont Carmel",46.81181330912885,7.136875253157107,4013,505,8.42,638,10.63,OK
2026-02-12 17:00:00,8592378,"Villars-sur-Glâne,Jean Paul II",46.803893,7.137545,8589158,"Fribourg, Windig",46.816016,7.17397,8829,737,12.28,988,16.47,OK
2026-02-12 17:00:00,8592378,"Villars-sur-Glâne,Jean Paul II",46.803893,7.137545,8587356,"Fribourg, Pont-Zaehringen",46.807676,7.168025,8430,682,11.37,919,15.32,OK
2026-02-12 17:00:00,8592378,"Villars-sur-Glâne,Jean Paul II",46.803893,7.137545,8577741,"Fribourg, Charmettes",46.794961,7.157548,3000,526,8.77,594,9.9,OK
2026-02-12 17:00:00,8592378,"Villars-sur-Glâne,Jean Paul II",46.803893,7.137545,8589154,"Fribourg, Industrie",46.796508,7.155301,3197,566,9.43,633,10.55,OK
2026-02-12 17:00:00,8592378,"Villars-sur-Glâne,Jean Paul II",46.803893,7.137545,8588858,"Fribourg, J. Vogt",46.798348,7.153271,2397,457,7.62,481,8.02,OK
2026-02-12 17:00:00,8592378,"Villars-sur-Glâne,Jean Paul II",46.803893,7.137545,8589155,"Fribourg, Fries",46.800675,7.152251,2457,470,7.83,504,8.4,OK
2026-02-12 17:00:00,8592378,"Villars-sur-Glâne,Jean Paul II",46.803893,7.137545,8588351,"Fribourg, Gambach",46.806306,7.15117,1915,357,5.95,363,6.05,OK
2026-02-12 17:00:00,8592378,"Villars-sur-Glâne,Jean Paul II",46.803893,7.137545,8577820,"Fribourg, Vuille",46.80954879023868,7.146038655217258,2970,473,7.88,577,9.62,OK
2026-02-12 17:00:00,8592378,"Villars-sur-Glâne,Jean Paul II",46.803893,7.137545,8587238,"Givisiez, Mont Carmel",46.81181330912885,7.136875253157107,3721,400,6.67,573,9.55,OK
2026-02-12 17:00:00,8592377,"Villars-sur-Glâne, Hôp. cant.",46.801851,7.13667,8589158,"Fribourg, Windig",46.816016,7.17397,8715,744,12.4,985,16.42,OK
2026-02-12 17:00:00,8592377,"Villars-sur-Glâne, Hôp. cant.",46.801851,7.13667,8587356,"Fribourg, Pont-Zaehringen",46.807676,7.168025,8315,690,11.5,917,15.28,OK
2026-02-12 17:00:00,8592377,"Villars-sur-Glâne, Hôp. cant.",46.801851,7.13667,8577741,"Fribourg, Charmettes",46.794961,7.157548,3373,566,9.43,680,11.33,OK
2026-02-12 17:00:00,8592377,"Villars-sur-Glâne, Hôp. cant.",46.801851,7.13667,8589154,"Fribourg, Industrie",46.796508,7.155301,3570,607,10.12,721,12.02,OK
2026-02-12 17:00:00,8592377,"Villars-sur-Glâne, Hôp. cant.",46.801851,7.13667,8588858,"Fribourg, J. Vogt",46.798348,7.153271,2770,497,8.28,563,9.38,OK
2026-02-12 17:00:00,8592377,"Villars-sur-Glâne, Hôp. cant.",46.801851,7.13667,8589155,"Fribourg, Fries",46.800675,7.152251,2830,511,8.52,597,9.95,OK
2026-02-12 17:00:00,8592377,"Villars-sur-Glâne, Hôp. cant.",46.801851,7.13667,8588351,"Fribourg, Gambach",46.806306,7.15117,2288,398,6.63,447,7.45,OK
2026-02-12 17:00:00,8592377,"Villars-sur-Glâne, Hôp. cant.",46.801851,7.13667,8577820,"Fribourg, Vuille",46.80954879023868,7.146038655217258,2856,481,8.02,571,9.52,OK
2026-02-12 17:00:00,8592377,"Villars-sur-Glâne, Hôp. cant.",46.801851,7.13667,8587238,"Givisiez, Mont Carmel",46.81181330912885,7.136875253157107,3606,408,6.8,569,9.48,OK
2026-02-12 17:00:00,8591767,"Fribourg, Route-de-Tavel",46.811223,7.172643,8589158,"Fribourg, Windig",46.816016,7.17397,716,84,1.4,89,1.48,OK
2026-02-12 17:00:00,8591767,"Fribourg, Route-de-Tavel",46.811223,7.172643,8587356,"Fribourg, Pont-Zaehringen",46.807676,7.168025,905,120,2.0,143,2.38,OK
2026-02-12 17:00:00,8591767,"Fribourg, Route-de-Tavel",46.811223,7.172643,8577741,"Fribourg, Charmettes",46.794961,7.157548,8950,858,14.3,908,15.13,OK
2026-02-12 17:00:00,8591767,"Fribourg, Route-de-Tavel",46.811223,7.172643,8589154,"Fribourg, Industrie",46.796508,7.155301,9147,898,14.97,945,15.75,OK
2026-02-12 17:00:00,8591767,"Fribourg, Route-de-Tavel",46.811223,7.172643,8588858,"Fribourg, J. Vogt",46.798348,7.153271,5130,723,12.05,855,14.25,OK
2026-02-12 17:00:00,8591767,"Fribourg, Route-de-Tavel",46.811223,7.172643,8589155,"Fribourg, Fries",46.800675,7.152251,4184,768,12.8,757,12.62,OK
2026-02-12 17:00:00,8591767,"Fribourg, Route-de-Tavel",46.811223,7.172643,8588351,"Fribourg, Gambach",46.806306,7.15117,3634,453,7.55,521,8.68,OK
2026-02-12 17:00:00,8591767,"Fribourg, Route-de-Tavel",46.811223,7.172643,8577820,"Fribourg, Vuille",46.80954879023868,7.146038655217258,3090,365,6.08,441,7.35,OK
2026-02-12 17:00:00,8591767,"Fribourg, Route-de-Tavel",46.811223,7.172643,8587238,"Givisiez, Mont Carmel",46.81181330912885,7.136875253157107,3936,492,8.2,624,10.4,OK
2026-02-12 17:00:00,8589270,"Fribourg, Kessler",46.812081,7.173246,8589158,"Fribourg, Windig",46.816016,7.17397,610,64,1.07,69,1.15,OK
2026-02-12 17:00:00,8589270,"Fribourg, Kessler",46.812081,7.173246,8587356,"Fribourg, Pont-Zaehringen",46.807676,7.168025,945,122,2.03,151,2.52,OK
2026-02-12 17:00:00,8589270,"Fribourg, Kessler",46.812081,7.173246,8577741,"Fribourg, Charmettes",46.794961,7.157548,8991,860,14.33,929,15.48,OK
2026-02-12 17:00:00,8589270,"Fribourg, Kessler",46.812081,7.173246,8589154,"Fribourg, Industrie",46.796508,7.155301,9188,900,15.0,967,16.12,OK
2026-02-12 17:00:00,8589270,"Fribourg, Kessler",46.812081,7.173246,8588858,"Fribourg, J. Vogt",46.798348,7.153271,5171,725,12.08,874,14.57,OK
2026-02-12 17:00:00,8589270,"Fribourg, Kessler",46.812081,7.173246,8589155,"Fribourg, Fries",46.800675,7.152251,4225,770,12.83,788,13.13,OK
2026-02-12 17:00:00,8589270,"Fribourg, Kessler",46.812081,7.173246,8588351,"Fribourg, Gambach",46.806306,7.15117,3674,455,7.58,534,8.9,OK
2026-02-12 17:00:00,8589270,"Fribourg, Kessler",46.812081,7.173246,8577820,"Fribourg, Vuille",46.80954879023868,7.146038655217258,3130,367,6.12,452,7.53,OK
2026-02-12 17:00:00,8589270,"Fribourg, Kessler",46.812081,7.173246,8587238,"Givisiez, Mont Carmel",46.81181330912885,7.136875253157107,3977,494,8.23,628,10.47,OK
2026-02-12 17:00:00,8589147,"Fribourg, Ploetscha",46.813063,7.173218,8589158,"Fribourg, Windig",46.816016,7.17397,501,50,0.83,53,0.88,OK
2026-02-12 17:00:00,8589147,"Fribourg, Ploetscha",46.813063,7.173218,8587356,"Fribourg, Pont-Zaehringen",46.807676,7.168025,1054,134,2.23,163,2.72,OK
2026-02-12 17:00:00,8589147,"Fribourg, Ploetscha",46.813063,7.173218,8577741,"Fribourg, Charmettes",46.794961,7.157548,9100,871,14.52,942,15.7,OK
2026-02-12 17:00:00,8589147,"Fribourg, Ploetscha",46.813063,7.173218,8589154,"Fribourg, Industrie",46.796508,7.155301,9297,912,15.2,983,16.38,OK
2026-02-12 17:00:00,8589147,"Fribourg, Ploetscha",46.813063,7.173218,8588858,"Fribourg, J. Vogt",46.798348,7.153271,5280,737,12.28,887,14.78,OK
2026-02-12 17:00:00,8589147,"Fribourg, Ploetscha",46.813063,7.173218,8589155,"Fribourg, Fries",46.800675,7.152251,4334,782,13.03,801,13.35,OK
2026-02-12 17:00:00,8589147,"Fribourg, Ploetscha",46.813063,7.173218,8588351,"Fribourg, Gambach",46.806306,7.15117,3783,466,7.77,549,9.15,OK
2026-02-12 17:00:00,8589147,"Fribourg, Ploetscha",46.813063,7.173218,8577820,"Fribourg, Vuille",46.80954879023868,7.146038655217258,3239,378,6.3,465,7.75,OK
2026-02-12 17:00:00,8589147,"Fribourg, Ploetscha",46.813063,7.173218,8587238,"Givisiez, Mont Carmel",46.81181330912885,7.136875253157107,4086,506,8.43,638,10.63,OK
2026-02-12 17:00:00,8589158,"Fribourg, Windig",46.816016,7.17397,8589141,"Fribourg, Chaley",46.806281,7.175601,1516,198,3.3,237,3.95,OK
2026-02-12 17:00:00,8589158,"Fribourg, Windig",46.816016,7.17397,8589152,"Fribourg, Mon-Repos",46.806711,7.172136,1233,158,2.63,183,3.05,OK
2026-02-12 17:00:00,8589158,"Fribourg, Windig",46.816016,7.17397,8589138,"Fribourg, Cité-Jardins",46.809385,7.170446,844,105,1.75,132,2.2,OK
2026-02-12 17:00:00,8589158,"Fribourg, Windig",46.816016,7.17397,8591766,"Fribourg, Boschung",46.811451,7.171016,659,75,1.25,83,1.38,OK
2026-02-12 17:00:00,8589158,"Fribourg, Windig",46.816016,7.17397,8587255,"Fribourg, Tilleul/Cathédrale",46.80609,7.161261,3434,383,6.38,443,7.38,OK
2026-02-12 17:00:00,8589158,"Fribourg, Windig",46.816016,7.17397,8589161,"Fribourg, St-Pierre",46.803911,7.155266,3981,498,8.3,562,9.37,OK
2026-02-12 17:00:00,8589158,"Fribourg, Windig",46.816016,7.17397,8592374,"Fribourg/Freiburg, Pl. Gare",46.802898,7.15141,4365,632,10.53,714,11.9,OK
2026-02-12 17:00:00,8589158,"Fribourg, Windig",46.816016,7.17397,8589130,"Villars-sur-Glâne, Méridienne",46.794173,7.111828,9009,745,12.42,941,15.68,OK
2026-02-12 17:00:00,8589158,"Fribourg, Windig",46.816016,7.17397,8589131,"Villars-sur-Glâne, Moncor",46.79857,7.120788,8024,637,10.62,824,13.73,OK
2026-02-12 17:00:00,8589158,"Fribourg, Windig",46.816016,7.17397,8588344,"Villars-sur-Glâne, Belle-Croix",46.800233,7.125455,7908,660,11.0,828,13.8,OK
2026-02-12 17:00:00,8587356,"Fribourg, Pont-Zaehringen",46.807676,7.168025,8589141,"Fribourg, Chaley",46.806281,7.175601,1718,229,3.82,261,4.35,OK
2026-02-12 17:00:00,8587356,"Fribourg, Pont-Zaehringen",46.807676,7.168025,8589152,"Fribourg, Mon-Repos",46.806711,7.172136,1435,189,3.15,213,3.55,OK
2026-02-12 17:00:00,8587356,"Fribourg, Pont-Zaehringen",46.807676,7.168025,8589138,"Fribourg, Cité-Jardins",46.809385,7.170446,1046,137,2.28,163,2.72,OK
2026-02-12 17:00:00,8587356,"Fribourg, Pont-Zaehringen",46.807676,7.168025,8591766,"Fribourg, Boschung",46.811451,7.171016,727,92,1.53,109,1.82,OK
2026-02-12 17:00:00,8587356,"Fribourg, Pont-Zaehringen",46.807676,7.168025,8587255,"Fribourg, Tilleul/Cathédrale",46.80609,7.161261,3234,361,6.02,404,6.73,OK
2026-02-12 17:00:00,8587356,"Fribourg, Pont-Zaehringen",46.807676,7.168025,8589161,"Fribourg, St-Pierre",46.803911,7.155266,3781,476,7.93,523,8.72,OK
2026-02-12 17:00:00,8587356,"Fribourg, Pont-Zaehringen",46.807676,7.168025,8592374,"Fribourg/Freiburg, Pl. Gare",46.802898,7.15141,4165,611,10.18,675,11.25,OK
2026-02-12 17:00:00,8587356,"Fribourg, Pont-Zaehringen",46.807676,7.168025,8589130,"Villars-sur-Glâne, Méridienne",46.794173,7.111828,8809,723,12.05,913,15.22,OK
2026-02-12 17:00:00,8587356,"Fribourg, Pont-Zaehringen",46.807676,7.168025,8589131,"Villars-sur-Glâne, Moncor",46.79857,7.120788,7823,615,10.25,801,13.35,OK
2026-02-12 17:00:00,8587356,"Fribourg, Pont-Zaehringen",46.807676,7.168025,8588344,"Villars-sur-Glâne, Belle-Croix",46.800233,7.125455,7707,638,10.63,799,13.32,OK
2026-02-12 17:00:00,8577741,"Fribourg, Charmettes",46.794961,7.157548,8589141,"Fribourg, Chaley",46.806281,7.175601,5744,922,15.37,1055,17.58,OK
2026-02-12 17:00:00,8577741,"Fribourg, Charmettes",46.794961,7.157548,8589152,"Fribourg, Mon-Repos",46.806711,7.172136,5460,882,14.7,1014,16.9,OK
2026-02-12 17:00:00,8577741,"Fribourg, Charmettes",46.794961,7.157548,8589138,"Fribourg, Cité-Jardins",46.809385,7.170446,5071,830,13.83,956,15.93,OK
2026-02-12 17:00:00,8577741,"Fribourg, Charmettes",46.794961,7.157548,8591766,"Fribourg, Boschung",46.811451,7.171016,4752,784,13.07,905,15.08,OK
2026-02-12 17:00:00,8577741,"Fribourg, Charmettes",46.794961,7.157548,8587255,"Fribourg, Tilleul/Cathédrale",46.80609,7.161261,1977,464,7.73,517,8.62,OK
2026-02-12 17:00:00,8577741,"Fribourg, Charmettes",46.794961,7.157548,8589161,"Fribourg, St-Pierre",46.803911,7.155266,1447,370,6.17,418,6.97,OK
2026-02-12 17:00:00,8577741,"Fribourg, Charmettes",46.794961,7.157548,8592374,"Fribourg/Freiburg, Pl. Gare",46.802898,7.15141,1068,258,4.3,290,4.83,OK
2026-02-12 17:00:00,8577741,"Fribourg, Charmettes",46.794961,7.157548,8589130,"Villars-sur-Glâne, Méridienne",46.794173,7.111828,4848,628,10.47,822,13.7,OK
2026-02-12 17:00:00,8577741,"Fribourg, Charmettes",46.794961,7.157548,8589131,"Villars-sur-Glâne, Moncor",46.79857,7.120788,3863,520,8.67,707,11.78,OK
2026-02-12 17:00:00,8577741,"Fribourg, Charmettes",46.794961,7.157548,8588344,"Villars-sur-Glâne, Belle-Croix",46.800233,7.125455,3747,543,9.05,709,11.82,OK
2026-02-12 17:00:00,8589154,"Fribourg, Industrie",46.796508,7.155301,8589141,"Fribourg, Chaley",46.806281,7.175601,5466,842,14.03,998,16.63,OK
2026-02-12 17:00:00,8589154,"Fribourg, Industrie",46.796508,7.155301,8589152,"Fribourg, Mon-Repos",46.806711,7.172136,5182,801,13.35,945,15.75,OK
2026-02-12 17:00:00,8589154,"Fribourg, Industrie",46.796508,7.155301,8589138,"Fribourg, Cité-Jardins",46.809385,7.170446,4793,749,12.48,888,14.8,OK
2026-02-12 17:00:00,8589154,"Fribourg, Industrie",46.796508,7.155301,8591766,"Fribourg, Boschung",46.811451,7.171016,4474,704,11.73,840,14.0,OK
2026-02-12 17:00:00,8589154,"Fribourg, Industrie",46.796508,7.155301,8587255,"Fribourg, Tilleul/Cathédrale",46.80609,7.161261,1699,384,6.4,453,7.55,OK
2026-02-12 17:00:00,8589154,"Fribourg, Industrie",46.796508,7.155301,8589161,"Fribourg, St-Pierre",46.803911,7.155266,1169,290,4.83,352,5.87,OK
2026-02-12 17:00:00,8589154,"Fribourg, Industrie",46.796508,7.155301,8592374,"Fribourg/Freiburg, Pl. Gare",46.802898,7.15141,790,177,2.95,227,3.78,OK
2026-02-12 17:00:00,8589154,"Fribourg, Industrie",46.796508,7.155301,8589130,"Villars-sur-Glâne, Méridienne",46.794173,7.111828,5045,646,10.77,866,14.43,OK
2026-02-12 17:00:00,8589154,"Fribourg, Industrie",46.796508,7.155301,8589131,"Villars-sur-Glâne, Moncor",46.79857,7.120788,4060,537,8.95,759,12.65,OK
2026-02-12 17:00:00,8589154,"Fribourg, Industrie",46.796508,7.155301,8588344,"Villars-sur-Glâne, Belle-Croix",46.800233,7.125455,3944,560,9.33,761,12.68,OK
2026-02-12 17:00:00,8588858,"Fribourg, J. Vogt",46.798348,7.153271,8589141,"Fribourg, Chaley",46.806281,7.175601,5207,794,13.23,941,15.68,OK
2026-02-12 17:00:00,8588858,"Fribourg, J. Vogt",46.798348,7.153271,8589152,"Fribourg, Mon-Repos",46.806711,7.172136,4924,753,12.55,887,14.78,OK
2026-02-12 17:00:00,8588858,"Fribourg, J. Vogt",46.798348,7.153271,8589138,"Fribourg, Cité-Jardins",46.809385,7.170446,4535,701,11.68,832,13.87,OK
2026-02-12 17:00:00,8588858,"Fribourg, J. Vogt",46.798348,7.153271,8591766,"Fribourg, Boschung",46.811451,7.171016,4216,656,10.93,784,13.07,OK
2026-02-12 17:00:00,8588858,"Fribourg, J. Vogt",46.798348,7.153271,8587255,"Fribourg, Tilleul/Cathédrale",46.80609,7.161261,1441,336,5.6,400,6.67,OK
2026-02-12 17:00:00,8588858,"Fribourg, J. Vogt",46.798348,7.153271,8589161,"Fribourg, St-Pierre",46.803911,7.155266,911,242,4.03,297,4.95,OK
2026-02-12 17:00:00,8588858,"Fribourg, J. Vogt",46.798348,7.153271,8592374,"Fribourg/Freiburg, Pl. Gare",46.802898,7.15141,532,129,2.15,182,3.03,OK
2026-02-12 17:00:00,8588858,"Fribourg, J. Vogt",46.798348,7.153271,8589130,"Villars-sur-Glâne, Méridienne",46.794173,7.111828,5304,698,11.63,920,15.33,OK
2026-02-12 17:00:00,8588858,"Fribourg, J. Vogt",46.798348,7.153271,8589131,"Villars-sur-Glâne, Moncor",46.79857,7.120788,4319,590,9.83,805,13.42,OK
2026-02-12 17:00:00,8588858,"Fribourg, J. Vogt",46.798348,7.153271,8588344,"Villars-sur-Glâne, Belle-Croix",46.800233,7.125455,4202,613,10.22,807,13.45,OK
2026-02-12 17:00:00,8589155,"Fribourg, Fries",46.800675,7.152251,8589141,"Fribourg, Chaley",46.806281,7.175601,4937,736,12.27,866,14.43,OK
2026-02-12 17:00:00,8589155,"Fribourg, Fries",46.800675,7.152251,8589152,"Fribourg, Mon-Repos",46.806711,7.172136,4654,695,11.58,815,13.58,OK
2026-02-12 17:00:00,8589155,"Fribourg, Fries",46.800675,7.152251,8589138,"Fribourg, Cité-Jardins",46.809385,7.170446,4265,643,10.72,758,12.63,OK
2026-02-12 17:00:00,8589155,"Fribourg, Fries",46.800675,7.152251,8591766,"Fribourg, Boschung",46.811451,7.171016,3945,598,9.97,710,11.83,OK
2026-02-12 17:00:00,8589155,"Fribourg, Fries",46.800675,7.152251,8587255,"Fribourg, Tilleul/Cathédrale",46.80609,7.161261,1170,278,4.63,322,5.37,OK
2026-02-12 17:00:00,8589155,"Fribourg, Fries",46.800675,7.152251,8589161,"Fribourg, St-Pierre",46.803911,7.155266,640,184,3.07,219,3.65,OK
2026-02-12 17:00:00,8589155,"Fribourg, Fries",46.800675,7.152251,8592374,"Fribourg/Freiburg, Pl. Gare",46.802898,7.15141,262,71,1.18,92,1.53,OK
2026-02-12 17:00:00,8589155,"Fribourg, Fries",46.800675,7.152251,8589130,"Villars-sur-Glâne, Méridienne",46.794173,7.111828,4948,686,11.43,910,15.17,OK
2026-02-12 17:00:00,8589155,"Fribourg, Fries",46.800675,7.152251,8589131,"Villars-sur-Glâne, Moncor",46.79857,7.120788,3962,577,9.62,794,13.23,OK
2026-02-12 17:00:00,8589155,"Fribourg, Fries",46.800675,7.152251,8588344,"Villars-sur-Glâne, Belle-Croix",46.800233,7.125455,3846,600,10.0,794,13.23,OK
2026-02-12 17:00:00,8588351,"Fribourg, Gambach",46.806306,7.15117,8589141,"Fribourg, Chaley",46.806281,7.175601,4335,550,9.17,666,11.1,OK
2026-02-12 17:00:00,8588351,"Fribourg, Gambach",46.806306,7.15117,8589152,"Fribourg, Mon-Repos",46.806711,7.172136,4052,509,8.48,617,10.28,OK
2026-02-12 17:00:00,8588351,"Fribourg, Gambach",46.806306,7.15117,8589138,"Fribourg, Cité-Jardins",46.809385,7.170446,3663,457,7.62,557,9.28,OK
2026-02-12 17:00:00,8588351,"Fribourg, Gambach",46.806306,7.15117,8591766,"Fribourg, Boschung",46.811451,7.171016,3344,412,6.87,511,8.52,OK
2026-02-12 17:00:00,8588351,"Fribourg, Gambach",46.806306,7.15117,8587255,"Fribourg, Tilleul/Cathédrale",46.80609,7.161261,1233,223,3.72,259,4.32,OK
2026-02-12 17:00:00,8588351,"Fribourg, Gambach",46.806306,7.15117,8589161,"Fribourg, St-Pierre",46.803911,7.155266,630,155,2.58,171,2.85,OK
2026-02-12 17:00:00,8588351,"Fribourg, Gambach",46.806306,7.15117,8592374,"Fribourg/Freiburg, Pl. Gare",46.802898,7.15141,605,174,2.9,192,3.2,OK
2026-02-12 17:00:00,8588351,"Fribourg, Gambach",46.806306,7.15117,8589130,"Villars-sur-Glâne, Méridienne",46.794173,7.111828,5057,554,9.23,698,11.63,OK
2026-02-12 17:00:00,8588351,"Fribourg, Gambach",46.806306,7.15117,8589131,"Villars-sur-Glâne, Moncor",46.79857,7.120788,4072,445,7.42,590,9.83,OK
2026-02-12 17:00:00,8588351,"Fribourg, Gambach",46.806306,7.15117,8588344,"Villars-sur-Glâne, Belle-Croix",46.800233,7.125455,3955,468,7.8,597,9.95,OK
2026-02-12 17:00:00,8577820,"Fribourg, Vuille",46.80954879023868,7.146038655217258,8589141,"Fribourg, Chaley",46.806281,7.175601,3954,490,8.17,599,9.98,OK
2026-02-12 17:00:00,8577820,"Fribourg, Vuille",46.80954879023868,7.146038655217258,8589152,"Fribourg, Mon-Repos",46.806711,7.172136,3671,450,7.5,552,9.2,OK
2026-02-12 17:00:00,8577820,"Fribourg, Vuille",46.80954879023868,7.146038655217258,8589138,"Fribourg, Cité-Jardins",46.809385,7.170446,3282,398,6.63,496,8.27,OK
2026-02-12 17:00:00,8577820,"Fribourg, Vuille",46.80954879023868,7.146038655217258,8591766,"Fribourg, Boschung",46.811451,7.171016,2963,352,5.87,446,7.43,OK
2026-02-12 17:00:00,8577820,"Fribourg, Vuille",46.80954879023868,7.146038655217258,8587255,"Fribourg, Tilleul/Cathédrale",46.80609,7.161261,1735,294,4.9,333,5.55,OK
2026-02-12 17:00:00,8577820,"Fribourg, Vuille",46.80954879023868,7.146038655217258,8589161,"Fribourg, St-Pierre",46.803911,7.155266,1265,247,4.12,276,4.6,OK
2026-02-12 17:00:00,8577820,"Fribourg, Vuille",46.80954879023868,7.146038655217258,8592374,"Fribourg/Freiburg, Pl. Gare",46.802898,7.15141,1239,266,4.43,301,5.02,OK
2026-02-12 17:00:00,8577820,"Fribourg, Vuille",46.80954879023868,7.146038655217258,8589130,"Villars-sur-Glâne, Méridienne",46.794173,7.111828,4492,471,7.85,587,9.78,OK
2026-02-12 17:00:00,8577820,"Fribourg, Vuille",46.80954879023868,7.146038655217258,8589131,"Villars-sur-Glâne, Moncor",46.79857,7.120788,3507,363,6.05,470,7.83,OK
2026-02-12 17:00:00,8577820,"Fribourg, Vuille",46.80954879023868,7.146038655217258,8588344,"Villars-sur-Glâne, Belle-Croix",46.800233,7.125455,3391,386,6.43,475,7.92,OK
2026-02-12 17:00:00,8587238,"Givisiez, Mont Carmel",46.81181330912885,7.136875253157107,8589141,"Fribourg, Chaley",46.806281,7.175601,4635,601,10.02,735,12.25,OK
2026-02-12 17:00:00,8587238,"Givisiez, Mont Carmel",46.81181330912885,7.136875253157107,8589152,"Fribourg, Mon-Repos",46.806711,7.172136,4352,560,9.33,682,11.37,OK
2026-02-12 17:00:00,8587238,"Givisiez, Mont Carmel",46.81181330912885,7.136875253157107,8589138,"Fribourg, Cité-Jardins",46.809385,7.170446,3963,508,8.47,624,10.4,OK
2026-02-12 17:00:00,8587238,"Givisiez, Mont Carmel",46.81181330912885,7.136875253157107,8591766,"Fribourg, Boschung",46.811451,7.171016,3644,463,7.72,574,9.57,OK
2026-02-12 17:00:00,8587238,"Givisiez, Mont Carmel",46.81181330912885,7.136875253157107,8587255,"Fribourg, Tilleul/Cathédrale",46.80609,7.161261,2415,404,6.73,459,7.65,OK
2026-02-12 17:00:00,8587238,"Givisiez, Mont Carmel",46.81181330912885,7.136875253157107,8589161,"Fribourg, St-Pierre",46.803911,7.155266,1945,357,5.95,404,6.73,OK
2026-02-12 17:00:00,8587238,"Givisiez, Mont Carmel",46.81181330912885,7.136875253157107,8592374,"Fribourg/Freiburg, Pl. Gare",46.802898,7.15141,1920,376,6.27,421,7.02,OK
2026-02-12 17:00:00,8587238,"Givisiez, Mont Carmel",46.81181330912885,7.136875253157107,8589130,"Villars-sur-Glâne, Méridienne",46.794173,7.111828,5291,602,10.03,728,12.13,OK
2026-02-12 17:00:00,8587238,"Givisiez, Mont Carmel",46.81181330912885,7.136875253157107,8589131,"Villars-sur-Glâne, Moncor",46.79857,7.120788,4305,493,8.22,614,10.23,OK
2026-02-12 17:00:00,8587238,"Givisiez, Mont Carmel",46.81181330912885,7.136875253157107,8588344,"Villars-sur-Glâne, Belle-Croix",46.800233,7.125455,4931,563,9.38,617,10.28,OK
2026-02-12 17:00:00,8589158,"Fribourg, Windig",46.816016,7.17397,8577786,"Villars-sur-Glâne,Villars-Vert",46.798991,7.131395,7790,607,10.12,799,13.32,OK
2026-02-12 17:00:00,8589158,"Fribourg, Windig",46.816016,7.17397,8577785,"Fribourg, Bertigny",46.8013,7.138046,8620,717,11.95,916,15.27,OK
2026-02-12 17:00:00,8589158,"Fribourg, Windig",46.816016,7.17397,8504622,"Fribourg, Bellevue",46.81092671540513,7.171932726075358,636,76,1.27,84,1.4,OK
2026-02-12 17:00:00,8589158,"Fribourg, Windig",46.816016,7.17397,8589271,"Fribourg, Schönberg Dunant",46.80542535842347,7.178406780411913,1894,271,4.52,306,5.1,OK
2026-02-12 17:00:00,8589158,"Fribourg, Windig",46.816016,7.17397,8592375,"Fribourg, Guintzet",46.80549,7.140123,5609,814,13.57,908,15.13,OK
2026-02-12 17:00:00,8589158,"Fribourg, Windig",46.816016,7.17397,8592378,"Villars-sur-Glâne,Jean Paul II",46.803893,7.137545,9015,793,13.22,965,16.08,OK
2026-02-12 17:00:00,8589158,"Fribourg, Windig",46.816016,7.17397,8592377,"Villars-sur-Glâne, Hôp. cant.",46.801851,7.13667,8849,752,12.53,943,15.72,OK
2026-02-12 17:00:00,8589158,"Fribourg, Windig",46.816016,7.17397,8591767,"Fribourg, Route-de-Tavel",46.811223,7.172643,564,64,1.07,69,1.15,OK
2026-02-12 17:00:00,8589158,"Fribourg, Windig",46.816016,7.17397,8589270,"Fribourg, Kessler",46.812081,7.173246,443,45,0.75,48,0.8,OK
2026-02-12 17:00:00,8589158,"Fribourg, Windig",46.816016,7.17397,8589147,"Fribourg, Ploetscha",46.813063,7.173218,334,33,0.55,33,0.55,OK
2026-02-12 17:00:00,8587356,"Fribourg, Pont-Zaehringen",46.807676,7.168025,8577786,"Villars-sur-Glâne,Villars-Vert",46.798991,7.131395,7590,586,9.77,773,12.88,OK
2026-02-12 17:00:00,8587356,"Fribourg, Pont-Zaehringen",46.807676,7.168025,8577785,"Fribourg, Bertigny",46.8013,7.138046,8420,696,11.6,871,14.52,OK
2026-02-12 17:00:00,8587356,"Fribourg, Pont-Zaehringen",46.807676,7.168025,8504622,"Fribourg, Bellevue",46.81092671540513,7.171932726075358,838,108,1.8,138,2.3,OK
2026-02-12 17:00:00,8587356,"Fribourg, Pont-Zaehringen",46.807676,7.168025,8589271,"Fribourg, Schönberg Dunant",46.80542535842347,7.178406780411913,2096,302,5.03,323,5.38,OK
2026-02-12 17:00:00,8587356,"Fribourg, Pont-Zaehringen",46.807676,7.168025,8592375,"Fribourg, Guintzet",46.80549,7.140123,5409,792,13.2,852,14.2,OK
2026-02-12 17:00:00,8587356,"Fribourg, Pont-Zaehringen",46.807676,7.168025,8592378,"Villars-sur-Glâne,Jean Paul II",46.803893,7.137545,8815,771,12.85,921,15.35,OK
2026-02-12 17:00:00,8587356,"Fribourg, Pont-Zaehringen",46.807676,7.168025,8592377,"Villars-sur-Glâne, Hôp. cant.",46.801851,7.13667,8649,730,12.17,897,14.95,OK
2026-02-12 17:00:00,8587356,"Fribourg, Pont-Zaehringen",46.807676,7.168025,8591767,"Fribourg, Route-de-Tavel",46.811223,7.172643,872,112,1.87,144,2.4,OK
2026-02-12 17:00:00,8587356,"Fribourg, Pont-Zaehringen",46.807676,7.168025,8589270,"Fribourg, Kessler",46.812081,7.173246,978,132,2.2,154,2.57,OK
2026-02-12 17:00:00,8587356,"Fribourg, Pont-Zaehringen",46.807676,7.168025,8589147,"Fribourg, Ploetscha",46.813063,7.173218,1087,146,2.43,166,2.77,OK
2026-02-12 17:00:00,8577741,"Fribourg, Charmettes",46.794961,7.157548,8577786,"Villars-sur-Glâne,Villars-Vert",46.798991,7.131395,3460,464,7.73,641,10.68,OK
2026-02-12 17:00:00,8577741,"Fribourg, Charmettes",46.794961,7.157548,8577785,"Fribourg, Bertigny",46.8013,7.138046,4291,574,9.57,749,12.48,OK
2026-02-12 17:00:00,8577741,"Fribourg, Charmettes",46.794961,7.157548,8504622,"Fribourg, Bellevue",46.81092671540513,7.171932726075358,4864,801,13.35,924,15.4,OK
2026-02-12 17:00:00,8577741,"Fribourg, Charmettes",46.794961,7.157548,8589271,"Fribourg, Schönberg Dunant",46.80542535842347,7.178406780411913,6122,995,16.58,1127,18.78,OK
2026-02-12 17:00:00,8577741,"Fribourg, Charmettes",46.794961,7.157548,8592375,"Fribourg, Guintzet",46.80549,7.140123,3164,607,10.12,680,11.33,OK
2026-02-12 17:00:00,8577741,"Fribourg, Charmettes",46.794961,7.157548,8592378,"Villars-sur-Glâne,Jean Paul II",46.803893,7.137545,4685,650,10.83,798,13.3,OK
2026-02-12 17:00:00,8577741,"Fribourg, Charmettes",46.794961,7.157548,8592377,"Villars-sur-Glâne, Hôp. cant.",46.801851,7.13667,4520,608,10.13,779,12.98,OK
2026-02-12 17:00:00,8577741,"Fribourg, Charmettes",46.794961,7.157548,8591767,"Fribourg, Route-de-Tavel",46.811223,7.172643,4897,805,13.42,930,15.5,OK
2026-02-12 17:00:00,8577741,"Fribourg, Charmettes",46.794961,7.157548,8589270,"Fribourg, Kessler",46.812081,7.173246,5003,825,13.75,944,15.73,OK
2026-02-12 17:00:00,8577741,"Fribourg, Charmettes",46.794961,7.157548,8589147,"Fribourg, Ploetscha",46.813063,7.173218,5112,839,13.98,959,15.98,OK
2026-02-12 17:00:00,8589154,"Fribourg, Industrie",46.796508,7.155301,8577786,"Villars-sur-Glâne,Villars-Vert",46.798991,7.131395,3658,481,8.02,691,11.52,OK
2026-02-12 17:00:00,8589154,"Fribourg, Industrie",46.796508,7.155301,8577785,"Fribourg, Bertigny",46.8013,7.138046,2957,614,10.23,743,12.38,OK
2026-02-12 17:00:00,8589154,"Fribourg, Industrie",46.796508,7.155301,8504622,"Fribourg, Bellevue",46.81092671540513,7.171932726075358,4586,720,12.0,856,14.27,OK
2026-02-12 17:00:00,8589154,"Fribourg, Industrie",46.796508,7.155301,8589271,"Fribourg, Schönberg Dunant",46.80542535842347,7.178406780411913,5844,915,15.25,1062,17.7,OK
2026-02-12 17:00:00,8589154,"Fribourg, Industrie",46.796508,7.155301,8592375,"Fribourg, Guintzet",46.80549,7.140123,2510,597,9.95,665,11.08,OK
2026-02-12 17:00:00,8589154,"Fribourg, Industrie",46.796508,7.155301,8592378,"Villars-sur-Glâne,Jean Paul II",46.803893,7.137545,3351,690,11.5,787,13.12,OK
2026-02-12 17:00:00,8589154,"Fribourg, Industrie",46.796508,7.155301,8592377,"Villars-sur-Glâne, Hôp. cant.",46.801851,7.13667,3186,648,10.8,771,12.85,OK
2026-02-12 17:00:00,8589154,"Fribourg, Industrie",46.796508,7.155301,8591767,"Fribourg, Route-de-Tavel",46.811223,7.172643,4619,725,12.08,861,14.35,OK
2026-02-12 17:00:00,8589154,"Fribourg, Industrie",46.796508,7.155301,8589270,"Fribourg, Kessler",46.812081,7.173246,4725,745,12.42,879,14.65,OK
2026-02-12 17:00:00,8589154,"Fribourg, Industrie",46.796508,7.155301,8589147,"Fribourg, Ploetscha",46.813063,7.173218,4834,759,12.65,894,14.9,OK
2026-02-12 17:00:00,8588858,"Fribourg, J. Vogt",46.798348,7.153271,8577786,"Villars-sur-Glâne,Villars-Vert",46.798991,7.131395,3298,485,8.08,654,10.9,OK
2026-02-12 17:00:00,8588858,"Fribourg, J. Vogt",46.798348,7.153271,8577785,"Fribourg, Bertigny",46.8013,7.138046,2698,566,9.43,684,11.4,OK
2026-02-12 17:00:00,8588858,"Fribourg, J. Vogt",46.798348,7.153271,8504622,"Fribourg, Bellevue",46.81092671540513,7.171932726075358,4327,672,11.2,801,13.35,OK
2026-02-12 17:00:00,8588858,"Fribourg, J. Vogt",46.798348,7.153271,8589271,"Fribourg, Schönberg Dunant",46.80542535842347,7.178406780411913,5585,867,14.45,1001,16.68,OK
2026-02-12 17:00:00,8588858,"Fribourg, J. Vogt",46.798348,7.153271,8592375,"Fribourg, Guintzet",46.80549,7.140123,2252,549,9.15,612,10.2,OK
2026-02-12 17:00:00,8588858,"Fribourg, J. Vogt",46.798348,7.153271,8592378,"Villars-sur-Glâne,Jean Paul II",46.803893,7.137545,3440,653,10.88,684,11.4,OK
2026-02-12 17:00:00,8588858,"Fribourg, J. Vogt",46.798348,7.153271,8592377,"Villars-sur-Glâne, Hôp. cant.",46.801851,7.13667,2927,600,10.0,711,11.85,OK
2026-02-12 17:00:00,8588858,"Fribourg, J. Vogt",46.798348,7.153271,8591767,"Fribourg, Route-de-Tavel",46.811223,7.172643,4361,677,11.28,806,13.43,OK
2026-02-12 17:00:00,8588858,"Fribourg, J. Vogt",46.798348,7.153271,8589270,"Fribourg, Kessler",46.812081,7.173246,4467,697,11.62,824,13.73,OK
2026-02-12 17:00:00,8588858,"Fribourg, J. Vogt",46.798348,7.153271,8589147,"Fribourg, Ploetscha",46.813063,7.173218,4576,711,11.85,837,13.95,OK
2026-02-12 17:00:00,8589155,"Fribourg, Fries",46.800675,7.152251,8577786,"Villars-sur-Glâne,Villars-Vert",46.798991,7.131395,2453,513,8.55,710,11.83,OK
2026-02-12 17:00:00,8589155,"Fribourg, Fries",46.800675,7.152251,8577785,"Fribourg, Bertigny",46.8013,7.138046,2428,508,8.47,617,10.28,OK
2026-02-12 17:00:00,8589155,"Fribourg, Fries",46.800675,7.152251,8504622,"Fribourg, Bellevue",46.81092671540513,7.171932726075358,4057,614,10.23,727,12.12,OK
2026-02-12 17:00:00,8589155,"Fribourg, Fries",46.800675,7.152251,8589271,"Fribourg, Schönberg Dunant",46.80542535842347,7.178406780411913,5315,809,13.48,928,15.47,OK
2026-02-12 17:00:00,8589155,"Fribourg, Fries",46.800675,7.152251,8592375,"Fribourg, Guintzet",46.80549,7.140123,1981,491,8.18,534,8.9,OK
2026-02-12 17:00:00,8589155,"Fribourg, Fries",46.800675,7.152251,8592378,"Villars-sur-Glâne,Jean Paul II",46.803893,7.137545,2209,580,9.67,573,9.55,OK
2026-02-12 17:00:00,8589155,"Fribourg, Fries",46.800675,7.152251,8592377,"Villars-sur-Glâne, Hôp. cant.",46.801851,7.13667,2482,638,10.63,602,10.03,OK
2026-02-12 17:00:00,8589155,"Fribourg, Fries",46.800675,7.152251,8591767,"Fribourg, Route-de-Tavel",46.811223,7.172643,4091,619,10.32,733,12.22,OK
2026-02-12 17:00:00,8589155,"Fribourg, Fries",46.800675,7.152251,8589270,"Fribourg, Kessler",46.812081,7.173246,4196,639,10.65,749,12.48,OK
2026-02-12 17:00:00,8589155,"Fribourg, Fries",46.800675,7.152251,8589147,"Fribourg, Ploetscha",46.813063,7.173218,4305,652,10.87,763,12.72,OK
2026-02-12 17:00:00,8588351,"Fribourg, Gambach",46.806306,7.15117,8577786,"Villars-sur-Glâne,Villars-Vert",46.798991,7.131395,1959,336,5.6,515,8.58,OK
2026-02-12 17:00:00,8588351,"Fribourg, Gambach",46.806306,7.15117,8577785,"Fribourg, Bertigny",46.8013,7.138046,1957,385,6.42,370,6.17,OK
2026-02-12 17:00:00,8588351,"Fribourg, Gambach",46.806306,7.15117,8504622,"Fribourg, Bellevue",46.81092671540513,7.171932726075358,3455,428,7.13,528,8.8,OK
2026-02-12 17:00:00,8588351,"Fribourg, Gambach",46.806306,7.15117,8589271,"Fribourg, Schönberg Dunant",46.80542535842347,7.178406780411913,4713,623,10.38,727,12.12,OK
2026-02-12 17:00:00,8588351,"Fribourg, Gambach",46.806306,7.15117,8592375,"Fribourg, Guintzet",46.80549,7.140123,1488,314,5.23,316,5.27,OK
2026-02-12 17:00:00,8588351,"Fribourg, Gambach",46.806306,7.15117,8592378,"Villars-sur-Glâne,Jean Paul II",46.803893,7.137545,1715,403,6.72,363,6.05,OK
2026-02-12 17:00:00,8588351,"Fribourg, Gambach",46.806306,7.15117,8592377,"Villars-sur-Glâne, Hôp. cant.",46.801851,7.13667,2163,366,6.1,424,7.07,OK
2026-02-12 17:00:00,8588351,"Fribourg, Gambach",46.806306,7.15117,8591767,"Fribourg, Route-de-Tavel",46.811223,7.172643,3489,433,7.22,534,8.9,OK
2026-02-12 17:00:00,8588351,"Fribourg, Gambach",46.806306,7.15117,8589270,"Fribourg, Kessler",46.812081,7.173246,3595,453,7.55,553,9.22,OK
2026-02-12 17:00:00,8588351,"Fribourg, Gambach",46.806306,7.15117,8589147,"Fribourg, Ploetscha",46.813063,7.173218,3704,466,7.77,565,9.42,OK
2026-02-12 17:00:00,8577820,"Fribourg, Vuille",46.80954879023868,7.146038655217258,8577786,"Villars-sur-Glâne,Villars-Vert",46.798991,7.131395,3273,333,5.55,442,7.37,OK
2026-02-12 17:00:00,8577820,"Fribourg, Vuille",46.80954879023868,7.146038655217258,8577785,"Fribourg, Bertigny",46.8013,7.138046,2568,423,7.05,500,8.33,OK
2026-02-12 17:00:00,8577820,"Fribourg, Vuille",46.80954879023868,7.146038655217258,8504622,"Fribourg, Bellevue",46.81092671540513,7.171932726075358,3074,369,6.15,463,7.72,OK
2026-02-12 17:00:00,8577820,"Fribourg, Vuille",46.80954879023868,7.146038655217258,8589271,"Fribourg, Schönberg Dunant",46.80542535842347,7.178406780411913,4333,563,9.38,662,11.03,OK
2026-02-12 17:00:00,8577820,"Fribourg, Vuille",46.80954879023868,7.146038655217258,8592375,"Fribourg, Guintzet",46.80549,7.140123,2122,406,6.77,419,6.98,OK
2026-02-12 17:00:00,8577820,"Fribourg, Vuille",46.80954879023868,7.146038655217258,8592378,"Villars-sur-Glâne,Jean Paul II",46.803893,7.137545,2349,495,8.25,453,7.55,OK
2026-02-12 17:00:00,8577820,"Fribourg, Vuille",46.80954879023868,7.146038655217258,8592377,"Villars-sur-Glâne, Hôp. cant.",46.801851,7.13667,2797,458,7.63,531,8.85,OK
2026-02-12 17:00:00,8577820,"Fribourg, Vuille",46.80954879023868,7.146038655217258,8591767,"Fribourg, Route-de-Tavel",46.811223,7.172643,3108,373,6.22,468,7.8,OK
2026-02-12 17:00:00,8577820,"Fribourg, Vuille",46.80954879023868,7.146038655217258,8589270,"Fribourg, Kessler",46.812081,7.173246,3214,393,6.55,486,8.1,OK
2026-02-12 17:00:00,8577820,"Fribourg, Vuille",46.80954879023868,7.146038655217258,8589147,"Fribourg, Ploetscha",46.813063,7.173218,3323,407,6.78,499,8.32,OK
2026-02-12 17:00:00,8587238,"Givisiez, Mont Carmel",46.81181330912885,7.136875253157107,8577786,"Villars-sur-Glâne,Villars-Vert",46.798991,7.131395,4072,464,7.73,589,9.82,OK
2026-02-12 17:00:00,8587238,"Givisiez, Mont Carmel",46.81181330912885,7.136875253157107,8577785,"Fribourg, Bertigny",46.8013,7.138046,3249,534,8.9,615,10.25,OK
2026-02-12 17:00:00,8587238,"Givisiez, Mont Carmel",46.81181330912885,7.136875253157107,8504622,"Fribourg, Bellevue",46.81092671540513,7.171932726075358,3755,479,7.98,593,9.88,OK
2026-02-12 17:00:00,8587238,"Givisiez, Mont Carmel",46.81181330912885,7.136875253157107,8589271,"Fribourg, Schönberg Dunant",46.80542535842347,7.178406780411913,5013,674,11.23,794,13.23,OK
2026-02-12 17:00:00,8587238,"Givisiez, Mont Carmel",46.81181330912885,7.136875253157107,8592375,"Fribourg, Guintzet",46.80549,7.140123,2802,516,8.6,557,9.28,OK
2026-02-12 17:00:00,8587238,"Givisiez, Mont Carmel",46.81181330912885,7.136875253157107,8592378,"Villars-sur-Glâne,Jean Paul II",46.803893,7.137545,3643,609,10.15,669,11.15,OK
2026-02-12 17:00:00,8587238,"Givisiez, Mont Carmel",46.81181330912885,7.136875253157107,8592377,"Villars-sur-Glâne, Hôp. cant.",46.801851,7.13667,3478,568,9.47,648,10.8,OK
2026-02-12 17:00:00,8587238,"Givisiez, Mont Carmel",46.81181330912885,7.136875253157107,8591767,"Fribourg, Route-de-Tavel",46.811223,7.172643,3789,484,8.07,598,9.97,OK
2026-02-12 17:00:00,8587238,"Givisiez, Mont Carmel",46.81181330912885,7.136875253157107,8589270,"Fribourg, Kessler",46.812081,7.173246,3895,504,8.4,617,10.28,OK
2026-02-12 17:00:00,8587238,"Givisiez, Mont Carmel",46.81181330912885,7.136875253157107,8589147,"Fribourg, Ploetscha",46.813063,7.173218,4004,517,8.62,632,10.53,OK
2026-02-12 17:00:00,8589158,"Fribourg, Windig",46.816016,7.17397,8587356,"Fribourg, Pont-Zaehringen",46.807676,7.168025,1389,167,2.78,196,3.27,OK
2026-02-12 17:00:00,8589158,"Fribourg, Windig",46.816016,7.17397,8577741,"Fribourg, Charmettes",46.794961,7.157548,9434,904,15.07,978,16.3,OK
2026-02-12 17:00:00,8589158,"Fribourg, Windig",46.816016,7.17397,8589154,"Fribourg, Industrie",46.796508,7.155301,9632,945,15.75,1020,17.0,OK
2026-02-12 17:00:00,8589158,"Fribourg, Windig",46.816016,7.17397,8588858,"Fribourg, J. Vogt",46.798348,7.153271,5614,770,12.83,924,15.4,OK
2026-02-12 17:00:00,8589158,"Fribourg, Windig",46.816016,7.17397,8589155,"Fribourg, Fries",46.800675,7.152251,4668,814,13.57,837,13.95,OK
2026-02-12 17:00:00,8589158,"Fribourg, Windig",46.816016,7.17397,8588351,"Fribourg, Gambach",46.806306,7.15117,4118,499,8.32,584,9.73,OK
2026-02-12 17:00:00,8589158,"Fribourg, Windig",46.816016,7.17397,8577820,"Fribourg, Vuille",46.80954879023868,7.146038655217258,3574,411,6.85,500,8.33,OK
2026-02-12 17:00:00,8589158,"Fribourg, Windig",46.816016,7.17397,8587238,"Givisiez, Mont Carmel",46.81181330912885,7.136875253157107,4421,538,8.97,681,11.35,OK
2026-02-12 17:00:00,8587356,"Fribourg, Pont-Zaehringen",46.807676,7.168025,8589158,"Fribourg, Windig",46.816016,7.17397,1588,196,3.27,219,3.65,OK
2026-02-12 17:00:00,8587356,"Fribourg, Pont-Zaehringen",46.807676,7.168025,8577741,"Fribourg, Charmettes",46.794961,7.157548,8043,737,12.28,783,13.05,OK
2026-02-12 17:00:00,8587356,"Fribourg, Pont-Zaehringen",46.807676,7.168025,8589154,"Fribourg, Industrie",46.796508,7.155301,8240,778,12.97,825,13.75,OK
2026-02-12 17:00:00,8587356,"Fribourg, Pont-Zaehringen",46.807676,7.168025,8588858,"Fribourg, J. Vogt",46.798348,7.153271,4190,771,12.85,765,12.75,OK
2026-02-12 17:00:00,8587356,"Fribourg, Pont-Zaehringen",46.807676,7.168025,8589155,"Fribourg, Fries",46.800675,7.152251,3919,713,11.88,707,11.78,OK
2026-02-12 17:00:00,8587356,"Fribourg, Pont-Zaehringen",46.807676,7.168025,8588351,"Fribourg, Gambach",46.806306,7.15117,3918,478,7.97,552,9.2,OK
2026-02-12 17:00:00,8587356,"Fribourg, Pont-Zaehringen",46.807676,7.168025,8577820,"Fribourg, Vuille",46.80954879023868,7.146038655217258,3374,390,6.5,465,7.75,OK
2026-02-12 17:00:00,8587356,"Fribourg, Pont-Zaehringen",46.807676,7.168025,8587238,"Givisiez, Mont Carmel",46.81181330912885,7.136875253157107,4220,517,8.62,653,10.88,OK
2026-02-12 17:00:00,8577741,"Fribourg, Charmettes",46.794961,7.157548,8589158,"Fribourg, Windig",46.816016,7.17397,5613,889,14.82,1025,17.08,OK
2026-02-12 17:00:00,8577741,"Fribourg, Charmettes",46.794961,7.157548,8587356,"Fribourg, Pont-Zaehringen",46.807676,7.168025,8103,773,12.88,847,14.12,OK
2026-02-12 17:00:00,8577741,"Fribourg, Charmettes",46.794961,7.157548,8589154,"Fribourg, Industrie",46.796508,7.155301,278,80,1.33,89,1.48,OK
2026-02-12 17:00:00,8577741,"Fribourg, Charmettes",46.794961,7.157548,8588858,"Fribourg, J. Vogt",46.798348,7.153271,536,128,2.13,141,2.35,OK
2026-02-12 17:00:00,8577741,"Fribourg, Charmettes",46.794961,7.157548,8589155,"Fribourg, Fries",46.800675,7.152251,807,186,3.1,207,3.45,OK
2026-02-12 17:00:00,8577741,"Fribourg, Charmettes",46.794961,7.157548,8588351,"Fribourg, Gambach",46.806306,7.15117,2066,352,5.87,457,7.62,OK
2026-02-12 17:00:00,8577741,"Fribourg, Charmettes",46.794961,7.157548,8577820,"Fribourg, Vuille",46.80954879023868,7.146038655217258,2634,435,7.25,584,9.73,OK
2026-02-12 17:00:00,8577741,"Fribourg, Charmettes",46.794961,7.157548,8587238,"Givisiez, Mont Carmel",46.81181330912885,7.136875253157107,3480,562,9.37,777,12.95,OK
2026-02-12 17:00:00,8589154,"Fribourg, Industrie",46.796508,7.155301,8589158,"Fribourg, Windig",46.816016,7.17397,5335,809,13.48,962,16.03,OK
2026-02-12 17:00:00,8589154,"Fribourg, Industrie",46.796508,7.155301,8587356,"Fribourg, Pont-Zaehringen",46.807676,7.168025,4936,754,12.57,892,14.87,OK
2026-02-12 17:00:00,8589154,"Fribourg, Industrie",46.796508,7.155301,8577741,"Fribourg, Charmettes",46.794961,7.157548,278,77,1.28,86,1.43,OK
2026-02-12 17:00:00,8589154,"Fribourg, Industrie",46.796508,7.155301,8588858,"Fribourg, J. Vogt",46.798348,7.153271,258,48,0.8,59,0.98,OK
2026-02-12 17:00:00,8589154,"Fribourg, Industrie",46.796508,7.155301,8589155,"Fribourg, Fries",46.800675,7.152251,529,106,1.77,155,2.58,OK
2026-02-12 17:00:00,8589154,"Fribourg, Industrie",46.796508,7.155301,8588351,"Fribourg, Gambach",46.806306,7.15117,1412,350,5.83,449,7.48,OK
2026-02-12 17:00:00,8589154,"Fribourg, Industrie",46.796508,7.155301,8577820,"Fribourg, Vuille",46.80954879023868,7.146038655217258,1980,433,7.22,568,9.47,OK
2026-02-12 17:00:00,8589154,"Fribourg, Industrie",46.796508,7.155301,8587238,"Givisiez, Mont Carmel",46.81181330912885,7.136875253157107,2827,560,9.33,755,12.58,OK
2026-02-12 17:00:00,8588858,"Fribourg, J. Vogt",46.798348,7.153271,8589158,"Fribourg, Windig",46.816016,7.17397,5077,761,12.68,906,15.1,OK
2026-02-12 17:00:00,8588858,"Fribourg, J. Vogt",46.798348,7.153271,8587356,"Fribourg, Pont-Zaehringen",46.807676,7.168025,4678,706,11.77,839,13.98,OK
2026-02-12 17:00:00,8588858,"Fribourg, J. Vogt",46.798348,7.153271,8577741,"Fribourg, Charmettes",46.794961,7.157548,536,130,2.17,134,2.23,OK
2026-02-12 17:00:00,8588858,"Fribourg, J. Vogt",46.798348,7.153271,8589154,"Fribourg, Industrie",46.796508,7.155301,258,53,0.88,55,0.92,OK
2026-02-12 17:00:00,8588858,"Fribourg, J. Vogt",46.798348,7.153271,8589155,"Fribourg, Fries",46.800675,7.152251,270,58,0.97,79,1.32,OK
2026-02-12 17:00:00,8588858,"Fribourg, J. Vogt",46.798348,7.153271,8588351,"Fribourg, Gambach",46.806306,7.15117,1154,302,5.03,400,6.67,OK
2026-02-12 17:00:00,8588858,"Fribourg, J. Vogt",46.798348,7.153271,8577820,"Fribourg, Vuille",46.80954879023868,7.146038655217258,1722,385,6.42,511,8.52,OK
2026-02-12 17:00:00,8588858,"Fribourg, J. Vogt",46.798348,7.153271,8587238,"Givisiez, Mont Carmel",46.81181330912885,7.136875253157107,2568,512,8.53,702,11.7,OK
2026-02-12 17:00:00,8589155,"Fribourg, Fries",46.800675,7.152251,8589158,"Fribourg, Windig",46.816016,7.17397,4806,703,11.72,835,13.92,OK
2026-02-12 17:00:00,8589155,"Fribourg, Fries",46.800675,7.152251,8587356,"Fribourg, Pont-Zaehringen",46.807676,7.168025,4407,648,10.8,765,12.75,OK
2026-02-12 17:00:00,8589155,"Fribourg, Fries",46.800675,7.152251,8577741,"Fribourg, Charmettes",46.794961,7.157548,807,188,3.13,191,3.18,OK
2026-02-12 17:00:00,8589155,"Fribourg, Fries",46.800675,7.152251,8589154,"Fribourg, Industrie",46.796508,7.155301,529,111,1.85,132,2.2,OK
2026-02-12 17:00:00,8589155,"Fribourg, Fries",46.800675,7.152251,8588858,"Fribourg, J. Vogt",46.798348,7.153271,270,58,0.97,66,1.1,OK
2026-02-12 17:00:00,8589155,"Fribourg, Fries",46.800675,7.152251,8588351,"Fribourg, Gambach",46.806306,7.15117,883,244,4.07,312,5.2,OK
2026-02-12 17:00:00,8589155,"Fribourg, Fries",46.800675,7.152251,8577820,"Fribourg, Vuille",46.80954879023868,7.146038655217258,1451,327,5.45,437,7.28,OK
2026-02-12 17:00:00,8589155,"Fribourg, Fries",46.800675,7.152251,8587238,"Givisiez, Mont Carmel",46.81181330912885,7.136875253157107,2298,454,7.57,628,10.47,OK
2026-02-12 17:00:00,8588351,"Fribourg, Gambach",46.806306,7.15117,8589158,"Fribourg, Windig",46.816016,7.17397,4205,516,8.6,628,10.47,OK
2026-02-12 17:00:00,8588351,"Fribourg, Gambach",46.806306,7.15117,8587356,"Fribourg, Pont-Zaehringen",46.807676,7.168025,3806,462,7.7,569,9.48,OK
2026-02-12 17:00:00,8588351,"Fribourg, Gambach",46.806306,7.15117,8577741,"Fribourg, Charmettes",46.794961,7.157548,2096,339,5.65,467,7.78,OK
2026-02-12 17:00:00,8588351,"Fribourg, Gambach",46.806306,7.15117,8589154,"Fribourg, Industrie",46.796508,7.155301,1822,318,5.3,384,6.4,OK
2026-02-12 17:00:00,8588351,"Fribourg, Gambach",46.806306,7.15117,8588858,"Fribourg, J. Vogt",46.798348,7.153271,1493,270,4.5,346,5.77,OK
2026-02-12 17:00:00,8588351,"Fribourg, Gambach",46.806306,7.15117,8589155,"Fribourg, Fries",46.800675,7.152251,1553,284,4.73,373,6.22,OK
2026-02-12 17:00:00,8588351,"Fribourg, Gambach",46.806306,7.15117,8577820,"Fribourg, Vuille",46.80954879023868,7.146038655217258,565,83,1.38,134,2.23,OK
2026-02-12 17:00:00,8588351,"Fribourg, Gambach",46.806306,7.15117,8587238,"Givisiez, Mont Carmel",46.81181330912885,7.136875253157107,1411,210,3.5,323,5.38,OK
2026-02-12 17:00:00,8577820,"Fribourg, Vuille",46.80954879023868,7.146038655217258,8589158,"Fribourg, Windig",46.816016,7.17397,3824,457,7.62,561,9.35,OK
2026-02-12 17:00:00,8577820,"Fribourg, Vuille",46.80954879023868,7.146038655217258,8587356,"Fribourg, Pont-Zaehringen",46.807676,7.168025,3425,402,6.7,506,8.43,OK
2026-02-12 17:00:00,8577820,"Fribourg, Vuille",46.80954879023868,7.146038655217258,8577741,"Fribourg, Charmettes",46.794961,7.157548,2730,431,7.18,567,9.45,OK
2026-02-12 17:00:00,8577820,"Fribourg, Vuille",46.80954879023868,7.146038655217258,8589154,"Fribourg, Industrie",46.796508,7.155301,2928,472,7.87,606,10.1,OK
2026-02-12 17:00:00,8577820,"Fribourg, Vuille",46.80954879023868,7.146038655217258,8588858,"Fribourg, J. Vogt",46.798348,7.153271,2127,362,6.03,448,7.47,OK
2026-02-12 17:00:00,8577820,"Fribourg, Vuille",46.80954879023868,7.146038655217258,8589155,"Fribourg, Fries",46.800675,7.152251,2188,376,6.27,478,7.97,OK
2026-02-12 17:00:00,8577820,"Fribourg, Vuille",46.80954879023868,7.146038655217258,8588351,"Fribourg, Gambach",46.806306,7.15117,631,91,1.52,107,1.78,OK
2026-02-12 17:00:00,8577820,"Fribourg, Vuille",46.80954879023868,7.146038655217258,8587238,"Givisiez, Mont Carmel",46.81181330912885,7.136875253157107,847,127,2.12,203,3.38,OK
2026-02-12 17:00:00,8587238,"Givisiez, Mont Carmel",46.81181330912885,7.136875253157107,8589158,"Fribourg, Windig",46.816016,7.17397,4505,568,9.47,686,11.43,OK
2026-02-12 17:00:00,8587238,"Givisiez, Mont Carmel",46.81181330912885,7.136875253157107,8587356,"Fribourg, Pont-Zaehringen",46.807676,7.168025,4105,513,8.55,626,10.43,OK
2026-02-12 17:00:00,8587238,"Givisiez, Mont Carmel",46.81181330912885,7.136875253157107,8577741,"Fribourg, Charmettes",46.794961,7.157548,3411,541,9.02,680,11.33,OK
2026-02-12 17:00:00,8587238,"Givisiez, Mont Carmel",46.81181330912885,7.136875253157107,8589154,"Fribourg, Industrie",46.796508,7.155301,3608,582,9.7,728,12.13,OK
2026-02-12 17:00:00,8587238,"Givisiez, Mont Carmel",46.81181330912885,7.136875253157107,8588858,"Fribourg, J. Vogt",46.798348,7.153271,2808,472,7.87,580,9.67,OK
2026-02-12 17:00:00,8587238,"Givisiez, Mont Carmel",46.81181330912885,7.136875253157107,8589155,"Fribourg, Fries",46.800675,7.152251,2868,486,8.1,606,10.1,OK
2026-02-12 17:00:00,8587238,"Givisiez, Mont Carmel",46.81181330912885,7.136875253157107,8588351,"Fribourg, Gambach",46.806306,7.15117,1312,202,3.37,234,3.9,OK
2026-02-12 17:00:00,8587238,"Givisiez, Mont Carmel",46.81181330912885,7.136875253157107,8577820,"Fribourg, Vuille",46.80954879023868,7.146038655217258,798,131,2.18,167,2.78,OK
