passenger_id,origin,destination,appear_time,board_time,arrival_time,status,wait_time,travel_time,total_time,assigned_vehicle
P1,8589141,8589161,93.85361799537182,1408.0,1903.0,ARRIVED,1314.146382004628,495.0,1809.146382004628,
P2,8589152,8589161,395.0237080636348,1396.2000007629395,2266.800006866455,ARRIVED,1001.1762926993047,870.6000061035156,1871.7762988028203,MINIBUS_2
P3,8589138,8592374,50.887461138703884,1494.0,1996.0,ARRIVED,1443.1125388612961,502.0,1945.1125388612961,
P4,8589138,8592374,101.76634871308543,1494.0,1996.0,ARRIVED,1392.2336512869147,502.0,1894.2336512869147,
P5,8589138,8592374,119.71797929568964,1494.0,1996.0,ARRIVED,1374.2820207043103,502.0,1876.2820207043103,
P6,8591766,8592374,110.28985142323138,1320.0,1828.0,ARRIVED,1209.7101485767687,508.0,1717.7101485767687,
P7,8591766,8592374,258.0398494340897,1320.0,1828.0,ARRIVED,1061.9601505659102,508.0,1569.9601505659102,
P8,8591766,8592374,260.53576623530023,1877.4000091552734,2289.0,ARRIVED,1616.864242919973,411.59999084472656,2028.4642337646997,MINIBUS_2
P9,8587255,8592374,214.37153157318522,1518.0,1828.0,ARRIVED,1303.6284684268148,310.0,1613.6284684268148,
P10,8587255,8592374,243.0140447820168,1518.0,1828.0,ARRIVED,1274.9859552179832,310.0,1584.9859552179832,
P11,8587255,8592374,267.0955219009172,2248.2000122070312,2289.0,ARRIVED,1981.104490306114,40.79998779296875,2021.9044780990828,MINIBUS_2
P12,8587255,8592374,291.40889109498556,2248.2000122070312,2289.0,ARRIVED,1956.7911211120456,40.79998779296875,1997.5911089050144,MINIBUS_2
P13,8587255,8592374,334.9393358626515,1518.0,1828.0,ARRIVED,1183.0606641373486,310.0,1493.0606641373486,
P14,8587255,8592374,424.21066989023507,1518.0,1828.0,ARRIVED,1093.789330109765,310.0,1403.789330109765,
P15,8587255,8592374,492.0751135891701,1713.5999908447266,1728.0,ARRIVED,1221.5248772555565,14.400009155273438,1235.92488641083,MINIBUS_1
P16,8587255,8592374,533.3818700694301,1518.0,1828.0,ARRIVED,984.6181299305699,310.0,1294.61812993057,
P17,8589161,8589141,90.1407172364032,2266.800006866455,2617.199996948242,ARRIVED,2176.6592896300517,350.3999900817871,2527.059279711839,MINIBUS_2
P18,8589161,8589141,297.45002443784455,1792.0,2375.0,ARRIVED,1494.5499755621554,583.0,2077.5499755621554,
P19,8589161,8589141,571.2163553703529,739.1999969482422,1099.1999969482422,ARRIVED,167.98364157788933,360.0,527.9836415778893,MINIBUS_2
P20,8589161,8589138,133.64151727721418,1792.0,2228.0,ARRIVED,1658.3584827227858,436.0,2094.358482722786,
P21,8589161,8589138,566.8590102970908,1792.0,2228.0,ARRIVED,1225.1409897029093,436.0,1661.1409897029093,
P22,8589161,8587255,28.538309853845128,1516.0,1620.0,ARRIVED,1487.461690146155,104.0,1591.461690146155,
P23,8589161,8587255,589.7381222436112,1668.0,1713.5999908447266,ARRIVED,1078.261877756389,45.59999084472656,1123.8618686011155,MINIBUS_1
P24,8589161,8589131,40.358358527582546,1903.0,2596.0,ARRIVED,1862.6416414724174,693.0,2555.6416414724176,
P25,8589161,8504622,495.699471843863,739.1999969482422,811.2000122070312,ARRIVED,243.50052510437916,72.00001525878906,315.5005403631682,MINIBUS_2
P26,8589161,8589271,61.666389001503745,1792.0,2436.0,ARRIVED,1730.3336109984962,644.0,2374.333610998496,
P27,8589161,8592375,348.054505551239,1666.0,2381.0,ARRIVED,1317.945494448761,715.0,2032.945494448761,
P28,8589161,8592375,426.14584592390815,1668.0,1738.7999992370605,ARRIVED,1241.8541540760918,70.79999923706055,1312.6541533131524,MINIBUS_1
P29,8589161,8592377,20.99623286608745,1666.0,2250.0,ARRIVED,1645.0037671339126,584.0,2229.0037671339123,
P30,8589161,8589270,179.67466610441164,1516.0,1884.0,ARRIVED,1336.3253338955883,368.0,1704.3253338955883,
P31,8589161,8589158,74.70931633152473,1516.0,1970.0,ARRIVED,1441.2906836684754,454.0,1895.2906836684754,
P32,8589161,8589158,221.53149551337043,1516.0,1970.0,ARRIVED,1294.4685044866296,454.0,1748.4685044866296,
P33,8589161,8589158,379.77625510972996,2266.800006866455,2326.199996948242,ARRIVED,1887.0237517567252,59.39999008178711,1946.4237418385123,MINIBUS_2
P34,8589161,8589158,420.6539750113111,2320.2000122070312,2326.199996948242,ARRIVED,1899.5460371957201,5.9999847412109375,1905.546021936931,MINIBUS_2
P35,8592374,8589141,223.8368065707211,1627.0,2375.0,ARRIVED,1403.1631934292789,748.0,2151.163193429279,
P36,8592374,8589152,450.4303995068393,1627.0,2325.0,ARRIVED,1176.5696004931606,698.0,1874.5696004931606,
P37,8592374,8587255,18.531091790623126,1380.0,1620.0,ARRIVED,1361.4689082093769,240.0,1601.4689082093769,
P38,8592374,8587255,62.15803071687661,1380.0,1620.0,ARRIVED,1317.8419692831235,240.0,1557.8419692831235,
P39,8592374,8587255,71.414423854243,1380.0,1620.0,ARRIVED,1308.585576145757,240.0,1548.585576145757,
P40,8592374,8587255,150.12084121486038,1380.0,1620.0,ARRIVED,1229.8791587851397,240.0,1469.8791587851397,
P41,8592374,8587255,248.54689957370408,1380.0,1620.0,ARRIVED,1131.4531004262958,240.0,1371.4531004262958,
P42,8592374,8587255,311.85898821546925,1380.0,1620.0,ARRIVED,1068.1410117845307,240.0,1308.1410117845307,
P43,8592374,8589130,88.24539990597403,1996.0,2793.0,ARRIVED,1907.754600094026,797.0,2704.754600094026,
P44,8592374,8589130,154.20596793282385,1996.0,2793.0,ARRIVED,1841.7940320671762,797.0,2638.794032067176,
P45,8592374,8589130,310.687384574373,600.0,1028.4000244140625,ARRIVED,289.312615425627,428.4000244140625,717.7126398396895,MINIBUS_1
P46,8592374,8589130,341.0670141384988,600.0,1028.4000244140625,ARRIVED,258.9329858615012,428.4000244140625,687.3330102755638,MINIBUS_1
P47,8592374,8589131,23.242760643392703,1996.0,2596.0,ARRIVED,1972.7572393566072,600.0,2572.7572393566074,
P48,8592374,8588344,295.89675524830227,1996.0,2528.0,ARRIVED,1700.1032447516977,532.0,2232.1032447516977,
P49,8592374,8588344,340.20464334947945,1728.0,1902.5999908447266,ARRIVED,1387.7953566505205,174.59999084472656,1562.395347495247,MINIBUS_1
P50,8592374,8588344,341.3121274246665,600.0,1231.2000274658203,ARRIVED,258.6878725753335,631.2000274658203,889.8879000411538,MINIBUS_1
P51,8592374,8577786,184.0643861080567,1996.0,2433.0,ARRIVED,1811.9356138919434,437.0,2248.9356138919434,
P52,8592374,8577786,379.91382242625656,1525.7999877929688,1949.4000053405762,ARRIVED,1145.8861653667122,423.6000175476074,1569.4861829143197,MINIBUS_1
P53,8592374,8577785,15.38585310275927,1525.7999877929688,1830.6000022888184,ARRIVED,1510.4141346902095,304.8000144958496,1815.214149186059,MINIBUS_1
P54,8592374,8577785,104.16438758600577,1828.0,2169.0,ARRIVED,1723.835612413994,341.0,2064.835612413994,
P55,8592374,8577785,128.7944085068957,1828.0,2169.0,ARRIVED,1699.2055914931043,341.0,2040.2055914931043,
P56,8592374,8577785,526.5003228385402,1828.0,2169.0,ARRIVED,1301.4996771614597,341.0,1642.4996771614597,
P57,8592374,8504622,48.218253084521955,2289.0,2539.199996948242,ARRIVED,2240.781746915478,250.1999969482422,2490.98174386372,MINIBUS_2
P58,8592374,8504622,56.09842048008832,1627.0,2164.0,ARRIVED,1570.9015795199116,537.0,2107.9015795199116,
P59,8592374,8504622,100.79701968747018,2289.0,2539.199996948242,ARRIVED,2188.2029803125297,250.1999969482422,2438.402977260772,MINIBUS_2
P60,8592374,8504622,147.99472226881664,1627.0,2164.0,ARRIVED,1479.0052777311835,537.0,2016.0052777311835,
P61,8592374,8504622,304.9398063654452,1627.0,2164.0,ARRIVED,1322.0601936345547,537.0,1859.0601936345547,
P62,8592374,8504622,426.7265216935763,1627.0,2164.0,ARRIVED,1200.2734783064238,537.0,1737.2734783064238,
P63,8592374,8589271,95.85992000644647,1627.0,2436.0,ARRIVED,1531.1400799935536,809.0,2340.1400799935536,
P64,8592374,8589271,114.96577904877176,1627.0,2436.0,ARRIVED,1512.0342209512282,809.0,2321.0342209512282,
P65,8592374,8589271,302.33473069626166,1627.0,2436.0,ARRIVED,1324.6652693037383,809.0,2133.6652693037386,
P66,8592374,8589271,516.8936436577912,600.0,1183.1999969482422,ARRIVED,83.10635634220876,583.1999969482422,666.3063532904509,MINIBUS_2
P67,8592374,8592375,442.16699001640933,1828.0,2381.0,ARRIVED,1385.8330099835907,553.0,1938.8330099835907,
P68,8592374,8592378,443.80730326636024,1525.7999877929688,1786.7999877929688,ARRIVED,1081.9926845266086,261.0,1342.9926845266086,MINIBUS_1
P69,8592374,8592377,5.149554798022746,1525.7999877929688,1839.0000267028809,ARRIVED,1520.650432994946,313.2000389099121,1833.850471904858,MINIBUS_1
P70,8592374,8592377,27.983041836395913,1828.0,2250.0,ARRIVED,1800.0169581636042,422.0,2222.016958163604,
P71,8592374,8592377,34.36977809500668,1828.0,2250.0,ARRIVED,1793.6302219049933,422.0,2215.6302219049935,
P72,8592374,8592377,236.7156882805166,1828.0,2250.0,ARRIVED,1591.2843117194834,422.0,2013.2843117194834,
P73,8592374,8592377,312.19503003953656,1828.0,2250.0,ARRIVED,1515.8049699604635,422.0,1937.8049699604635,
P74,8592374,8592377,454.28246546637456,1828.0,2250.0,ARRIVED,1373.7175345336254,422.0,1795.7175345336254,
P75,8592374,8589270,57.347764596659665,1380.0,1884.0,ARRIVED,1322.6522354033402,504.0,1826.6522354033402,
P76,8592374,8589270,163.0041595731942,1380.0,1884.0,ARRIVED,1216.995840426806,504.0,1720.995840426806,
P77,8592374,8589270,444.75398908091086,1380.0,1884.0,ARRIVED,935.2460109190891,504.0,1439.2460109190893,
P78,8592374,8589270,496.7150204643897,600.0,1458.6000213623047,ARRIVED,103.28497953561032,858.6000213623047,961.885000897915,MINIBUS_2
P79,8592374,8589270,512.7358761744249,1380.0,1884.0,ARRIVED,867.2641238255751,504.0,1371.264123825575,
P80,8592374,8589270,581.1639369518364,600.0,1458.6000213623047,ARRIVED,18.836063048163624,858.6000213623047,877.4360844104683,MINIBUS_2
P81,8592374,8589158,265.4950085880625,2289.0,2326.199996948242,ARRIVED,2023.5049914119375,37.19999694824219,2060.70498836018,MINIBUS_2
P82,8592374,8589158,430.5837166365194,1380.0,1970.0,ARRIVED,949.4162833634806,590.0,1539.4162833634805,
P83,8592374,8589158,530.9331356885725,600.0,1692.0,ARRIVED,69.06686431142748,1092.0,1161.0668643114275,MINIBUS_2
P84,8589130,8592374,488.3906822221669,1393.0,2115.0,ARRIVED,904.6093177778331,722.0,1626.609317777833,
P85,8589130,8592374,550.3393251297587,1393.0,2115.0,ARRIVED,842.6606748702413,722.0,1564.6606748702413,
P86,8589131,8592374,232.5299705898516,1074.0,1627.0,ARRIVED,841.4700294101484,553.0,1394.4700294101485,
P87,8588344,8592374,194.07794383521988,1136.0,1627.0,ARRIVED,941.9220561647801,491.0,1432.92205616478,
P88,8588344,8592374,226.88343423107628,1231.2000274658203,1525.7999877929688,ARRIVED,1004.316593234744,294.59996032714844,1298.9165535618924,MINIBUS_1
P89,8588344,8592374,236.87704808305315,1136.0,1627.0,ARRIVED,899.1229519169468,491.0,1390.122951916947,
P90,8588344,8592374,259.05019803408914,1136.0,1627.0,ARRIVED,876.9498019659109,491.0,1367.9498019659109,
P91,8588344,8592374,306.79800087682935,1136.0,1627.0,ARRIVED,829.2019991231707,491.0,1320.2019991231707,
P92,8588344,8592374,452.8405507314802,1136.0,1627.0,ARRIVED,683.1594492685198,491.0,1174.15944926852,
P93,8577786,8592374,1.3952818363301294,1230.0,1627.0,ARRIVED,1228.6047181636698,397.0,1625.6047181636698,
P94,8577786,8592374,144.3705137040413,724.2000122070312,1525.7999877929688,ARRIVED,579.82949850299,801.5999755859375,1381.4294740889275,MINIBUS_1
P95,8577786,8592374,252.42517788777553,1230.0,1627.0,ARRIVED,977.5748221122244,397.0,1374.5748221122244,
P96,8577786,8592374,302.65864554294046,1230.0,1627.0,ARRIVED,927.3413544570595,397.0,1324.3413544570594,
P97,8577786,8592374,328.19472385206984,1230.0,1627.0,ARRIVED,901.8052761479302,397.0,1298.8052761479303,
P98,8577786,8592374,410.57643982455636,1284.0,1525.7999877929688,ARRIVED,873.4235601754436,241.79998779296875,1115.2235479684123,MINIBUS_1
P99,8577785,8592374,46.846053367384876,1060.0,1380.0,ARRIVED,1013.1539466326151,320.0,1333.153946632615,
P100,8577785,8592374,134.62038447806108,1060.0,1380.0,ARRIVED,925.379615521939,320.0,1245.3796155219388,
P101,8577785,8592374,280.3108124410151,1060.0,1380.0,ARRIVED,779.6891875589849,320.0,1099.689187558985,
P102,8577785,8592374,334.54774886875884,1060.0,1380.0,ARRIVED,725.4522511312412,320.0,1045.4522511312412,
P103,8592378,8592374,174.03677699532318,1468.2000274658203,1525.7999877929688,ARRIVED,1294.1632504704971,57.59996032714844,1351.7632107976456,MINIBUS_1
P104,8592378,8592374,586.6323440736314,859.0,1380.0,ARRIVED,272.36765592636857,521.0,793.3676559263686,
P105,8592377,8592374,50.287451457162256,926.0,1380.0,ARRIVED,875.7125485428378,454.0,1329.7125485428378,
P106,8592377,8592374,55.92512312199064,1518.0000267028809,1525.7999877929688,ARRIVED,1462.0749035808901,7.799961090087891,1469.874864670978,MINIBUS_1
P107,8592377,8592374,196.99893376937962,926.0,1380.0,ARRIVED,729.0010662306204,454.0,1183.0010662306204,
P108,8592377,8592374,301.7768786938254,926.0,1380.0,ARRIVED,624.2231213061746,454.0,1078.2231213061746,
P109,8592377,8592374,309.7045418008843,926.0,1380.0,ARRIVED,616.2954581991157,454.0,1070.2954581991157,
P110,8592377,8592374,358.69842995243965,926.0,1380.0,ARRIVED,567.3015700475603,454.0,1021.3015700475603,
P111,8589158,8592374,41.07908282131156,1159.0,1828.0,ARRIVED,1117.9209171786883,669.0,1786.9209171786883,
P112,8589158,8592374,64.55871196913202,1159.0,1828.0,ARRIVED,1094.441288030868,669.0,1763.441288030868,
P113,8589158,8592374,165.39952839017747,1692.0,2289.0,ARRIVED,1526.6004716098225,597.0,2123.6004716098223,MINIBUS_2
P114,8587356,8592374,166.2868881358357,1420.0,1828.0,ARRIVED,1253.7131118641644,408.0,1661.7131118641644,
P115,8589141,8589161,932.2656398174058,1408.0,1903.0,ARRIVED,475.7343601825942,495.0,970.7343601825942,
P116,8589138,8592374,814.8279710798711,1494.0,1996.0,ARRIVED,679.1720289201289,502.0,1181.172028920129,
P117,8589138,8592374,1023.6832843452308,1448.400001525879,2053.2000007629395,ARRIVED,424.71671718064806,604.7999992370605,1029.5167164177087,MINIBUS_2
P118,8591766,8592374,725.966280977815,1320.0,1828.0,ARRIVED,594.033719022185,508.0,1102.0337190221849,
P119,8591766,8592374,871.2323495634286,1877.4000091552734,2053.2000007629395,ARRIVED,1006.1676595918449,175.79999160766602,1181.9676511995108,MINIBUS_2
P120,8591766,8592374,1061.8666744377283,1320.0,1828.0,ARRIVED,258.1333255622717,508.0,766.1333255622717,
P121,8587255,8592374,649.4978857095275,1518.0,1828.0,ARRIVED,868.5021142904725,310.0,1178.5021142904725,
P122,8587255,8592374,706.0102967638717,1518.0,1828.0,ARRIVED,811.9897032361283,310.0,1121.9897032361282,
P123,8587255,8592374,717.8538207133639,1518.0,1828.0,ARRIVED,800.1461792866361,310.0,1110.1461792866362,
P124,8587255,8592374,821.4634973191698,1549.7999992370605,1647.5999908447266,ARRIVED,728.3365019178907,97.79999160766602,826.1364935255567,MINIBUS_1
P125,8587255,8592374,825.8559895452055,1549.7999992370605,1647.5999908447266,ARRIVED,723.9440096918551,97.79999160766602,821.7440012995211,MINIBUS_1
P126,8587255,8592374,901.048818546427,1518.0,1828.0,ARRIVED,616.951181453573,310.0,926.951181453573,
P127,8587255,8592374,994.9241628604481,1518.0,1828.0,ARRIVED,523.0758371395519,310.0,833.0758371395519,
P128,8587255,8592374,1035.4398395222734,1986.0,2053.2000007629395,ARRIVED,950.5601604777266,67.20000076293945,1017.7601612406661,MINIBUS_2
P129,8587255,8592374,1142.6757363219392,2077.800006866455,2117.4000091552734,ARRIVED,935.1242705445159,39.60000228881836,974.7242728333342,MINIBUS_2
P130,8587255,8592374,1146.3927435377952,1518.0,1828.0,ARRIVED,371.60725646220476,310.0,681.6072564622048,
P131,8587255,8592374,1150.9603631613286,3663.5999908447266,3672.0,ARRIVED,2512.639627683398,8.400009155273438,2521.0396368386714,MINIBUS_1
P132,8589161,8589141,867.9510145246468,1792.0,2375.0,ARRIVED,924.0489854753532,583.0,1507.0489854753532,
P133,8589161,8589141,949.4844393031036,1792.0,2375.0,ARRIVED,842.5155606968964,583.0,1425.5155606968965,
P134,8589161,8589138,745.870802057942,2057.4000091552734,2168.4000091552734,ARRIVED,1311.5292070973314,111.0,1422.5292070973314,MINIBUS_2
P135,8589161,8587255,653.5266173939384,2057.4000091552734,2248.2000122070312,ARRIVED,1403.873391761335,190.8000030517578,1594.6733948130927,MINIBUS_2
P136,8589161,8587255,685.3656749401241,1516.0,1620.0,ARRIVED,830.6343250598759,104.0,934.6343250598759,
P137,8589161,8587255,1140.1110393154368,1516.0,1620.0,ARRIVED,375.88896068456324,104.0,479.88896068456324,
P138,8589161,8589271,1035.7746715382136,1792.0,2436.0,ARRIVED,756.2253284617864,644.0,1400.2253284617864,
P139,8589161,8592377,789.5108792616824,1666.0,2250.0,ARRIVED,876.4891207383176,584.0,1460.4891207383175,
P140,8589161,8592377,1136.300938025663,1666.0,2250.0,ARRIVED,529.6990619743369,584.0,1113.699061974337,
P141,8589161,8592377,1185.324039175865,1666.0,2250.0,ARRIVED,480.675960824135,584.0,1064.675960824135,
P142,8589161,8589158,961.5535284230125,1516.0,1970.0,ARRIVED,554.4464715769875,454.0,1008.4464715769875,
P143,8589161,8589158,1199.6820749828807,1516.0,1970.0,ARRIVED,316.31792501711925,454.0,770.3179250171193,
P144,8592374,8589141,628.5459804213164,920.4000091552734,1099.1999969482422,ARRIVED,291.8540287339571,178.79998779296875,470.65401652692583,MINIBUS_2
P145,8592374,8589141,654.0640916572445,1627.0,2375.0,ARRIVED,972.9359083427555,748.0,1720.9359083427555,
P146,8592374,8589141,697.264990026232,1627.0,2375.0,ARRIVED,929.735009973768,748.0,1677.735009973768,
P147,8592374,8589141,816.7835872732292,1627.0,2375.0,ARRIVED,810.2164127267708,748.0,1558.2164127267708,
P148,8592374,8589141,1004.8609804397455,1627.0,2375.0,ARRIVED,622.1390195602545,748.0,1370.1390195602544,
P149,8592374,8589141,1166.7695328942652,1318.1999969482422,1356.0,ARRIVED,151.43046405397695,37.80000305175781,189.23046710573476,MINIBUS_2
P150,8592374,8589138,1001.7052214625679,1627.0,2228.0,ARRIVED,625.2947785374321,601.0,1226.2947785374322,
P151,8592374,8587255,789.206094407487,1525.7999877929688,1549.7999992370605,ARRIVED,736.5938933854818,24.000011444091797,760.5939048295736,MINIBUS_1
P152,8592374,8587255,898.0136675138972,1380.0,1620.0,ARRIVED,481.9863324861028,240.0,721.9863324861028,
P153,8592374,8587255,954.9459259687098,1525.7999877929688,1549.7999992370605,ARRIVED,570.8540618242589,24.000011444091797,594.8540732683507,MINIBUS_1
P154,8592374,8587255,1042.9487518333324,2053.2000007629395,2077.800006866455,ARRIVED,1010.2512489296071,24.600006103515625,1034.8512550331227,MINIBUS_2
P155,8592374,8589130,602.8996159441608,996.0,1028.4000244140625,ARRIVED,393.1003840558392,32.4000244140625,425.5004084699017,MINIBUS_1
P156,8592374,8589130,627.575694392156,1996.0,2793.0,ARRIVED,1368.424305607844,797.0,2165.424305607844,
P157,8592374,8589130,636.9945697826602,1996.0,2793.0,ARRIVED,1359.0054302173398,797.0,2156.00543021734,
P158,8592374,8589130,645.3108601661187,1996.0,2793.0,ARRIVED,1350.6891398338812,797.0,2147.689139833881,
P159,8592374,8589130,1032.1514668892505,1996.0,2793.0,ARRIVED,963.8485331107495,797.0,1760.8485331107495,
P160,8592374,8589131,792.8353783238676,1996.0,2596.0,ARRIVED,1203.1646216761324,600.0,1803.1646216761324,
P161,8592374,8589131,823.7224538582116,996.0,1142.4000244140625,ARRIVED,172.27754614178843,146.4000244140625,318.67757055585093,MINIBUS_1
P162,8592374,8589131,1026.6778435973815,1996.0,2596.0,ARRIVED,969.3221564026185,600.0,1569.3221564026185,
P163,8592374,8588344,638.038942560045,3672.0,4044.000026702881,ARRIVED,3033.961057439955,372.00002670288086,3405.9610841428357,MINIBUS_1
P164,8592374,8588344,751.8187688205098,1996.0,2528.0,ARRIVED,1244.1812311794902,532.0,1776.1812311794902,
P165,8592374,8588344,853.4860917371512,3672.0,4044.000026702881,ARRIVED,2818.513908262849,372.00002670288086,3190.5139349657297,MINIBUS_1
P166,8592374,8588344,1044.8305783197782,1996.0,2528.0,ARRIVED,951.1694216802218,532.0,1483.1694216802218,
P167,8592374,8577786,606.9543486030802,3672.0,4086.0,ARRIVED,3065.0456513969198,414.0,3479.0456513969198,MINIBUS_1
P168,8592374,8577786,677.3619493013395,1996.0,2433.0,ARRIVED,1318.6380506986607,437.0,1755.6380506986607,
P169,8592374,8577786,824.8306985187487,1996.0,2433.0,ARRIVED,1171.1693014812513,437.0,1608.1693014812513,
P170,8592374,8577786,929.7466164099171,1996.0,2433.0,ARRIVED,1066.2533835900829,437.0,1503.2533835900829,
P171,8592374,8577785,814.9949528109996,3672.0,3736.799976348877,ARRIVED,2857.0050471890004,64.79997634887695,2921.8050235378773,MINIBUS_1
P172,8592374,8577785,850.565526564461,1828.0,2169.0,ARRIVED,977.434473435539,341.0,1318.434473435539,
P173,8592374,8577785,865.2020138157092,1828.0,2169.0,ARRIVED,962.7979861842908,341.0,1303.797986184291,
P174,8592374,8577785,1070.8808432374874,1828.0,2169.0,ARRIVED,757.1191567625126,341.0,1098.1191567625126,
P175,8592374,8577785,1076.2546577709663,1828.0,2169.0,ARRIVED,751.7453422290337,341.0,1092.7453422290337,
P176,8592374,8504622,938.0706331525048,1627.0,2164.0,ARRIVED,688.9293668474952,537.0,1225.9293668474952,
P177,8592374,8504622,1040.8845200850787,1627.0,2164.0,ARRIVED,586.1154799149213,537.0,1123.1154799149213,
P178,8592374,8504622,1099.840599403621,1627.0,2164.0,ARRIVED,527.1594005963791,537.0,1064.159400596379,
P179,8592374,8589271,691.9433961076637,1627.0,2436.0,ARRIVED,935.0566038923363,809.0,1744.0566038923362,
P180,8592374,8589271,810.2655501941117,1627.0,2436.0,ARRIVED,816.7344498058883,809.0,1625.7344498058883,
P181,8592374,8592375,746.3782582050561,3672.0,3686.4000129699707,ARRIVED,2925.621741794944,14.400012969970703,2940.0217547649145,MINIBUS_1
P182,8592374,8592377,643.57925218809,3672.0,3766.799976348877,ARRIVED,3028.42074781191,94.79997634887695,3123.220724160787,MINIBUS_1
P183,8592374,8592377,657.9560832487214,1828.0,2250.0,ARRIVED,1170.0439167512786,422.0,1592.0439167512786,
P184,8592374,8592377,679.2011503450474,1828.0,2250.0,ARRIVED,1148.7988496549526,422.0,1570.7988496549526,
P185,8592374,8592377,682.8791279144941,1828.0,2250.0,ARRIVED,1145.1208720855059,422.0,1567.1208720855059,
P186,8592374,8592377,702.7201302456449,1828.0,2250.0,ARRIVED,1125.279869754355,422.0,1547.279869754355,
P187,8592374,8592377,932.4951047610783,1288.8000030517578,1518.0000267028809,ARRIVED,356.3048982906795,229.20002365112305,585.5049219418025,MINIBUS_1
P188,8592374,8592377,947.2650301503637,1288.8000030517578,1518.0000267028809,ARRIVED,341.5349729013941,229.20002365112305,570.7349965525171,MINIBUS_1
P189,8592374,8592377,1024.0964678093374,1828.0,2250.0,ARRIVED,803.9035321906626,422.0,1225.9035321906626,
P190,8592374,8589270,604.7094006361423,1380.0,1884.0,ARRIVED,775.2905993638577,504.0,1279.2905993638578,
P191,8592374,8589270,941.615501873334,1380.0,1884.0,ARRIVED,438.384498126666,504.0,942.384498126666,
P192,8592374,8589270,1007.8321952412599,2117.4000091552734,2192.3999977111816,ARRIVED,1109.5678139140136,74.9999885559082,1184.5678024699218,MINIBUS_2
P193,8592374,8589270,1032.9822192070815,1380.0,1884.0,ARRIVED,347.01778079291853,504.0,851.0177807929185,
P194,8592374,8589158,699.1399176433221,1380.0,1970.0,ARRIVED,680.8600823566779,590.0,1270.860082356678,
P195,8592374,8589158,909.0814990520167,1380.0,1970.0,ARRIVED,470.91850094798326,590.0,1060.9185009479834,
P196,8592374,8589158,1041.9108569284567,1380.0,1970.0,ARRIVED,338.0891430715433,590.0,928.0891430715433,
P197,8589130,8592374,699.4001586920216,1393.0,2115.0,ARRIVED,693.5998413079784,722.0,1415.5998413079783,
P198,8589130,8592374,758.0001475041557,1393.0,2115.0,ARRIVED,634.9998524958443,722.0,1356.9998524958442,
P199,8589130,8592374,1174.627066305783,1393.0,2115.0,ARRIVED,218.37293369421695,722.0,940.372933694217,
P200,8588344,8592374,645.6068023644294,1902.5999908447266,3672.0,ARRIVED,1256.9931884802972,1769.4000091552734,3026.3931976355707,MINIBUS_1
P201,8588344,8592374,685.484852468225,1136.0,1627.0,ARRIVED,450.515147531775,491.0,941.515147531775,
P202,8588344,8592374,813.880954387459,1136.0,1627.0,ARRIVED,322.11904561254096,491.0,813.119045612541,
P203,8588344,8592374,849.6009837785844,1136.0,1627.0,ARRIVED,286.39901622141565,491.0,777.3990162214156,
P204,8588344,8592374,1078.4699516373175,1136.0,1627.0,ARRIVED,57.530048362682464,491.0,548.5300483626825,
P205,8577786,8592374,712.0711218884319,1230.0,1627.0,ARRIVED,517.9288781115681,397.0,914.9288781115681,
P206,8577786,8592374,990.0280651875241,1230.0,1627.0,ARRIVED,239.97193481247587,397.0,636.9719348124759,
P207,8577785,8592374,613.0605014264418,1060.0,1380.0,ARRIVED,446.93949857355824,320.0,766.9394985735582,
P208,8577785,8592374,892.4739653659269,1060.0,1380.0,ARRIVED,167.52603463407308,320.0,487.5260346340731,
P209,8577785,8592374,976.9188587678753,2515.2000122070312,3672.0,ARRIVED,1538.2811534391558,1156.7999877929688,2695.0811412321245,MINIBUS_1
P210,8577785,8592374,1187.078752309068,2515.2000122070312,3672.0,ARRIVED,1328.1212598979632,1156.7999877929688,2484.921247690932,MINIBUS_1
P211,8592378,8592374,895.7930724361028,1818.0,2341.0,ARRIVED,922.2069275638972,523.0,1445.2069275638974,
P212,8592378,8592374,902.331156405208,1818.0,2341.0,ARRIVED,915.668843594792,523.0,1438.668843594792,
P213,8592377,8592374,614.3588415822713,926.0,1380.0,ARRIVED,311.64115841772866,454.0,765.6411584177287,
P214,8592377,8592374,672.0568865900271,1518.0000267028809,1525.7999877929688,ARRIVED,845.9431401128537,7.799961090087891,853.7431012029416,MINIBUS_1
P215,8592377,8592374,1121.60274406827,1878.0,2341.0,ARRIVED,756.3972559317299,463.0,1219.39725593173,
P216,8589158,8592374,727.7995936582896,1159.0,1828.0,ARRIVED,431.2004063417104,669.0,1100.2004063417103,
P217,8589158,8592374,877.6841057168683,1159.0,1828.0,ARRIVED,281.3158942831317,669.0,950.3158942831317,
P218,8589158,8592374,966.936305260297,1159.0,1828.0,ARRIVED,192.063694739703,669.0,861.063694739703,
P219,8589158,8592374,1018.9897220722265,1159.0,1828.0,ARRIVED,140.01027792777347,669.0,809.0102779277735,
P220,8589158,8592374,1078.762672254785,1159.0,1828.0,ARRIVED,80.237327745215,669.0,749.237327745215,
P221,8589141,8589161,1307.1669872654697,1408.0,1903.0,ARRIVED,100.83301273453026,495.0,595.8330127345303,
P222,8589141,8589161,1371.044765695482,1408.0,1903.0,ARRIVED,36.955234304517944,495.0,531.955234304518,
P223,8589141,8589161,1382.6501584644493,2175.0,2266.800006866455,ARRIVED,792.3498415355507,91.80000686645508,884.1498484020058,MINIBUS_2
P224,8589141,8589161,1782.7353864651113,1814.0,2440.0,ARRIVED,31.264613534888667,626.0,657.2646135348887,
P225,8591766,8592374,1297.2781849321864,1320.0,1828.0,ARRIVED,22.721815067813623,508.0,530.7218150678136,
P226,8591766,8592374,1473.1121445777148,1559.0,1996.0,ARRIVED,85.88785542228516,437.0,522.8878554222852,
P227,8587255,8592374,1427.3726273091463,1518.0,1828.0,ARRIVED,90.62737269085369,310.0,400.6273726908537,
P228,8587255,8592374,1461.4709184909727,1518.0,1828.0,ARRIVED,56.529081509027264,310.0,366.52908150902726,
P229,8587255,8592374,1533.3301332102703,1774.0,1996.0,ARRIVED,240.66986678972967,222.0,462.66986678972967,
P230,8587255,8592374,1549.9256934727237,1774.0,1996.0,ARRIVED,224.07430652727635,222.0,446.07430652727635,
P231,8589161,8589141,1759.108621553171,1792.0,2375.0,ARRIVED,32.891378446829094,583.0,615.8913784468291,
P232,8589161,8589138,1777.602260845843,1792.0,2228.0,ARRIVED,14.39773915415708,436.0,450.3977391541571,
P233,8589161,8587255,1272.3234728390817,3626.4000129699707,3663.5999908447266,ARRIVED,2354.076540130889,37.19997787475586,2391.276518005645,MINIBUS_1
P234,8589161,8589131,1640.7662545116227,1903.0,2596.0,ARRIVED,262.2337454883773,693.0,955.2337454883773,
P235,8589161,8577786,1640.5859162541092,1903.0,2433.0,ARRIVED,262.4140837458908,530.0,792.4140837458908,
P236,8589161,8504622,1440.8262357064464,1653.0000190734863,1856.4000091552734,ARRIVED,212.17378336703996,203.3999900817871,415.57377344882707,MINIBUS_2
P237,8589161,8504622,1687.7606100004905,2768.999988555908,2778.6000175476074,ARRIVED,1081.2393785554177,9.600028991699219,1090.839407547117,MINIBUS_1
P238,8589161,8589271,1509.98838839287,1792.0,2436.0,ARRIVED,282.0116116071299,644.0,926.0116116071299,
P239,8589161,8589271,1596.3211616270494,1792.0,2436.0,ARRIVED,195.67883837295062,644.0,839.6788383729506,
P240,8589161,8589271,1613.8441744863062,1792.0,2436.0,ARRIVED,178.1558255136938,644.0,822.1558255136938,
P241,8589161,8592375,1781.0393802364079,2013.0,2137.800003051758,ARRIVED,231.96061976359215,124.80000305175781,356.76062281534996,MINIBUS_1
P242,8589161,8592377,1343.6888960960662,1666.0,2250.0,ARRIVED,322.3111039039338,584.0,906.3111039039338,
P243,8589161,8592377,1431.6564268330333,3626.4000129699707,3665.3999786376953,ARRIVED,2194.7435861369377,38.99996566772461,2233.7435518046623,MINIBUS_1
P244,8589161,8592377,1440.4473125924346,3626.4000129699707,3665.3999786376953,ARRIVED,2185.952700377536,38.99996566772461,2224.9526660452607,MINIBUS_1
P245,8589161,8592377,1699.4596695014761,2013.0,2160.0,ARRIVED,313.5403304985239,147.0,460.5403304985239,MINIBUS_1
P246,8589161,8589270,1498.7891205366905,1516.0,1884.0,ARRIVED,17.21087946330954,368.0,385.21087946330954,
P247,8589161,8589158,1669.0123045962882,2433.0,2885.0,ARRIVED,763.9876954037118,452.0,1215.9876954037118,
P248,8589161,8589158,1754.6328274813106,2433.0,2885.0,ARRIVED,678.3671725186894,452.0,1130.3671725186894,
P249,8592374,8589141,1429.6307606579553,1627.0,2375.0,ARRIVED,197.3692393420447,748.0,945.3692393420447,
P250,8592374,8589141,1505.3927803528322,1627.0,2375.0,ARRIVED,121.60721964716777,748.0,869.6072196471678,
P251,8592374,8589141,1651.3563516557952,2115.0,2836.0,ARRIVED,463.64364834420485,721.0,1184.6436483442048,
P252,8592374,8589152,1797.2380830749335,2115.0,2791.0,ARRIVED,317.76191692506654,676.0,993.7619169250665,
P253,8592374,8587255,1335.500556199106,1380.0,1620.0,ARRIVED,44.499443800893914,240.0,284.4994438008939,
P254,8592374,8587255,1395.2476470693853,1627.0,1917.0,ARRIVED,231.75235293061473,290.0,521.7523529306147,
P255,8592374,8587255,1518.1650405435248,1627.0,1917.0,ARRIVED,108.83495945647519,290.0,398.8349594564752,
P256,8592374,8589130,1335.698258533472,1996.0,2793.0,ARRIVED,660.301741466528,797.0,1457.301741466528,
P257,8592374,8589130,1415.421464953572,1996.0,2793.0,ARRIVED,580.578535046428,797.0,1377.578535046428,
P258,8592374,8589130,1616.118719745104,1996.0,2793.0,ARRIVED,379.88128025489596,797.0,1176.881280254896,
P259,8592374,8589130,1671.0444132882246,2125.2000122070312,2174.999988555908,ARRIVED,454.1555989188066,49.79997634887695,503.95557526768357,MINIBUS_1
P260,8592374,8589130,1686.8234742834716,1996.0,2793.0,ARRIVED,309.17652571652843,797.0,1106.1765257165284,
P261,8592374,8589130,1714.4185182259548,1996.0,2793.0,ARRIVED,281.5814817740452,797.0,1078.5814817740452,
P262,8592374,8589130,1741.8222030393563,1996.0,2793.0,ARRIVED,254.17779696064372,797.0,1051.1777969606437,
P263,8592374,8589130,1774.774183350691,1996.0,2793.0,ARRIVED,221.22581664930908,797.0,1018.2258166493091,
P264,8592374,8589131,1507.2252153227419,1996.0,2596.0,ARRIVED,488.77478467725814,600.0,1088.7747846772581,
P265,8592374,8589131,1567.4491224330864,1802.9999885559082,1860.6000022888184,ARRIVED,235.55086612282184,57.600013732910156,293.150879855732,MINIBUS_1
P266,8592374,8589131,1694.6909171715279,1996.0,2596.0,ARRIVED,301.3090828284721,600.0,901.3090828284721,
P267,8592374,8588344,1328.4762283293187,1996.0,2528.0,ARRIVED,667.5237716706813,532.0,1199.5237716706813,
P268,8592374,8588344,1548.7340450597949,1996.0,2528.0,ARRIVED,447.2659549402051,532.0,979.2659549402051,
P269,8592374,8588344,1586.5597484824382,1802.9999885559082,1902.5999908447266,ARRIVED,216.44024007347002,99.60000228881836,316.0402423622884,MINIBUS_1
P270,8592374,8588344,1629.2699446814572,1996.0,2528.0,ARRIVED,366.7300553185428,532.0,898.7300553185428,
P271,8592374,8588344,1637.6153872249704,1996.0,2528.0,ARRIVED,358.3846127750296,532.0,890.3846127750296,
P272,8592374,8588344,1674.6248560380866,1996.0,2528.0,ARRIVED,321.3751439619134,532.0,853.3751439619134,
P273,8592374,8588344,1739.9344797643157,1996.0,2528.0,ARRIVED,256.0655202356843,532.0,788.0655202356843,
P274,8592374,8588344,1778.8968432609372,1996.0,2528.0,ARRIVED,217.1031567390628,532.0,749.1031567390628,
P275,8592374,8588344,1797.4740248330106,3775.2000274658203,4044.000026702881,ARRIVED,1977.7260026328097,268.79999923706055,2246.52600186987,MINIBUS_1
P276,8592374,8577786,1292.6444015048069,1996.0,2433.0,ARRIVED,703.3555984951931,437.0,1140.3555984951931,
P277,8592374,8577786,1327.3082324565714,2372.999988555908,2394.6000175476074,ARRIVED,1045.6917560993368,21.60002899169922,1067.291785091036,MINIBUS_1
P278,8592374,8577786,1395.2553997832092,1996.0,2433.0,ARRIVED,600.7446002167908,437.0,1037.7446002167908,
P279,8592374,8577786,1500.2561774903588,3775.2000274658203,4086.0,ARRIVED,2274.9438499754615,310.7999725341797,2585.743822509641,MINIBUS_1
P280,8592374,8577786,1676.12479259224,1996.0,2433.0,ARRIVED,319.87520740775994,437.0,756.87520740776,
P281,8592374,8577786,1682.1406521072424,1996.0,2433.0,ARRIVED,313.85934789275757,437.0,750.8593478927576,
P282,8592374,8577785,1397.7187380734592,1828.0,2169.0,ARRIVED,430.28126192654076,341.0,771.2812619265408,
P283,8592374,8577785,1414.777824148726,1828.0,2169.0,ARRIVED,413.22217585127396,341.0,754.222175851274,
P284,8592374,8504622,1504.4032062120355,1627.0,2164.0,ARRIVED,122.59679378796454,537.0,659.5967937879645,
P285,8592374,8504622,1511.965945038429,2559.0,2778.6000175476074,ARRIVED,1047.034054961571,219.60001754760742,1266.6340725091784,MINIBUS_1
P286,8592374,8504622,1550.8671637405942,1627.0,2164.0,ARRIVED,76.13283625940585,537.0,613.1328362594058,
P287,8592374,8504622,1747.7793732084494,2559.0,2778.6000175476074,ARRIVED,811.2206267915506,219.60001754760742,1030.820644339158,MINIBUS_1
P288,8592374,8589271,1230.59694480927,1627.0,2436.0,ARRIVED,396.4030551907299,809.0,1205.40305519073,
P289,8592374,8589271,1265.8317994865001,1627.0,2436.0,ARRIVED,361.16820051349987,809.0,1170.1682005134999,
P290,8592374,8589271,1335.2495659901556,1513.8000221252441,1849.2000122070312,ARRIVED,178.55045613508855,335.3999900817871,513.9504462168757,MINIBUS_2
P291,8592374,8589271,1434.6489506904477,1513.8000221252441,1849.2000122070312,ARRIVED,79.15107143479645,335.3999900817871,414.55106151658356,MINIBUS_2
P292,8592374,8589271,1579.0992257992305,1627.0,2436.0,ARRIVED,47.90077420076955,809.0,856.9007742007695,
P293,8592374,8589271,1648.146110249283,2735.0,3550.0,ARRIVED,1086.853889750717,815.0,1901.853889750717,
P294,8592374,8589271,1741.2797766324206,2735.0,3550.0,ARRIVED,993.7202233675794,815.0,1808.7202233675794,
P295,8592374,8592375,1211.2118856964435,1828.0,2381.0,ARRIVED,616.7881143035565,553.0,1169.7881143035565,
P296,8592374,8592375,1298.4928722611626,1828.0,2381.0,ARRIVED,529.5071277388374,553.0,1082.5071277388374,
P297,8592374,8592375,1673.3404347479702,3775.2000274658203,3794.4000129699707,ARRIVED,2101.8595927178503,19.19998550415039,2121.0595782220007,MINIBUS_1
P298,8592374,8592378,1630.0674673250405,1828.0,2333.0,ARRIVED,197.93253267495948,505.0,702.9325326749595,
P299,8592374,8592377,1222.6722677081327,2372.999988555908,2491.800003051758,ARRIVED,1150.3277208477755,118.80001449584961,1269.127735343625,MINIBUS_1
P300,8592374,8592377,1341.3009169248428,1828.0,2250.0,ARRIVED,486.6990830751572,422.0,908.6990830751572,
P301,8592374,8592377,1493.4222767359008,1828.0,2250.0,ARRIVED,334.5777232640992,422.0,756.5777232640992,
P302,8592374,8592377,1548.9608373880315,1828.0,2250.0,ARRIVED,279.03916261196855,422.0,701.0391626119685,
P303,8592374,8592377,1611.6957597637402,1828.0,2250.0,ARRIVED,216.30424023625983,422.0,638.3042402362598,
P304,8592374,8592377,1706.4287567242345,1828.0,2250.0,ARRIVED,121.57124327576548,422.0,543.5712432757655,
P305,8592374,8592377,1710.4838288742974,2410.800003051758,2491.800003051758,ARRIVED,700.3161741774604,81.0,781.3161741774604,MINIBUS_1
P306,8592374,8592377,1788.2287811255246,1828.0,2250.0,ARRIVED,39.77121887447538,422.0,461.7712188744754,
P307,8592374,8589270,1279.3498460463966,1380.0,1884.0,ARRIVED,100.65015395360342,504.0,604.6501539536034,
P308,8592374,8589270,1304.8624667033528,1380.0,1884.0,ARRIVED,75.13753329664723,504.0,579.1375332966472,
P309,8592374,8589270,1747.2784466919577,2559.0,2599.2000122070312,ARRIVED,811.7215533080423,40.20001220703125,851.9215655150736,MINIBUS_1
P310,8592374,8589158,1313.6632957893032,1380.0,1970.0,ARRIVED,66.33670421069678,590.0,656.3367042106968,
P311,8592374,8589158,1469.3341990270824,2341.0,2885.0,ARRIVED,871.6658009729176,544.0,1415.6658009729176,
P312,8592374,8589158,1538.337841211971,2341.0,2885.0,ARRIVED,802.662158788029,544.0,1346.662158788029,
P313,8592374,8589158,1547.4310506637166,2341.0,2885.0,ARRIVED,793.5689493362834,544.0,1337.5689493362834,
P314,8592374,8589158,1624.4568869931989,2341.0,2885.0,ARRIVED,716.5431130068011,544.0,1260.5431130068011,
P315,8592374,8589158,1712.8491927803361,2341.0,2885.0,ARRIVED,628.1508072196639,544.0,1172.1508072196639,
P316,8589130,8592374,1369.5103948148947,2174.999988555908,2372.999988555908,ARRIVED,805.4895937410136,198.0,1003.4895937410136,MINIBUS_1
P317,8589130,8592374,1410.4557948336883,1835.0,2735.0,ARRIVED,424.5442051663117,900.0,1324.5442051663117,
P318,8589130,8592374,1510.5844489121994,1835.0,2735.0,ARRIVED,324.4155510878006,900.0,1224.4155510878006,
P319,8589130,8592374,1645.9188965545864,1835.0,2735.0,ARRIVED,189.08110344541365,900.0,1089.0811034454136,
P320,8589131,8592374,1453.734516360426,1544.0,2115.0,ARRIVED,90.26548363957409,571.0,661.2654836395741,
P321,8589131,8592374,1585.7965442559678,2002.0,2735.0,ARRIVED,416.2034557440322,733.0,1149.2034557440322,
P322,8588344,8592374,1279.785687454574,2078.0,2735.0,ARRIVED,798.2143125454261,657.0,1455.214312545426,
P323,8588344,8592374,1302.9966473574423,2078.0,2735.0,ARRIVED,775.0033526425577,657.0,1432.0033526425577,
P324,8588344,8592374,1312.1974764422844,2308.8000144958496,2559.0,ARRIVED,996.6025380535652,250.1999855041504,1246.8025235577156,MINIBUS_1
P325,8588344,8592374,1326.4164731307876,2078.0,2735.0,ARRIVED,751.5835268692124,657.0,1408.5835268692124,
P326,8588344,8592374,1350.6142033866327,2078.0,2735.0,ARRIVED,727.3857966133673,657.0,1384.3857966133673,
P327,8588344,8592374,1365.6283357164866,2308.8000144958496,2559.0,ARRIVED,943.171678779363,250.1999855041504,1193.3716642835134,MINIBUS_1
P328,8588344,8592374,1383.3276284090803,2078.0,2735.0,ARRIVED,694.6723715909197,657.0,1351.6723715909197,
P329,8588344,8592374,1412.0938443361856,2078.0,2735.0,ARRIVED,665.9061556638144,657.0,1322.9061556638144,
P330,8588344,8592374,1428.4140531433839,2078.0,2735.0,ARRIVED,649.5859468566161,657.0,1306.5859468566161,
P331,8588344,8592374,1623.049894134528,2078.0,2735.0,ARRIVED,454.9501058654721,657.0,1111.950105865472,
P332,8588344,8592374,1630.2186695907121,2078.0,2735.0,ARRIVED,447.7813304092879,657.0,1104.7813304092879,
P333,8588344,8592374,1693.939728982056,2308.8000144958496,2372.999988555908,ARRIVED,614.8602855137935,64.1999740600586,679.0602595738521,MINIBUS_1
P334,8588344,8592374,1739.2230629712321,2078.0,2735.0,ARRIVED,338.77693702876786,657.0,995.7769370287679,
P335,8577786,8592374,1223.765469139481,1230.0,1627.0,ARRIVED,6.234530860519044,397.0,403.23453086051904,
P336,8577786,8592374,1325.217067887967,1949.4000053405762,2559.0,ARRIVED,624.1829374526092,609.5999946594238,1233.782932112033,MINIBUS_1
P337,8577785,8592374,1440.749272129751,1777.0,2115.0,ARRIVED,336.25072787024897,338.0,674.250727870249,
P338,8577785,8592374,1644.588823254322,1777.0,2115.0,ARRIVED,132.41117674567795,338.0,470.41117674567795,
P339,8577785,8592374,1680.3818310026843,1777.0,2115.0,ARRIVED,96.6181689973157,338.0,434.6181689973157,
P340,8577785,8592374,1702.8697735073179,1777.0,2115.0,ARRIVED,74.13022649268214,338.0,412.13022649268214,
P341,8592378,8592374,1688.1902531428454,1818.0,2341.0,ARRIVED,129.80974685715455,523.0,652.8097468571546,
P342,8592377,8592374,1249.2712546215976,1878.0,2341.0,ARRIVED,628.7287453784024,463.0,1091.7287453784024,
P343,8592377,8592374,1469.3923183834108,1878.0,2341.0,ARRIVED,408.60768161658916,463.0,871.6076816165892,
P344,8592377,8592374,1500.4540157053214,1878.0,2341.0,ARRIVED,377.54598429467865,463.0,840.5459842946786,
P345,8592377,8592374,1559.1171876732062,3665.3999786376953,3672.0,ARRIVED,2106.2827909644893,6.6000213623046875,2112.882812326794,MINIBUS_1
P346,8592377,8592374,1642.2388701836808,1878.0,2341.0,ARRIVED,235.76112981631923,463.0,698.7611298163192,
P347,8592377,8592374,1748.5116145803856,3665.3999786376953,3672.0,ARRIVED,1916.8883640573097,6.6000213623046875,1923.4883854196144,MINIBUS_1
P348,8592377,8592374,1790.1535021158265,3766.799976348877,3775.2000274658203,ARRIVED,1976.6464742330504,8.40005111694336,1985.0465253499938,MINIBUS_1
P349,8589158,8592374,1341.4799486144034,2029.0,2612.0,ARRIVED,687.5200513855966,583.0,1270.5200513855966,
P350,8589158,8592374,1392.5644538798847,2029.0,2612.0,ARRIVED,636.4355461201153,583.0,1219.4355461201153,
P351,8589158,8592374,1523.1324141237512,2029.0,2612.0,ARRIVED,505.86758587624877,583.0,1088.8675858762488,
P352,8589158,8592374,1548.282127039353,2029.0,2612.0,ARRIVED,480.7178729606469,583.0,1063.717872960647,
P353,8589158,8592374,1646.7003337436322,2029.0,2612.0,ARRIVED,382.2996662563678,583.0,965.2996662563678,
P354,8589158,8592374,1760.782420962994,2029.0,2612.0,ARRIVED,268.2175790370061,583.0,851.2175790370061,
P355,8589158,8592374,1768.764618681562,3111.5999908447266,3274.2000274658203,ARRIVED,1342.8353721631645,162.60003662109375,1505.4354087842582,MINIBUS_1
P356,8587356,8592374,1286.609596099159,1420.0,1828.0,ARRIVED,133.39040390084097,408.0,541.390403900841,
P357,8587356,8592374,1325.892951362674,1507.2000007629395,1513.8000221252441,ARRIVED,181.30704940026544,6.6000213623046875,187.90707076257013,MINIBUS_2
P358,8589152,8589161,1848.284071293054,2856.6000175476074,3187.7999877929688,ARRIVED,1008.3159462545534,331.1999702453613,1339.5159164999147,MINIBUS_1
P359,8589152,8589161,2008.934405654036,2344.0,2925.0,ARRIVED,335.065594345964,581.0,916.065594345964,
P360,8589152,8589161,2035.698436949187,2344.0,2925.0,ARRIVED,308.301563050813,581.0,889.301563050813,
P361,8589138,8592374,2009.264059697468,2661.000011444092,2763.000015258789,ARRIVED,651.7359517466239,102.00000381469727,753.7359555613211,MINIBUS_1
P362,8589138,8592374,2280.7098569241516,2429.0,3063.0,ARRIVED,148.2901430758484,634.0,782.2901430758484,
P363,8589138,8592374,2301.539472172628,3395.999988555908,3415.200038909912,ARRIVED,1094.4605163832803,19.200050354003906,1113.6605667372842,MINIBUS_1
P364,8591766,8592374,1828.2723387925246,2034.0,2606.0,ARRIVED,205.72766120747542,572.0,777.7276612074754,
P365,8591766,8592374,2102.2701041896103,2153.0,2612.0,ARRIVED,50.729895810389735,459.0,509.72989581038973,
P366,8591766,8592374,2129.8207618172864,2153.0,2612.0,ARRIVED,23.17923818271356,459.0,482.17923818271356,
P367,8591766,8592374,2155.20921178019,2506.0,3063.0,ARRIVED,350.7907882198101,557.0,907.7907882198101,
P368,8591766,8592374,2159.677332519035,2506.0,3063.0,ARRIVED,346.3226674809648,557.0,903.3226674809648,
P369,8591766,8592374,2236.331622840942,2506.0,3063.0,ARRIVED,269.66837715905785,557.0,826.6683771590579,
P370,8591766,8592374,2336.176908934091,2506.0,3063.0,ARRIVED,169.823091065909,557.0,726.823091065909,
P371,8591766,8592374,2344.332941237043,2506.0,3063.0,ARRIVED,161.6670587629569,557.0,718.6670587629569,
P372,8587255,8592374,1872.4601534283418,3148.7999992370605,3274.2000274658203,ARRIVED,1276.3398458087188,125.40002822875977,1401.7398740374786,MINIBUS_1
P373,8587255,8592374,1961.6390663096104,2305.0,2606.0,ARRIVED,343.36093369038963,301.0,644.3609336903896,
P374,8587255,8592374,2031.3808384900572,3226.200038909912,3274.2000274658203,ARRIVED,1194.819200419855,47.9999885559082,1242.8191889757632,MINIBUS_1
P375,8587255,8592374,2092.8326187360485,2119.8000144958496,2125.2000122070312,ARRIVED,26.967395759801093,5.399997711181641,32.367393470982734,MINIBUS_1
P376,8587255,8592374,2191.252227335243,2410.2000122070312,2410.800003051758,ARRIVED,218.94778487178837,0.5999908447265625,219.54777571651493,MINIBUS_1
P377,8587255,8592374,2211.496586859456,2305.0,2606.0,ARRIVED,93.50341314054413,301.0,394.5034131405441,
P378,8587255,8592374,2235.59319567247,2305.0,2606.0,ARRIVED,69.40680432753015,301.0,370.40680432753015,
P379,8589161,8589152,2080.381312485083,2256.0,2791.0,ARRIVED,175.61868751491693,535.0,710.6186875149169,
P380,8589161,8589152,2269.8201319006826,2428.199996948242,2586.6000213623047,ARRIVED,158.37986504755963,158.4000244140625,316.77988946162213,MINIBUS_2
P381,8589161,8589138,2115.293740564348,2256.0,2696.0,ARRIVED,140.7062594356521,440.0,580.7062594356521,
P382,8589161,8589138,2130.722229803936,2256.0,2696.0,ARRIVED,125.27777019606401,440.0,565.277770196064,
P383,8589161,8589138,2232.592391783642,2256.0,2696.0,ARRIVED,23.407608216357858,440.0,463.40760821635786,
P384,8589161,8589131,1816.4819147306641,1903.0,2596.0,ARRIVED,86.51808526933587,693.0,779.5180852693359,
P385,8589161,8589131,1967.0776990506872,2440.0,3201.0,ARRIVED,472.9223009493128,761.0,1233.9223009493128,
P386,8589161,8589131,2124.734646421246,2440.0,3201.0,ARRIVED,315.265353578754,761.0,1076.265353578754,
P387,8589161,8577786,1811.9444287752835,1903.0,2433.0,ARRIVED,91.05557122471646,530.0,621.0555712247165,
P388,8589161,8577786,1877.9060639361073,3982.200023651123,3982.7999725341797,ARRIVED,2104.2939597150157,0.5999488830566406,2104.8939085980724,MINIBUS_1
P389,8589161,8504622,1859.0033128355356,3187.7999877929688,3220.7999992370605,ARRIVED,1328.7966749574332,33.0000114440918,1361.796686401525,MINIBUS_1
P390,8589161,8504622,2176.3130395117087,2256.0,2639.0,ARRIVED,79.68696048829133,383.0,462.68696048829133,
P391,8589161,8504622,2257.927626174407,4480.199996948242,4485.0,ARRIVED,2222.272370773835,4.8000030517578125,2227.072373825593,MINIBUS_1
P392,8589161,8504622,2289.3496362198684,2916.0,3324.0,ARRIVED,626.6503637801316,408.0,1034.6503637801316,
P393,8589161,8504622,2372.9354911433024,2916.0,3324.0,ARRIVED,543.0645088566976,408.0,951.0645088566976,
P394,8589161,8592377,2103.685493685053,2504.0,3154.0,ARRIVED,400.3145063149468,650.0,1050.3145063149468,
P395,8589161,8589270,1937.6360461973884,2433.0,2784.0,ARRIVED,495.3639538026116,351.0,846.3639538026116,
P396,8589161,8589270,2145.7961993648987,2433.0,2784.0,ARRIVED,287.2038006351013,351.0,638.2038006351013,
P397,8589161,8589158,1802.617437679257,2433.0,2885.0,ARRIVED,630.3825623207431,452.0,1082.382562320743,
P398,8589161,8589158,1820.4948656053468,2433.0,2885.0,ARRIVED,612.5051343946532,452.0,1064.5051343946532,
P399,8589161,8589158,1867.10492165331,2433.0,2885.0,ARRIVED,565.8950783466901,452.0,1017.8950783466901,
P400,8589161,8589158,1872.4830286981733,2433.0,2885.0,ARRIVED,560.5169713018267,452.0,1012.5169713018267,
P401,8589161,8589158,1912.5236293562277,2433.0,2885.0,ARRIVED,520.4763706437723,452.0,972.4763706437723,
P402,8589161,8589158,2087.477375105101,2433.0,2885.0,ARRIVED,345.52262489489885,452.0,797.5226248948989,
P403,8589161,8589158,2196.9146387786614,2433.0,2885.0,ARRIVED,236.08536122133864,452.0,688.0853612213386,
P404,8592374,8589141,2055.1043854529216,2115.0,2836.0,ARRIVED,59.89561454707837,721.0,780.8956145470784,
P405,8592374,8589141,2117.8453062282765,2735.0,3495.0,ARRIVED,617.1546937717235,760.0,1377.1546937717235,
P406,8592374,8589141,2162.8942440503683,2735.0,3495.0,ARRIVED,572.1057559496317,760.0,1332.1057559496317,
P407,8592374,8589141,2234.525215266649,2735.0,3495.0,ARRIVED,500.47478473335104,760.0,1260.474784733351,
P408,8592374,8589141,2368.3728777881447,3547.7999877929688,3586.2000122070312,ARRIVED,1179.427110004824,38.4000244140625,1217.8271344188865,MINIBUS_1
P409,8592374,8589152,1995.7124491094175,2763.000015258789,2763.000026702881,ARRIVED,767.2875661493715,1.1444091796875e-05,767.2875775934633,MINIBUS_1
P410,8592374,8589152,2101.03965696538,2115.0,2791.0,ARRIVED,13.96034303462011,676.0,689.9603430346201,
P411,8592374,8589152,2261.653130268349,4441.20002746582,4454.999969482422,ARRIVED,2179.5468971974715,13.799942016601562,2193.346839214073,MINIBUS_1
P412,8592374,8589152,2376.2382092865714,3547.7999877929688,3586.7999725341797,ARRIVED,1171.5617785063973,38.99998474121094,1210.5617632476083,MINIBUS_1
P413,8592374,8587255,2088.450900746527,3274.2000274658203,3397.2000122070312,ARRIVED,1185.7491267192931,122.99998474121094,1308.749111460504,MINIBUS_1
P414,8592374,8587255,2118.6418003711315,3902.4000129699707,3957.0,ARRIVED,1783.7582125988392,54.5999870300293,1838.3581996288685,MINIBUS_1
P415,8592374,8589130,1933.6640659323832,2139.5999908447266,2174.999988555908,ARRIVED,205.93592491234335,35.39999771118164,241.335922623525,MINIBUS_1
P416,8592374,8589130,2383.571963990332,2606.0,3387.0,ARRIVED,222.42803600966818,781.0,1003.4280360096682,
P417,8592374,8589131,1966.1269857775821,1996.0,2596.0,ARRIVED,29.87301422241785,600.0,629.8730142224179,
P418,8592374,8589131,1972.9446626208442,1996.0,2596.0,ARRIVED,23.055337379155844,600.0,623.0553373791558,
P419,8592374,8589131,2066.81482695379,2606.0,3201.0,ARRIVED,539.1851730462099,595.0,1134.18517304621,
P420,8592374,8589131,2300.841153657729,3415.200038909912,3502.7999877929688,ARRIVED,1114.358885252183,87.59994888305664,1201.9588341352396,MINIBUS_1
P421,8592374,8588344,1859.6509359857878,1996.0,2528.0,ARRIVED,136.34906401421222,532.0,668.3490640142122,
P422,8592374,8588344,1889.665819751931,1996.0,2528.0,ARRIVED,106.33418024806906,532.0,638.3341802480691,
P423,8592374,8588344,2249.943237184409,4029.0,4044.000026702881,ARRIVED,1779.056762815591,15.00002670288086,1794.0567895184718,MINIBUS_1
P424,8592374,8577786,1911.884182045813,1996.0,2433.0,ARRIVED,84.11581795418692,437.0,521.1158179541869,
P425,8592374,8577786,1940.1374115948242,1996.0,2433.0,ARRIVED,55.86258840517576,437.0,492.86258840517576,
P426,8592374,8577786,1987.818882354164,1996.0,2433.0,ARRIVED,8.181117645835911,437.0,445.1811176458359,
P427,8592374,8577786,1990.603165465779,1996.0,2433.0,ARRIVED,5.396834534220943,437.0,442.39683453422094,
P428,8592374,8577786,2359.1364446198127,2606.0,3052.0,ARRIVED,246.86355538018734,446.0,692.8635553801873,
P429,8592374,8577786,2377.9286011967433,2745.0,2995.199981689453,ARRIVED,367.07139880325667,250.19998168945312,617.2713804927098,MINIBUS_2
P430,8592374,8577785,1864.0562657205585,2606.0,2991.0,ARRIVED,741.9437342794415,385.0,1126.9437342794415,
P431,8592374,8577785,2025.6233688019556,3734.400016784668,3736.799976348877,ARRIVED,1708.7766479827123,2.3999595642089844,1711.1766075469213,MINIBUS_1
P432,8592374,8577785,2236.401095599161,2606.0,2991.0,ARRIVED,369.5989044008388,385.0,754.5989044008388,
P433,8592374,8504622,1827.744301536609,2115.0,2639.0,ARRIVED,287.2556984633909,524.0,811.2556984633909,
P434,8592374,8504622,1829.0711090080565,2115.0,2639.0,ARRIVED,285.9288909919435,524.0,809.9288909919435,
P435,8592374,8504622,1846.7360763674349,2115.0,2639.0,ARRIVED,268.26392363256514,524.0,792.2639236325651,
P436,8592374,8504622,2123.0686422610643,4441.20002746582,4485.0,ARRIVED,2318.131385204756,43.79997253417969,2361.9313577389357,MINIBUS_1
P437,8592374,8504622,2371.5407887100046,4441.20002746582,4485.0,ARRIVED,2069.6592387558157,43.79997253417969,2113.4592112899954,MINIBUS_1
P438,8592374,8589271,1937.637557775802,2391.600009918213,2617.800022125244,ARRIVED,453.96245214241094,226.20001220703125,680.1624643494422,MINIBUS_2
P439,8592374,8589271,2101.6976921869286,4441.20002746582,5201.400016784668,ARRIVED,2339.5023352788917,760.1999893188477,3099.7023245977393,MINIBUS_1
P440,8592374,8589271,2130.6209964827112,2735.0,3550.0,ARRIVED,604.3790035172888,815.0,1419.3790035172888,
P441,8592374,8592375,1962.7828903038953,3486.0,4025.0,ARRIVED,1523.2171096961047,539.0,2062.2171096961047,
P442,8592374,8592375,2107.7161301022556,3415.200038909912,3444.5999755859375,ARRIVED,1307.4839088076565,29.39993667602539,1336.8838454836819,MINIBUS_1
P443,8592374,8592375,2327.2312098890598,3486.0,4025.0,ARRIVED,1158.7687901109402,539.0,1697.7687901109402,
P444,8592374,8592375,2341.662609176653,3486.0,4025.0,ARRIVED,1144.337390823347,539.0,1683.337390823347,
P445,8592374,8592375,2396.221120691435,3486.0,4025.0,ARRIVED,1089.7788793085651,539.0,1628.7788793085651,
P446,8592374,8592378,1851.8569654031062,2612.0,3277.0,ARRIVED,760.1430345968938,665.0,1425.1430345968938,
P447,8592374,8592377,1856.300006720088,2125.2000122070312,2160.0,ARRIVED,268.9000054869432,34.79998779296875,303.69999327991195,MINIBUS_1
P448,8592374,8592377,1954.9284581051256,2612.0,3154.0,ARRIVED,657.0715418948744,542.0,1199.0715418948744,
P449,8592374,8592377,2023.0588964959547,2612.0,3154.0,ARRIVED,588.9411035040453,542.0,1130.9411035040453,
P450,8592374,8592377,2110.9685920405254,2612.0,3154.0,ARRIVED,501.03140795947456,542.0,1043.0314079594746,
P451,8592374,8592377,2364.8813893682627,3415.200038909912,3453.600028991699,ARRIVED,1050.3186495416494,38.39999008178711,1088.7186396234365,MINIBUS_1
P452,8592374,8589270,1967.1287061411404,2341.0,2784.0,ARRIVED,373.87129385885964,443.0,816.8712938588596,
P453,8592374,8589270,2096.4006634791926,3274.2000274658203,3391.8000297546387,ARRIVED,1177.7993639866277,117.60000228881836,1295.399366275446,MINIBUS_1
P454,8592374,8589270,2314.333848097728,4441.20002746582,4741.200023651123,ARRIVED,2126.866179368092,299.99999618530273,2426.866175553395,MINIBUS_1
P455,8592374,8589158,1931.8905271255044,2341.0,2885.0,ARRIVED,409.1094728744956,544.0,953.1094728744956,
P456,8592374,8589158,1956.0900884499092,2341.0,2885.0,ARRIVED,384.9099115500908,544.0,928.9099115500908,
P457,8592374,8589158,1959.258056332335,2341.0,2885.0,ARRIVED,381.74194366766505,544.0,925.741943667665,
P458,8592374,8589158,1989.6749865328936,3274.2000274658203,3316.799991607666,ARRIVED,1284.5250409329267,42.5999641418457,1327.1250050747724,MINIBUS_1
P459,8592374,8589158,2080.0810517202035,2341.0,2885.0,ARRIVED,260.9189482797965,544.0,804.9189482797965,
P460,8592374,8589158,2085.360579530181,2391.600009918213,2516.3999977111816,ARRIVED,306.2394303880319,124.79998779296875,431.03941818100066,MINIBUS_2
P461,8592374,8589158,2153.9511751328,4441.20002746582,4757.999984741211,ARRIVED,2287.2488523330203,316.7999572753906,2604.048809608411,MINIBUS_1
P462,8592374,8589158,2244.794059131556,2341.0,2885.0,ARRIVED,96.20594086844403,544.0,640.205940868444,
P463,8592374,8589158,2285.477246925366,2341.0,2885.0,ARRIVED,55.52275307463378,544.0,599.5227530746338,
P464,8589130,8592374,1833.8156744294033,1835.0,2735.0,ARRIVED,1.184325570596684,900.0,901.1843255705967,
P465,8589130,8592374,1857.2488261670774,2719.0,3640.0,ARRIVED,861.7511738329226,921.0,1782.7511738329226,
P466,8589130,8592374,2248.043049231995,2719.0,3640.0,ARRIVED,470.95695076800484,921.0,1391.9569507680048,
P467,8589131,8592374,2149.8127967199425,2464.0,3045.0,ARRIVED,314.1872032800575,581.0,895.1872032800575,
P468,8589131,8592374,2320.9999964585995,4060.2000274658203,4441.20002746582,ARRIVED,1739.2000310072208,381.0,2120.200031007221,MINIBUS_1
P469,8588344,8592374,1946.5563188839483,2078.0,2735.0,ARRIVED,131.44368111605172,657.0,788.4436811160517,
P470,8588344,8592374,2084.258168974363,2534.0,3045.0,ARRIVED,449.7418310256371,511.0,960.7418310256371,
P471,8588344,8592374,2185.953783385414,4044.000026702881,4441.20002746582,ARRIVED,1858.0462433174666,397.20000076293945,2255.246244080406,MINIBUS_1
P472,8588344,8592374,2213.1812364448892,2534.0,3045.0,ARRIVED,320.81876355511076,511.0,831.8187635551108,
P473,8588344,8592374,2289.652169964993,2534.0,3045.0,ARRIVED,244.34783003500706,511.0,755.3478300350071,
P474,8588344,8592374,2328.035882645623,4044.000026702881,4441.20002746582,ARRIVED,1715.9641440572577,397.20000076293945,2113.164144820197,MINIBUS_1
P475,8588344,8592374,2336.2688028594516,4044.000026702881,4441.20002746582,ARRIVED,1707.7312238434292,397.20000076293945,2104.9312246063687,MINIBUS_1
P476,8577786,8592374,1829.426089763904,2178.0,2735.0,ARRIVED,348.573910236096,557.0,905.573910236096,
P477,8577785,8592374,1870.8721170289766,3736.799976348877,3775.2000274658203,ARRIVED,1865.9278593199003,38.40005111694336,1904.3279104368437,MINIBUS_1
P478,8577785,8592374,1895.4397492966243,2010.0,2341.0,ARRIVED,114.56025070337569,331.0,445.5602507033757,
P479,8577785,8592374,1989.1201248787945,2010.0,2341.0,ARRIVED,20.879875121205487,331.0,351.8798751212055,
P480,8577785,8592374,2236.6971244521187,2265.0,2735.0,ARRIVED,28.302875547881285,470.0,498.3028755478813,
P481,8577785,8592374,2394.810047895226,2885.0,3349.0,ARRIVED,490.18995210477397,464.0,954.189952104774,
P482,8592377,8592374,2083.765798207542,2735.0,3349.0,ARRIVED,651.234201792458,614.0,1265.234201792458,
P483,8592377,8592374,2126.85172553856,2735.0,3349.0,ARRIVED,608.14827446144,614.0,1222.14827446144,
P484,8592377,8592374,2227.6843754642464,2735.0,3349.0,ARRIVED,507.3156245357536,614.0,1121.3156245357536,
P485,8592377,8592374,2265.1863448301647,2735.0,3349.0,ARRIVED,469.81365516983533,614.0,1083.8136551698353,
P486,8589158,8592374,2232.5195680980623,3316.799991607666,3415.200038909912,ARRIVED,1084.2804235096037,98.4000473022461,1182.6804708118498,MINIBUS_1
P487,8589158,8592374,2238.553333278869,2950.0,3486.0,ARRIVED,711.4466667211309,536.0,1247.446666721131,
P488,8589141,8589161,2719.3300267505465,3586.2000122070312,3626.4000129699707,ARRIVED,866.8699854564848,40.20000076293945,907.0699862194242,MINIBUS_1
P489,8589141,8589161,2934.183340627522,3194.0,3767.0,ARRIVED,259.81665937247817,573.0,832.8166593724782,
P490,8589138,8592374,2769.6735962727935,4486.199970245361,4646.999973297119,ARRIVED,1716.5263739725679,160.8000030517578,1877.3263770243257,MINIBUS_1
P491,8591766,8592374,2543.469550603089,2935.0,3402.0,ARRIVED,391.5304493969111,467.0,858.5304493969111,
P492,8591766,8592374,2680.254456914002,2935.0,3402.0,ARRIVED,254.74554308599818,467.0,721.7455430859982,
P493,8591766,8592374,2795.9268198424134,2935.0,3402.0,ARRIVED,139.07318015758665,467.0,606.0731801575866,
P494,8591766,8592374,2963.5932561775953,3064.0,3486.0,ARRIVED,100.40674382240468,422.0,522.4067438224047,
P495,8591766,8592374,2984.3165559153967,3064.0,3486.0,ARRIVED,79.68344408460325,422.0,501.68344408460325,
P496,8587255,8592374,2646.540382982536,2794.0,3063.0,ARRIVED,147.4596170174641,269.0,416.4596170174641,
P497,8587255,8592374,2650.1024041412315,2794.0,3063.0,ARRIVED,143.89759585876845,269.0,412.89759585876845,
P498,8587255,8592374,2859.820075960778,3397.2000122070312,3415.200038909912,ARRIVED,537.3799362462532,18.00002670288086,555.3799629491341,MINIBUS_1
P499,8587255,8592374,2876.3757437966474,3178.0,3402.0,ARRIVED,301.6242562033526,224.0,525.6242562033526,
P500,8587255,8592374,2925.35337858385,3178.0,3402.0,ARRIVED,252.64662141615008,224.0,476.6466214161501,
P501,8589161,8589141,2505.155060837738,2916.0,3495.0,ARRIVED,410.8449391622621,579.0,989.8449391622621,
P502,8589161,8589138,2824.9171831857584,2916.0,3373.0,ARRIVED,91.0828168142416,457.0,548.0828168142416,
P503,8589161,8589138,2828.7609923562077,2916.0,3373.0,ARRIVED,87.23900764379232,457.0,544.2390076437923,
P504,8589161,8587255,2975.7176966182433,3190.0,3324.0,ARRIVED,214.28230338175672,134.0,348.2823033817567,
P505,8589161,8589131,2999.499449453438,3286.0,4023.0,ARRIVED,286.50055054656195,737.0,1023.500550546562,
P506,8589161,8504622,2632.949102033301,4645.799987792969,4807.200004577637,ARRIVED,2012.8508857596676,161.40001678466797,2174.2509025443355,MINIBUS_1
P507,8589161,8589271,2467.888210377497,4645.799987792969,5201.400016784668,ARRIVED,2177.9117774154715,555.6000289916992,2733.5118064071708,MINIBUS_1
P508,8589161,8592375,2867.571611441934,3283.800006866455,3360.0,ARRIVED,416.2283954245213,76.19999313354492,492.4283885580662,MINIBUS_2
P509,8589161,8592377,2651.0136539934665,2701.199996948242,2879.999984741211,ARRIVED,50.18634295477568,178.79998779296875,228.98633074774443,MINIBUS_2
P510,8589161,8589158,2421.630599533055,2433.0,2885.0,ARRIVED,11.36940046694508,452.0,463.3694004669451,
P511,8589161,8589158,2975.2813849008085,3019.7999877929688,3111.5999908447266,ARRIVED,44.51860289216029,91.80000305175781,136.3186059439181,MINIBUS_1
P512,8592374,8589141,2410.5371475436664,2735.0,3495.0,ARRIVED,324.4628524563336,760.0,1084.4628524563336,
P513,8592374,8589141,2464.2450100079022,2735.0,3495.0,ARRIVED,270.75498999209776,760.0,1030.7549899920978,
P514,8592374,8589141,2648.983659276099,2859.0,2905.7999877929688,ARRIVED,210.01634072390107,46.79998779296875,256.8163285168698,MINIBUS_1
P515,8592374,8589141,2659.4425483853133,2735.0,3495.0,ARRIVED,75.55745161468667,760.0,835.5574516146867,
P516,8592374,8589141,2790.3448077495577,3045.0,3807.0,ARRIVED,254.65519225044227,762.0,1016.6551922504423,
P517,8592374,8589141,2854.015177476262,3045.0,3807.0,ARRIVED,190.98482252373788,762.0,952.9848225237379,
P518,8592374,8589141,2999.514606047487,3045.0,3807.0,ARRIVED,45.48539395251282,762.0,807.4853939525128,
P519,8592374,8589152,2810.4225689753825,3045.0,3761.0,ARRIVED,234.57743102461745,716.0,950.5774310246175,
P520,8592374,8587255,2676.980531392246,3547.7999877929688,3591.5999908447266,ARRIVED,870.8194564007226,43.80000305175781,914.6194594524804,MINIBUS_1
P521,8592374,8587255,2704.8527711590073,2735.0,3051.0,ARRIVED,30.14722884099274,316.0,346.14722884099274,
P522,8592374,8587255,2988.833917391079,3045.0,3324.0,ARRIVED,56.16608260892099,279.0,335.166082608921,
P523,8592374,8587255,2993.8127618475814,3045.0,3324.0,ARRIVED,51.18723815241856,279.0,330.18723815241856,
P524,8592374,8587255,2998.287151394476,3283.2000122070312,3304.2000122070312,ARRIVED,284.9128608125552,21.0,305.9128608125552,MINIBUS_2
P525,8592374,8589130,2534.137534984336,2606.0,3387.0,ARRIVED,71.86246501566393,781.0,852.8624650156639,
P526,8592374,8589130,2828.4273195011074,3343.800006866455,3422.4000091552734,ARRIVED,515.3726873653477,78.60000228881836,593.9726896541661,MINIBUS_2
P527,8592374,8589131,2577.1244962187125,2745.0,2892.600009918213,ARRIVED,167.87550378128753,147.6000099182129,315.4755136995004,MINIBUS_2
P528,8592374,8589131,2673.031844986235,2745.0,2892.600009918213,ARRIVED,71.96815501376523,147.6000099182129,219.56816493197812,MINIBUS_2
P529,8592374,8588344,2511.088358022007,2606.0,3140.0,ARRIVED,94.91164197799299,534.0,628.911641977993,
P530,8592374,8588344,2631.1607677069155,3063.0,3668.0,ARRIVED,431.8392322930845,605.0,1036.8392322930845,
P531,8592374,8588344,2666.8961261978266,3063.0,3668.0,ARRIVED,396.10387380217344,605.0,1001.1038738021734,
P532,8592374,8588344,2983.659466325288,3063.0,3668.0,ARRIVED,79.34053367471188,605.0,684.3405336747119,
P533,8592374,8577786,2437.4172794179763,2606.0,3052.0,ARRIVED,168.58272058202374,446.0,614.5827205820237,
P534,8592374,8577786,2450.313237953333,2606.0,3052.0,ARRIVED,155.6867620466669,446.0,601.6867620466669,
P535,8592374,8577786,2621.462611063919,3063.0,3559.0,ARRIVED,441.5373889360808,496.0,937.5373889360808,
P536,8592374,8577786,2780.8818752273905,3063.0,3559.0,ARRIVED,282.11812477260946,496.0,778.1181247726095,
P537,8592374,8577786,2828.7597525284514,3343.800006866455,3493.2000122070312,ARRIVED,515.0402543380037,149.40000534057617,664.4402596785799,MINIBUS_2
P538,8592374,8577785,2432.75285663893,2606.0,2991.0,ARRIVED,173.2471433610699,385.0,558.2471433610699,
P539,8592374,8577785,2545.9975511396124,2606.0,2991.0,ARRIVED,60.00244886038763,385.0,445.00244886038763,
P540,8592374,8504622,2465.3108529708734,2735.0,3324.0,ARRIVED,269.6891470291266,589.0,858.6891470291266,
P541,8592374,8504622,2587.4186473350805,2735.0,3324.0,ARRIVED,147.58135266491945,589.0,736.5813526649195,
P542,8592374,8504622,2648.2375598294147,2735.0,3324.0,ARRIVED,86.76244017058525,589.0,675.7624401705853,
P543,8592374,8504622,2686.6977649922064,2735.0,3324.0,ARRIVED,48.30223500779357,589.0,637.3022350077936,
P544,8592374,8589271,2478.9756863768134,2735.0,3550.0,ARRIVED,256.0243136231866,815.0,1071.0243136231866,
P545,8592374,8589271,2815.763562404033,3640.0,4411.0,ARRIVED,824.2364375959669,771.0,1595.236437595967,
P546,8592374,8589271,2854.959434276617,4918.200019836426,5201.400016784668,ARRIVED,2063.240585559809,283.1999969482422,2346.440582508051,MINIBUS_1
P547,8592374,8589271,2890.9084464834455,3640.0,4411.0,ARRIVED,749.0915535165545,771.0,1520.0915535165545,
P548,8592374,8589271,2895.6528038477786,3640.0,4411.0,ARRIVED,744.3471961522214,771.0,1515.3471961522214,
P549,8592374,8592375,2537.9097162516605,2745.0,2852.999984741211,ARRIVED,207.09028374833952,107.99998474121094,315.09026848955045,MINIBUS_2
P550,8592374,8592378,2784.5718688216884,3486.0,3970.0,ARRIVED,701.4281311783116,484.0,1185.4281311783116,
P551,8592374,8592377,2441.0424356521676,2612.0,3154.0,ARRIVED,170.95756434783243,542.0,712.9575643478324,
P552,8592374,8592377,2846.9795365981495,3486.0,3883.0,ARRIVED,639.0204634018505,397.0,1036.0204634018505,
P553,8592374,8589270,2694.7384087780074,2745.0,2826.0,ARRIVED,50.2615912219926,81.0,131.2615912219926,MINIBUS_2
P554,8592374,8589158,2543.1392112603726,3349.0,3989.0,ARRIVED,805.8607887396274,640.0,1445.8607887396274,
P555,8592374,8589158,2641.5480863027287,3349.0,3989.0,ARRIVED,707.4519136972713,640.0,1347.4519136972713,
P556,8592374,8589158,2655.617484895487,4646.999973297119,4757.999984741211,ARRIVED,1991.3824884016321,111.0000114440918,2102.382499845724,MINIBUS_1
P557,8592374,8589158,2658.9241762304855,2859.0,3111.5999908447266,ARRIVED,200.0758237695145,252.59999084472656,452.67581461424106,MINIBUS_1
P558,8592374,8589158,2912.5625064119117,3349.0,3989.0,ARRIVED,436.4374935880883,640.0,1076.4374935880883,
P559,8589130,8592374,2877.681761679492,3085.800006866455,3283.2000122070312,ARRIVED,208.11824518696312,197.40000534057617,405.5182505275393,MINIBUS_2
P560,8589131,8592374,2437.4337492522022,2464.0,3045.0,ARRIVED,26.566250747797767,581.0,607.5662507477978,
P561,8589131,8592374,2477.5568739871037,2862.0,3640.0,ARRIVED,384.4431260128963,778.0,1162.4431260128963,
P562,8589131,8592374,2824.650518470517,3502.7999877929688,3547.7999877929688,ARRIVED,678.1494693224518,45.0,723.1494693224518,MINIBUS_1
P563,8589131,8592374,2993.447234447774,3739.0,4307.0,ARRIVED,745.552765552226,568.0,1313.552765552226,
P564,8588344,8592374,2457.9836590295286,2534.0,3045.0,ARRIVED,76.01634097047145,511.0,587.0163409704714,
P565,8588344,8592374,2463.671920598441,2534.0,3045.0,ARRIVED,70.32807940155908,511.0,581.3280794015591,
P566,8588344,8592374,2538.4323871769225,2927.0,3640.0,ARRIVED,388.5676128230775,713.0,1101.5676128230775,
P567,8588344,8592374,2565.2894843709246,2927.0,3640.0,ARRIVED,361.7105156290754,713.0,1074.7105156290754,
P568,8588344,8592374,2702.201539543162,3528.000011444092,3547.7999877929688,ARRIVED,825.7984719009296,19.799976348876953,845.5984482498066,MINIBUS_1
P569,8588344,8592374,2734.051973992178,2927.0,3640.0,ARRIVED,192.94802600782214,713.0,905.9480260078221,
P570,8588344,8592374,2786.1125611566176,2927.0,3640.0,ARRIVED,140.88743884338237,713.0,853.8874388433824,
P571,8588344,8592374,2787.1144399737227,3528.000011444092,3547.7999877929688,ARRIVED,740.8855714703691,19.799976348876953,760.685547819246,MINIBUS_1
P572,8588344,8592374,2793.5606019676925,2927.0,3640.0,ARRIVED,133.4393980323075,713.0,846.4393980323075,
P573,8588344,8592374,2836.279959403959,2927.0,3640.0,ARRIVED,90.72004059604114,713.0,803.7200405960411,
P574,8588344,8592374,2892.320718583412,2927.0,3640.0,ARRIVED,34.679281416587855,713.0,747.6792814165879,
P575,8588344,8592374,2970.864328452881,3160.7999725341797,3283.2000122070312,ARRIVED,189.9356440812985,122.40003967285156,312.33568375415007,MINIBUS_2
P576,8577786,8592374,2637.476822877837,3018.0,3640.0,ARRIVED,380.5231771221629,622.0,1002.5231771221629,
P577,8577785,8592374,2581.6140650969965,2885.0,3349.0,ARRIVED,303.38593490300354,464.0,767.3859349030035,
P578,8577785,8592374,2586.4650667563023,3700.200038909912,3734.400016784668,ARRIVED,1113.7349721536098,34.19997787475586,1147.9349500283656,MINIBUS_1
P579,8577785,8592374,2665.0532827400507,3801.0,3902.4000129699707,ARRIVED,1135.9467172599493,101.4000129699707,1237.34673022992,MINIBUS_1
P580,8577785,8592374,2678.355707991451,3986.3999786376953,4029.0,ARRIVED,1308.0442706462445,42.60002136230469,1350.6442920085492,MINIBUS_1
P581,8577785,8592374,2711.611459811273,2885.0,3349.0,ARRIVED,173.3885401887269,464.0,637.3885401887269,
P582,8592375,8592374,2492.2373413038354,3366.0,4146.0,ARRIVED,873.7626586961646,780.0,1653.7626586961646,
P583,8592375,8592374,2906.79291502924,3366.0,4146.0,ARRIVED,459.2070849707602,780.0,1239.2070849707602,
P584,8592377,8592374,2523.027363605717,2735.0,3349.0,ARRIVED,211.9726363942832,614.0,825.9726363942832,
P585,8592377,8592374,2524.5001979134013,3766.799976348877,3775.2000274658203,ARRIVED,1242.2997784354757,8.40005111694336,1250.699829552419,MINIBUS_1
P586,8592377,8592374,2583.7816733130803,2735.0,3349.0,ARRIVED,151.21832668691968,614.0,765.2183266869197,
P587,8592377,8592374,2693.163637348983,2735.0,3349.0,ARRIVED,41.836362651017225,614.0,655.8363626510172,
P588,8592377,8592374,2706.9589749145903,4420.200023651123,4441.20002746582,ARRIVED,1713.2410487365328,21.000003814697266,1734.24105255123,MINIBUS_1
P589,8592377,8592374,2771.721158577143,4420.200023651123,4441.20002746582,ARRIVED,1648.4788650739802,21.000003814697266,1669.4788688886774,MINIBUS_1
P590,8592377,8592374,2776.7861854329717,3205.7999877929688,3283.2000122070312,ARRIVED,429.01380235999704,77.4000244140625,506.41382677405954,MINIBUS_2
P591,8592377,8592374,2789.061838874185,3613.0,4146.0,ARRIVED,823.938161125815,533.0,1356.938161125815,
P592,8592377,8592374,2864.9184669045244,3613.0,4146.0,ARRIVED,748.0815330954756,533.0,1281.0815330954756,
P593,8592377,8592374,2886.2767427932235,3613.0,4146.0,ARRIVED,726.7232572067765,533.0,1259.7232572067765,
P594,8589158,8592374,2575.4187844737653,2950.0,3486.0,ARRIVED,374.5812155262347,536.0,910.5812155262347,
P595,8589158,8592374,2817.2751423403793,2950.0,3486.0,ARRIVED,132.72485765962074,536.0,668.7248576596207,
P596,8589158,8592374,2850.7748484790563,2950.0,3486.0,ARRIVED,99.22515152094365,536.0,635.2251515209437,
P597,8589158,8592374,2878.270018749318,2950.0,3486.0,ARRIVED,71.72998125068216,536.0,607.7299812506822,
P598,8589158,8592374,2894.837341342079,3111.5999908447266,3128.999988555908,ARRIVED,216.7626495026475,17.39999771118164,234.16264721382913,MINIBUS_1
P599,8589141,8589161,3023.7386042780568,4467.600017547607,4480.199996948242,ARRIVED,1443.8614132695507,12.599979400634766,1456.4613926701854,MINIBUS_1
P600,8589141,8589161,3086.6121654236786,3194.0,3767.0,ARRIVED,107.38783457632144,573.0,680.3878345763214,
P601,8589141,8589161,3098.368386769671,3194.0,3767.0,ARRIVED,95.6316132303291,573.0,668.6316132303291,
P602,8589141,8589161,3249.8711953364596,3707.0,4223.0,ARRIVED,457.12880466354045,516.0,973.1288046635404,
P603,8589152,8589161,3012.0415249228145,3586.7999725341797,3626.4000129699707,ARRIVED,574.7584476113652,39.600040435791016,614.3584880471562,MINIBUS_1
P604,8589152,8589161,3051.1116889177497,3243.0,3767.0,ARRIVED,191.8883110822503,524.0,715.8883110822503,
P605,8589152,8589161,3231.664663408329,3243.0,3767.0,ARRIVED,11.335336591670966,524.0,535.335336591671,
P606,8589138,8592374,3114.007683317036,4204.0,4856.0,ARRIVED,1089.992316682964,652.0,1741.992316682964,
P607,8589138,8592374,3326.3244344484397,4796.4000244140625,4918.200019836426,ARRIVED,1470.0755899656228,121.79999542236328,1591.8755853879861,MINIBUS_1
P608,8589138,8592374,3339.0629543487553,4204.0,4856.0,ARRIVED,864.9370456512447,652.0,1516.9370456512447,
P609,8589138,8592374,3387.234449749681,4204.0,4856.0,ARRIVED,816.7655502503189,652.0,1468.765550250319,
P610,8591766,8592374,3402.696491335634,4541.999988555908,4542.000003814697,ARRIVED,1139.303497220274,1.52587890625e-05,1139.303512479063,MINIBUS_1
P611,8591766,8592374,3403.290758054711,4541.999988555908,4542.000003814697,ARRIVED,1138.709230501197,1.52587890625e-05,1138.709245759986,MINIBUS_1
P612,8587255,8592374,3122.3051458522677,3304.2000122070312,3343.800006866455,ARRIVED,181.8948663547635,39.59999465942383,221.49486101418734,MINIBUS_2
P613,8587255,8592374,3365.225278445002,3633.0,3902.0,ARRIVED,267.774721554998,269.0,536.774721554998,
P614,8587255,8592374,3438.0043461088744,3633.0,3902.0,ARRIVED,194.99565389112558,269.0,463.9956538911256,
P615,8587255,8592374,3524.9846688225466,3633.0,3902.0,ARRIVED,108.01533117745339,269.0,377.0153311774534,
P616,8589161,8589152,3090.2504725256745,4914.599960327148,5170.2000160217285,ARRIVED,1824.349487801474,255.60005569458008,2079.949543496054,MINIBUS_1
P617,8589161,8589152,3108.5096610776573,3190.0,3761.0,ARRIVED,81.49033892234274,571.0,652.4903389223427,
P618,8589161,8589152,3329.350513885926,3787.0,4300.0,ARRIVED,457.6494861140741,513.0,970.6494861140741,
P619,8589161,8589138,3135.2778326619664,3787.0,4225.0,ARRIVED,651.7221673380336,438.0,1089.7221673380336,
P620,8589161,8589131,3059.1638362330723,3286.0,4023.0,ARRIVED,226.8361637669277,737.0,963.8361637669277,
P621,8589161,8577786,3351.922703854304,3852.5999603271484,4147.799991607666,ARRIVED,500.6772564728444,295.2000312805176,795.877287753362,MINIBUS_2
P622,8589161,8504622,3058.4943297175932,3190.0,3645.0,ARRIVED,131.50567028240675,455.0,586.5056702824068,
P623,8589161,8504622,3412.4012926316996,3787.0,4160.0,ARRIVED,374.59870736830044,373.0,747.5987073683004,
P624,8589161,8592377,3412.5075675669236,5260.0,5788.0,ARRIVED,1847.4924324330764,528.0,2375.4924324330764,
P625,8589161,8589158,3169.077818413801,3444.0,3989.0,ARRIVED,274.9221815861988,545.0,819.9221815861988,
P626,8589161,8589158,3175.249481960582,3444.0,3989.0,ARRIVED,268.7505180394178,545.0,813.7505180394178,
P627,8592374,8589141,3175.4486304016727,3640.0,4346.0,ARRIVED,464.55136959832726,706.0,1170.5513695983273,
P628,8592374,8589141,3344.738261983596,3877.2000122070312,3977.3999633789062,ARRIVED,532.461750223435,100.199951171875,632.66170139531,MINIBUS_2
P629,8592374,8589141,3381.1780616862998,4987.799987792969,5174.400039672852,ARRIVED,1606.621926106669,186.6000518798828,1793.2219779865518,MINIBUS_1
P630,8592374,8589141,3542.508610736513,3640.0,4346.0,ARRIVED,97.49138926348678,706.0,803.4913892634868,
P631,8592374,8589152,3210.6702271374475,3640.0,4300.0,ARRIVED,429.32977286255255,660.0,1089.3297728625525,
P632,8592374,8589152,3233.2128408939866,3526.7999877929688,3599.999984741211,ARRIVED,293.58714689898216,73.19999694824219,366.78714384722434,MINIBUS_2
P633,8592374,8589152,3447.711304587158,3693.0,3778.2000122070312,ARRIVED,245.28869541284212,85.20001220703125,330.48870761987337,MINIBUS_2
P634,8592374,8589138,3014.8238996682903,4918.200019836426,5014.200000762939,ARRIVED,1903.3761201681355,95.99998092651367,1999.3761010946491,MINIBUS_1
P635,8592374,8587255,3104.4811364909197,3349.0,3560.0,ARRIVED,244.51886350908035,211.0,455.51886350908035,
P636,8592374,8587255,3513.68782869407,4542.000003814697,4590.000003814697,ARRIVED,1028.3121751206272,48.0,1076.3121751206272,MINIBUS_1
P637,8592374,8589130,3167.4110211853103,3402.0,4207.0,ARRIVED,234.58897881468965,805.0,1039.5889788146897,
P638,8592374,8589130,3435.636378355842,3877.2000122070312,4296.0,ARRIVED,441.563633851189,418.79998779296875,860.3636216441578,MINIBUS_2
P639,8592374,8589131,3155.3250235946107,3402.0,4023.0,ARRIVED,246.67497640538932,621.0,867.6749764053893,
P640,8592374,8589131,3274.1427910319126,3343.800006866455,3415.7999877929688,ARRIVED,69.65721583454251,71.99998092651367,141.65719676105618,MINIBUS_2
P641,8592374,8588344,3329.8915685942147,3902.0,4479.0,ARRIVED,572.1084314057853,577.0,1149.1084314057853,
P642,8592374,8577786,3239.7848214671662,3526.7999877929688,4147.799991607666,ARRIVED,287.0151663258025,621.0000038146973,908.0151701404998,MINIBUS_2
P643,8592374,8577786,3325.579195978449,3402.0,3875.0,ARRIVED,76.4208040215508,473.0,549.4208040215508,
P644,8592374,8577786,3581.004911936329,3877.2000122070312,4147.799991607666,ARRIVED,296.19510027070237,270.59997940063477,566.7950796713371,MINIBUS_2
P645,8592374,8577785,3157.2671256688564,3402.0,3804.0,ARRIVED,244.73287433114365,402.0,646.7328743311436,
P646,8592374,8577785,3158.422186772107,3402.0,3804.0,ARRIVED,243.57781322789288,402.0,645.5778132278929,
P647,8592374,8577785,3236.9080249607446,3402.0,3804.0,ARRIVED,165.09197503925543,402.0,567.0919750392554,
P648,8592374,8577785,3328.1949374865817,3402.0,3804.0,ARRIVED,73.8050625134183,402.0,475.8050625134183,
P649,8592374,8577785,3429.0883445243153,3486.0,3828.0,ARRIVED,56.91165547568471,342.0,398.9116554756847,
P650,8592374,8504622,3059.0322373722,3640.0,4160.0,ARRIVED,580.9677626277999,520.0,1100.9677626277999,
P651,8592374,8504622,3130.4879830968375,3640.0,4160.0,ARRIVED,509.5120169031625,520.0,1029.5120169031625,
P652,8592374,8504622,3163.033258875502,3640.0,4160.0,ARRIVED,476.9667411244982,520.0,996.9667411244982,
P653,8592374,8504622,3219.0985033770503,3640.0,4160.0,ARRIVED,420.9014966229497,520.0,940.9014966229497,
P654,8592374,8504622,3250.0375131139667,3640.0,4160.0,ARRIVED,389.9624868860333,520.0,909.9624868860333,
P655,8592374,8504622,3259.1590831246795,3640.0,4160.0,ARRIVED,380.84091687532054,520.0,900.8409168753205,
P656,8592374,8504622,3370.1530275060886,3640.0,4160.0,ARRIVED,269.8469724939114,520.0,789.8469724939114,
P657,8592374,8504622,3502.5443960974,4542.000003814697,4561.800003051758,ARRIVED,1039.4556077172974,19.799999237060547,1059.255606954358,MINIBUS_1
P658,8592374,8589271,3093.401642252542,3640.0,4411.0,ARRIVED,546.5983577474581,771.0,1317.598357747458,
P659,8592374,8589271,3165.055193969527,3640.0,4411.0,ARRIVED,474.94480603047305,771.0,1245.944806030473,
P660,8592374,8589271,3463.5871022537403,3693.0,3717.5999603271484,ARRIVED,229.41289774625966,24.599960327148438,254.0128580734081,MINIBUS_2
P661,8592374,8589271,3573.3958104739795,3640.0,4411.0,ARRIVED,66.60418952602049,771.0,837.6041895260205,
P662,8592374,8592375,3007.7929661826042,3343.800006866455,3360.0,ARRIVED,336.00704068385085,16.199993133544922,352.20703381739577,MINIBUS_2
P663,8592374,8592375,3133.0153306058437,3486.0,4025.0,ARRIVED,352.9846693941563,539.0,891.9846693941563,
P664,8592374,8592375,3276.5207400754853,3343.800006866455,3360.0,ARRIVED,67.27926679096981,16.199993133544922,83.47925992451474,MINIBUS_2
P665,8592374,8592375,3429.180394334885,3486.0,4025.0,ARRIVED,56.81960566511498,539.0,595.819605665115,
P666,8592374,8592378,3457.6302626117213,3486.0,3970.0,ARRIVED,28.369737388278736,484.0,512.3697373882787,
P667,8592374,8592377,3289.534625757376,3486.0,3883.0,ARRIVED,196.46537424262397,397.0,593.465374242624,
P668,8592374,8589270,3253.256948766278,3349.0,3907.0,ARRIVED,95.74305123372187,558.0,653.7430512337219,
P669,8592374,8589158,3001.84008445827,3349.0,3989.0,ARRIVED,347.1599155417298,640.0,987.1599155417298,
P670,8592374,8589158,3023.6280755295215,3349.0,3989.0,ARRIVED,325.37192447047846,640.0,965.3719244704785,
P671,8592374,8589158,3024.387237382663,4918.200019836426,4952.400039672852,ARRIVED,1893.8127824537628,34.20001983642578,1928.0128022901886,MINIBUS_1
P672,8592374,8589158,3128.650530023438,3349.0,3989.0,ARRIVED,220.34946997656198,640.0,860.349469976562,
P673,8592374,8589158,3356.958731030086,3877.2000122070312,4038.0,ARRIVED,520.2412811769454,160.79998779296875,681.0412689699142,MINIBUS_2
P674,8592374,8589158,3384.861665457863,4146.0,4745.0,ARRIVED,761.1383345421368,599.0,1360.1383345421368,
P675,8589130,8592374,3018.6479705816164,3600.0,4307.0,ARRIVED,581.3520294183836,707.0,1288.3520294183836,
P676,8589131,8592374,3129.9847437919616,3739.0,4307.0,ARRIVED,609.0152562080384,568.0,1177.0152562080384,
P677,8589131,8592374,3162.0668822095427,3739.0,4307.0,ARRIVED,576.9331177904573,568.0,1144.9331177904573,
P678,8589131,8592374,3361.651646879366,3739.0,4307.0,ARRIVED,377.3483531206339,568.0,945.3483531206339,
P679,8589131,8592374,3450.679215802818,3739.0,4307.0,ARRIVED,288.3207841971821,568.0,856.3207841971821,
P680,8589131,8592374,3551.2677135803165,3628.800006866455,3877.2000122070312,ARRIVED,77.53229328613861,248.40000534057617,325.9322986267148,MINIBUS_2
P681,8588344,8592374,3139.258546339229,3809.0,4307.0,ARRIVED,669.7414536607712,498.0,1167.7414536607712,
P682,8588344,8592374,3205.662016166872,3480.5999603271484,3526.7999877929688,ARRIVED,274.9379441602764,46.20002746582031,321.1379716260967,MINIBUS_2
P683,8588344,8592374,3237.630076209377,3809.0,4307.0,ARRIVED,571.369923790623,498.0,1069.369923790623,
P684,8588344,8592374,3318.412771032683,3809.0,4307.0,ARRIVED,490.58722896731706,498.0,988.5872289673171,
P685,8588344,8592374,3426.353777375061,3809.0,4307.0,ARRIVED,382.6462226249391,498.0,880.6462226249391,
P686,8588344,8592374,3453.6376413398257,3620.4000091552734,3877.2000122070312,ARRIVED,166.76236781544776,256.8000030517578,423.5623708672056,MINIBUS_2
P687,8588344,8592374,3499.380470546542,3809.0,4307.0,ARRIVED,309.6195294534582,498.0,807.6195294534582,
P688,8588344,8592374,3510.5215243614707,3620.4000091552734,3877.2000122070312,ARRIVED,109.87848479380273,256.8000030517578,366.67848784556054,MINIBUS_2
P689,8588344,8592374,3527.6518303840485,3809.0,4307.0,ARRIVED,281.3481696159515,498.0,779.3481696159515,
P690,8577786,8592374,3040.0413122967293,3493.2000122070312,3526.7999877929688,ARRIVED,453.15869991030195,33.5999755859375,486.75867549623945,MINIBUS_2
P691,8577786,8592374,3188.9982122431493,3913.0,4307.0,ARRIVED,724.0017877568507,394.0,1118.0017877568507,
P692,8577786,8592374,3435.9164121310864,3913.0,4307.0,ARRIVED,477.0835878689136,394.0,871.0835878689136,
P693,8577786,8592374,3458.5225888351806,3913.0,4307.0,ARRIVED,454.4774111648194,394.0,848.4774111648194,
P694,8577785,8592374,3035.5765129492042,3098.0,3640.0,ARRIVED,62.42348705079576,542.0,604.4234870507958,
P695,8577785,8592374,3430.960044428346,3777.0,4146.0,ARRIVED,346.039955571654,369.0,715.039955571654,
P696,8577785,8592374,3510.2522439463,3777.0,4146.0,ARRIVED,266.74775605369996,369.0,635.7477560537,
P697,8592375,8592374,3479.4067499961666,4044.0,5158.0,ARRIVED,564.5932500038334,1114.0,1678.5932500038334,
P698,8592375,8592374,3506.0365795640864,4044.0,5158.0,ARRIVED,537.9634204359136,1114.0,1651.9634204359136,
P699,8592377,8592374,3138.0492634130737,3613.0,4146.0,ARRIVED,474.95073658692627,533.0,1007.9507365869263,
P700,8592377,8592374,3394.594595619233,3613.0,4146.0,ARRIVED,218.40540438076687,533.0,751.4054043807669,
P701,8589158,8592374,3038.8311098754752,4844.0,5375.0,ARRIVED,1805.1688901245248,531.0,2336.1688901245248,
P702,8589158,8592374,3074.5782240024987,4757.999984741211,4918.200019836426,ARRIVED,1683.4217607387122,160.20003509521484,1843.621795833927,MINIBUS_1
P703,8589158,8592374,3216.1972837089284,4844.0,5375.0,ARRIVED,1627.8027162910716,531.0,2158.8027162910716,
P704,8589158,8592374,3295.603898558965,4757.999984741211,4918.200019836426,ARRIVED,1462.396086182246,160.20003509521484,1622.596121277461,MINIBUS_1
P705,8589158,8592374,3570.3611458843034,4844.0,5375.0,ARRIVED,1273.6388541156966,531.0,1804.6388541156966,
P706,8587356,8592374,3261.636287054109,3977.0,4358.0,ARRIVED,715.3637129458912,381.0,1096.3637129458912,
P707,8587356,8592374,3423.8328558191747,3977.0,4358.0,ARRIVED,553.1671441808253,381.0,934.1671441808253,
P708,8589141,8589161,4005.0765838311254,4083.0,4714.0,ARRIVED,77.92341616887461,631.0,708.9234161688746,
P709,8589152,8589161,4068.2378080692783,4128.0,4714.0,ARRIVED,59.762191930721656,586.0,645.7621919307217,
P710,8589152,8589161,4177.252368946814,4621.0,5150.0,ARRIVED,443.7476310531856,529.0,972.7476310531856,
P711,8589138,8592374,3754.74148942269,4032.599994659424,4070.3999633789062,ARRIVED,277.8585052367339,37.79996871948242,315.6584739562163,MINIBUS_2
P712,8589138,8592374,3811.916996432687,4822.200023651123,4825.799999237061,ARRIVED,1010.283027218436,3.5999755859375,1013.8830028043735,MINIBUS_1
P713,8589138,8592374,4168.1019417259295,4840.199996948242,4881.0,ARRIVED,672.0980552223127,40.80000305175781,712.8980582740705,MINIBUS_1
P714,8591766,8592374,4045.6308079228043,4297.0,4856.0,ARRIVED,251.36919207719575,559.0,810.3691920771957,
P715,8591766,8592374,4168.55341385193,4297.0,4856.0,ARRIVED,128.4465861480703,559.0,687.4465861480703,
P716,8587255,8592374,3617.06018396733,4981.2000160217285,4987.799987792969,ARRIVED,1364.1398320543985,6.599971771240234,1370.7398038256388,MINIBUS_1
P717,8587255,8592374,3854.7329540568753,4109.0,4358.0,ARRIVED,254.26704594312469,249.0,503.2670459431247,
P718,8587255,8592374,4162.029108353447,4582.0,4856.0,ARRIVED,419.97089164655335,274.0,693.9708916465534,
P719,8589161,8589141,4159.227929894994,4484.0,4929.0,ARRIVED,324.7720701050057,445.0,769.7720701050057,
P720,8589161,8589152,3715.3057850727478,3787.0,4300.0,ARRIVED,71.69421492725223,513.0,584.6942149272522,
P721,8589161,8589152,4134.281314002585,4438.200012207031,4466.399963378906,ARRIVED,303.9186982044466,28.199951171875,332.1186493763216,MINIBUS_2
P722,8589161,8589138,3694.9572666271565,3787.0,4225.0,ARRIVED,92.04273337284349,438.0,530.0427333728435,
P723,8589161,8589138,3969.8349561011955,5056.0,5479.0,ARRIVED,1086.1650438988045,423.0,1509.1650438988045,
P724,8589161,8589138,4012.1993737236617,5056.0,5479.0,ARRIVED,1043.8006262763383,423.0,1466.8006262763383,
P725,8589161,8589138,4027.8899017049494,5056.0,5479.0,ARRIVED,1028.1100982950506,423.0,1451.1100982950506,
P726,8589161,8589138,4115.020721102088,5056.0,5479.0,ARRIVED,940.9792788979121,423.0,1363.979278897912,
P727,8589161,8587255,4078.477659934874,4261.0,4352.0,ARRIVED,182.52234006512617,91.0,273.5223400651262,
P728,8589161,8589131,3939.90647460495,4241.4000244140625,4366.20002746582,ARRIVED,301.49354980911266,124.80000305175781,426.2935528608705,MINIBUS_2
P729,8589161,8589131,4164.126011603373,4223.0,5029.0,ARRIVED,58.87398839662728,806.0,864.8739883966273,
P730,8589161,8577786,3947.368134375929,4223.0,4864.0,ARRIVED,275.631865624071,641.0,916.631865624071,
P731,8589161,8577786,4014.3728347349643,4223.0,4864.0,ARRIVED,208.62716526503573,641.0,849.6271652650357,
P732,8589161,8504622,3673.018488599499,4770.599990844727,4779.000003814697,ARRIVED,1097.5815022452275,8.400012969970703,1105.9815152151982,MINIBUS_1
P733,8589161,8504622,3962.9685739512283,4438.200012207031,4452.000003814697,ARRIVED,475.2314382558029,13.799991607666016,489.03142986346893,MINIBUS_2
P734,8589161,8589271,3698.942370932668,5130.599990844727,5201.400016784668,ARRIVED,1431.6576199120586,70.8000259399414,1502.457645852,MINIBUS_1
P735,8589161,8589271,3736.929696302987,3787.0,4411.0,ARRIVED,50.07030369701306,624.0,674.0703036970131,
P736,8589161,8592375,3969.489973254832,5260.0,5928.0,ARRIVED,1290.510026745168,668.0,1958.510026745168,
P737,8589161,8592375,4005.4443133171217,4330.199966430664,4338.0,ARRIVED,324.7556531135424,7.8000335693359375,332.55568668287833,MINIBUS_1
P738,8589161,8592377,3635.7102488546543,5260.0,5788.0,ARRIVED,1624.2897511453457,528.0,2152.2897511453457,
P739,8589161,8589158,3654.6717233914296,4261.0,4745.0,ARRIVED,606.3282766085704,484.0,1090.3282766085704,
P740,8589161,8589158,3685.3600956381465,4261.0,4745.0,ARRIVED,575.6399043618535,484.0,1059.6399043618535,
P741,8589161,8589158,3711.241776842948,4261.0,4745.0,ARRIVED,549.7582231570518,484.0,1033.7582231570518,
P742,8589161,8589158,3783.51471803117,4261.0,4745.0,ARRIVED,477.4852819688299,484.0,961.4852819688299,
P743,8589161,8589158,3804.8193587414826,4261.0,4745.0,ARRIVED,456.1806412585174,484.0,940.1806412585174,
P744,8589161,8589158,4040.4552527271194,4438.200012207031,4480.200004577637,ARRIVED,397.74475947991186,41.99999237060547,439.74475185051733,MINIBUS_2
P745,8589161,8589158,4053.318545487025,4261.0,4745.0,ARRIVED,207.68145451297505,484.0,691.681454512975,
P746,8589161,8589158,4195.752795973953,4261.0,4745.0,ARRIVED,65.24720402604726,484.0,549.2472040260473,
P747,8592374,8589141,3852.2773165015074,4307.0,4929.0,ARRIVED,454.72268349849264,622.0,1076.7226834984926,
P748,8592374,8589141,3995.5396279944885,4307.0,4929.0,ARRIVED,311.46037200551154,622.0,933.4603720055115,
P749,8592374,8589141,4050.3869529575363,4307.0,4929.0,ARRIVED,256.6130470424637,622.0,878.6130470424637,
P750,8592374,8589141,4197.07032438039,4268.999984741211,4269.0,ARRIVED,71.92966036082089,1.52587890625e-05,71.92967561960995,MINIBUS_2
P751,8592374,8589152,3711.054232263339,4307.0,4882.0,ARRIVED,595.9457677366609,575.0,1170.9457677366609,
P752,8592374,8589152,3739.0700174354083,4825.799999237061,4835.400005340576,ARRIVED,1086.7299818016522,9.600006103515625,1096.3299879051679,MINIBUS_1
P753,8592374,8589152,4174.444229397818,4415.4000244140625,4466.399963378906,ARRIVED,240.95579501624434,50.99993896484375,291.9557339810881,MINIBUS_2
P754,8592374,8589138,3664.933254618424,4922.0,5479.0,ARRIVED,1257.0667453815759,557.0,1814.0667453815759,
P755,8592374,8589138,3802.4788096333045,4922.0,5479.0,ARRIVED,1119.5211903666955,557.0,1676.5211903666955,
P756,8592374,8589138,3962.8758900193448,4415.4000244140625,4455.000030517578,ARRIVED,452.52413439471775,39.600006103515625,492.1241404982334,MINIBUS_2
P757,8592374,8587255,3864.5620645718554,4146.0,4352.0,ARRIVED,281.43793542814456,206.0,487.43793542814456,
P758,8592374,8587255,4157.893729805894,4307.0,4582.0,ARRIVED,149.1062701941064,275.0,424.1062701941064,
P759,8592374,8587255,4160.1122418102,4253.4000244140625,4261.799987792969,ARRIVED,93.28778260386207,8.39996337890625,101.68774598276832,MINIBUS_1
P760,8592374,8589130,3731.302944207632,4358.0,5268.0,ARRIVED,626.6970557923678,910.0,1536.6970557923678,
P761,8592374,8589130,3735.1787121009215,4358.0,5268.0,ARRIVED,622.8212878990785,910.0,1532.8212878990785,
P762,8592374,8589130,3795.349252905287,4358.0,5268.0,ARRIVED,562.6507470947131,910.0,1472.650747094713,
P763,8592374,8589130,4081.0141892481624,4268.999984741211,4296.0,ARRIVED,187.9857954930485,27.000015258789062,214.98581075183756,MINIBUS_2
P764,8592374,8589130,4110.50773271494,4358.0,5268.0,ARRIVED,247.49226728505982,910.0,1157.4922672850598,
P765,8592374,8589131,3672.698626823068,3902.0,4550.0,ARRIVED,229.30137317693197,648.0,877.301373176932,
P766,8592374,8589131,3676.357075897701,3902.0,4550.0,ARRIVED,225.64292410229882,648.0,873.6429241022988,
P767,8592374,8589131,3759.162764452791,4090.2000160217285,4106.400016784668,ARRIVED,331.03725156893734,16.200000762939453,347.2372523318768,MINIBUS_1
P768,8592374,8588344,3923.4306315923095,4358.0,4967.0,ARRIVED,434.5693684076905,609.0,1043.5693684076905,
P769,8592374,8577786,3700.371843616675,4070.3999633789062,4147.799991607666,ARRIVED,370.0281197622312,77.40002822875977,447.42814799099096,MINIBUS_2
P770,8592374,8577786,3717.807461745954,3902.0,4379.0,ARRIVED,184.1925382540462,477.0,661.1925382540462,
P771,8592374,8577786,3836.904983296208,4070.3999633789062,4147.799991607666,ARRIVED,233.49498008269848,77.40002822875977,310.89500831145824,MINIBUS_2
P772,8592374,8577786,3927.779127959247,4358.0,4864.0,ARRIVED,430.22087204075297,506.0,936.220872040753,
P773,8592374,8577785,3620.6464632173247,3902.0,4308.0,ARRIVED,281.3535367826753,406.0,687.3535367826753,
P774,8592374,8577785,3754.626810343294,3902.0,4308.0,ARRIVED,147.37318965670602,406.0,553.373189656706,
P775,8592374,8577785,3787.142047086879,4090.2000160217285,4243.799987792969,ARRIVED,303.05796893484967,153.59997177124023,456.6579407060899,MINIBUS_1
P776,8592374,8577785,3865.65456608962,3902.0,4308.0,ARRIVED,36.34543391038005,406.0,442.34543391038005,
P777,8592374,8577785,4133.046541694578,4358.0,4799.0,ARRIVED,224.95345830542192,441.0,665.9534583054219,
P778,8592374,8504622,3656.571103973897,4307.0,4783.0,ARRIVED,650.4288960261028,476.0,1126.4288960261028,
P779,8592374,8504622,3716.770484965553,4307.0,4783.0,ARRIVED,590.2295150344471,476.0,1066.229515034447,
P780,8592374,8504622,3790.589939582269,4307.0,4783.0,ARRIVED,516.4100604177311,476.0,992.4100604177311,
P781,8592374,8504622,3975.0532320817438,4307.0,4783.0,ARRIVED,331.9467679182562,476.0,807.9467679182562,
P782,8592374,8589271,4066.283709453345,4307.0,4983.0,ARRIVED,240.71629054665482,676.0,916.7162905466548,
P783,8592374,8592375,3713.6791876812154,5375.0,5928.0,ARRIVED,1661.3208123187846,553.0,2214.3208123187846,
P784,8592374,8592375,4063.2343680855215,5375.0,5928.0,ARRIVED,1311.7656319144785,553.0,1864.7656319144785,
P785,8592374,8592378,3776.3574241493866,5375.0,5880.0,ARRIVED,1598.6425758506134,505.0,2103.6425758506134,
P786,8592374,8592377,3607.8368233487513,5375.0,5788.0,ARRIVED,1767.1631766512487,413.0,2180.1631766512487,
P787,8592374,8592377,4071.9092419568256,4333.799987792969,4420.200023651123,ARRIVED,261.8907458361432,86.4000358581543,348.2907816942975,MINIBUS_1
P788,8592374,8592377,4195.694428924681,5375.0,5788.0,ARRIVED,1179.3055710753188,413.0,1592.3055710753188,
P789,8592374,8589270,3815.3822471432522,4146.0,4663.0,ARRIVED,330.61775285674776,517.0,847.6177528567478,
P790,8592374,8589158,3701.244289200427,4146.0,4745.0,ARRIVED,444.7557107995731,599.0,1043.755710799573,
P791,8592374,8589158,3796.418875611514,4144.799987792969,4195.200019836426,ARRIVED,348.3811121814547,50.40003204345703,398.7811442249117,MINIBUS_1
P792,8592374,8589158,3803.3165956897046,4146.0,4745.0,ARRIVED,342.6834043102954,599.0,941.6834043102954,
P793,8592374,8589158,3876.3823998886264,4146.0,4745.0,ARRIVED,269.6176001113736,599.0,868.6176001113736,
P794,8592374,8589158,3892.6541772642886,4146.0,4745.0,ARRIVED,253.3458227357114,599.0,852.3458227357114,
P795,8592374,8589158,4026.379369178563,4415.4000244140625,4480.200004577637,ARRIVED,389.02065523549936,64.79998016357422,453.8206353990736,MINIBUS_2
P796,8592374,8589158,4098.168842411106,4146.0,4745.0,ARRIVED,47.8311575888938,599.0,646.8311575888938,
P797,8589130,8592374,3612.7698358249063,4086.0,4922.0,ARRIVED,473.2301641750937,836.0,1309.2301641750937,
P798,8589130,8592374,3639.3510162254497,4086.0,4922.0,ARRIVED,446.6489837745503,836.0,1282.6489837745503,
P799,8589130,8592374,4017.3271302203275,4086.0,4922.0,ARRIVED,68.67286977967251,836.0,904.6728697796725,
P800,8589130,8592374,4039.7714591107156,4086.0,4922.0,ARRIVED,46.22854088928443,836.0,882.2285408892844,
P801,8589130,8592374,4061.948337171419,4086.0,4922.0,ARRIVED,24.051662828580902,836.0,860.0516628285809,
P802,8589130,8592374,4065.603051174358,4296.0,4415.4000244140625,ARRIVED,230.39694882564208,119.4000244140625,349.7969732397046,MINIBUS_2
P803,8589131,8592374,4001.2608129046985,4282.0,4922.0,ARRIVED,280.73918709530153,640.0,920.7391870953015,
P804,8589131,8592374,4132.000103624809,4282.0,4922.0,ARRIVED,149.99989637519138,640.0,789.9998963751914,
P805,8588344,8592374,3636.885124811894,4087.799976348877,4090.2000160217285,ARRIVED,450.91485153698295,2.4000396728515625,453.3148912098345,MINIBUS_1
P806,8588344,8592374,3764.609372127276,4107.599990844727,4144.799987792969,ARRIVED,342.9906187174506,37.19999694824219,380.1906156656928,MINIBUS_1
P807,8588344,8592374,3857.4250033899307,4353.0,4922.0,ARRIVED,495.5749966100693,569.0,1064.5749966100693,
P808,8588344,8592374,3874.9799026225814,4353.0,4922.0,ARRIVED,478.02009737741855,569.0,1047.0200973774186,
P809,8588344,8592374,3891.3764355272187,4353.0,4922.0,ARRIVED,461.62356447278125,569.0,1030.6235644727813,
P810,8588344,8592374,3900.254677742483,4353.0,4922.0,ARRIVED,452.7453222575168,569.0,1021.7453222575168,
P811,8588344,8592374,3992.800428350707,4353.0,4922.0,ARRIVED,360.1995716492929,569.0,929.1995716492929,
P812,8588344,8592374,4116.700755573928,4353.0,4922.0,ARRIVED,236.2992444260717,569.0,805.2992444260717,
P813,8588344,8592374,4143.09629444273,4410.0,4415.4000244140625,ARRIVED,266.90370555726986,5.4000244140625,272.30372997133236,MINIBUS_2
P814,8588344,8592374,4144.910644618796,4353.0,4922.0,ARRIVED,208.08935538120386,569.0,777.0893553812039,
P815,8588344,8592374,4152.26020820856,4353.0,4922.0,ARRIVED,200.73979179144044,569.0,769.7397917914404,
P816,8577786,8592374,3670.037713060725,4086.0,4090.2000160217285,ARRIVED,415.96228693927515,4.200016021728516,420.16230296100366,MINIBUS_1
P817,8577786,8592374,3963.298521721529,4201.800029754639,4253.4000244140625,ARRIVED,238.50150803310953,51.59999465942383,290.10150269253336,MINIBUS_1
P818,8577786,8592374,4159.285022819136,4454.0,4922.0,ARRIVED,294.71497718086357,468.0,762.7149771808636,
P819,8577785,8592374,3627.6333605178265,3777.0,4146.0,ARRIVED,149.36663948217347,369.0,518.3666394821735,
P820,8577785,8592374,3643.162570217358,3777.0,4146.0,ARRIVED,133.83742978264218,369.0,502.8374297826422,
P821,8577785,8592374,3757.7080383522903,3777.0,4146.0,ARRIVED,19.29196164770974,369.0,388.29196164770974,
P822,8577785,8592374,3936.5114539851847,3987.0,4307.0,ARRIVED,50.488546014815256,320.0,370.48854601481526,
P823,8577785,8592374,4060.4181221350555,4541.0,4922.0,ARRIVED,480.58187786494454,381.0,861.5818778649445,
P824,8577785,8592374,4151.097991692161,4541.0,4922.0,ARRIVED,389.9020083078394,381.0,770.9020083078394,
P825,8577785,8592374,4156.2407818422835,4541.0,4922.0,ARRIVED,384.75921815771653,381.0,765.7592181577165,
P826,8592378,8592374,3807.8837571825884,4248.599960327148,4333.799987792969,ARRIVED,440.71620314456004,85.20002746582031,525.9162306103804,MINIBUS_1
P827,8592377,8592374,3738.150870670422,4642.0,5158.0,ARRIVED,903.8491293295779,516.0,1419.8491293295779,
P828,8592377,8592374,3869.1436959771495,4642.0,5158.0,ARRIVED,772.8563040228505,516.0,1288.8563040228505,
P829,8592377,8592374,4075.9361902079017,4642.0,5158.0,ARRIVED,566.0638097920983,516.0,1082.0638097920983,
P830,8589158,8592374,3760.2758836122075,4844.0,5375.0,ARRIVED,1083.7241163877925,531.0,1614.7241163877925,
P831,8589158,8592374,3780.8372329092654,4844.0,5375.0,ARRIVED,1063.1627670907346,531.0,1594.1627670907346,
P832,8589158,8592374,3842.7713167565917,4038.0,4070.3999633789062,ARRIVED,195.22868324340834,32.39996337890625,227.6286466223146,MINIBUS_2
P833,8587356,8592374,3752.637832722566,3977.0,4358.0,ARRIVED,224.36216727743385,381.0,605.3621672774339,
P834,8587356,8592374,4031.926498370174,5046.0,5375.0,ARRIVED,1014.0735016298258,329.0,1343.0735016298258,
P835,8589141,8589161,4205.309191042934,4572.0,5150.0,ARRIVED,366.6908089570661,578.0,944.6908089570661,
P836,8589141,8589161,4210.20702929704,4572.0,5150.0,ARRIVED,361.7929707029598,578.0,939.7929707029598,
P837,8589141,8589161,4566.604951724868,4970.400005340576,4978.200000762939,ARRIVED,403.79505361570773,7.799995422363281,411.595049038071,MINIBUS_1
P838,8589141,8589161,4630.390193010875,5393.0,5906.0,ARRIVED,762.609806989125,513.0,1275.609806989125,
P839,8589141,8589161,4776.385111754579,5393.0,5906.0,ARRIVED,616.6148882454208,513.0,1129.6148882454208,
P840,8589138,8592374,4290.0465654601785,5014.200000762939,5038.200000762939,ARRIVED,724.153435302761,24.0,748.153435302761,MINIBUS_1
P841,8589138,8592374,4458.5016703857555,4573.79997253418,4618.799987792969,ARRIVED,115.29830214842423,45.00001525878906,160.2983174072133,MINIBUS_1
P842,8591766,8592374,4421.368770443607,4784.0,5282.0,ARRIVED,362.631229556393,498.0,860.631229556393,
P843,8591766,8592374,4446.079110395433,4784.0,5282.0,ARRIVED,337.9208896045666,498.0,835.9208896045666,
P844,8591766,8592374,4640.808207284746,4784.0,5282.0,ARRIVED,143.19179271525445,498.0,641.1917927152545,
P845,8591766,8592374,4714.348300187086,4784.0,5282.0,ARRIVED,69.65169981291365,498.0,567.6516998129136,
P846,8591766,8592374,4793.506558860795,4956.000015258789,5028.0,ARRIVED,162.49345639799412,71.99998474121094,234.49344113920506,MINIBUS_2
P847,8587255,8592374,4210.084276407658,4582.0,4856.0,ARRIVED,371.91572359234215,274.0,645.9157235923421,
P848,8587255,8592374,4366.291878650418,4590.000003814697,4618.799987792969,ARRIVED,223.7081251642794,28.799983978271484,252.5081091425509,MINIBUS_1
P849,8587255,8592374,4448.6232031675545,4582.0,4856.0,ARRIVED,133.3767968324455,274.0,407.3767968324455,
P850,8587255,8592374,4517.5284592836115,4582.0,4856.0,ARRIVED,64.47154071638852,274.0,338.4715407163885,
P851,8587255,8592374,4674.430081465879,5034.0,5282.0,ARRIVED,359.5699185341209,248.0,607.5699185341209,
P852,8589161,8589141,4303.83265845624,4484.0,4929.0,ARRIVED,180.1673415437599,445.0,625.1673415437599,
P853,8589161,8589152,4287.261119716725,4484.0,4882.0,ARRIVED,196.73888028327474,398.0,594.7388802832747,
P854,8589161,8589131,4242.870544505119,4714.0,5517.0,ARRIVED,471.12945549488086,803.0,1274.1294554948809,
P855,8589161,8589131,4278.118760600021,4714.0,5517.0,ARRIVED,435.88123939997877,803.0,1238.8812393999788,
P856,8589161,8589131,4477.0465367569395,4714.0,5517.0,ARRIVED,236.95346324306047,803.0,1039.9534632430605,
P857,8589161,8589131,4659.094175570769,4714.0,5517.0,ARRIVED,54.90582442923096,803.0,857.905824429231,
P858,8589161,8504622,4286.123156569082,4484.0,4783.0,ARRIVED,197.8768434309177,299.0,496.8768434309177,
P859,8589161,8504622,4381.338709265341,4484.0,4783.0,ARRIVED,102.6612907346589,299.0,401.6612907346589,
P860,8589161,8589271,4558.418459319034,5056.0,5690.0,ARRIVED,497.5815406809661,634.0,1131.581540680966,
P861,8589161,8592375,4240.560263257155,4798.200012207031,5046.0,ARRIVED,557.6397489498759,247.79998779296875,805.4397367428446,MINIBUS_2
P862,8589161,8592375,4641.7163585193975,5260.0,5928.0,ARRIVED,618.2836414806025,668.0,1286.2836414806025,
P863,8589161,8592375,4662.231273482167,5260.0,5928.0,ARRIVED,597.7687265178329,668.0,1265.7687265178329,
P864,8589161,8592375,4701.052444388546,4800.0,4806.600021362305,ARRIVED,98.94755561145394,6.6000213623046875,105.54757697375862,MINIBUS_2
P865,8589161,8592377,4289.967479427867,4798.200012207031,5094.599960327148,ARRIVED,508.2325327791641,296.3999481201172,804.6324808992813,MINIBUS_2
P866,8589161,8592377,4746.079248065193,4800.0,4864.200012207031,ARRIVED,53.92075193480741,64.20001220703125,118.12076414183866,MINIBUS_2
P867,8589161,8589270,4456.022433356722,5273.0,5637.0,ARRIVED,816.9775666432779,364.0,1180.977566643278,
P868,8589161,8589158,4204.413009871,4261.0,4745.0,ARRIVED,56.58699012899979,484.0,540.5869901289998,
P869,8589161,8589158,4422.416686037538,5273.0,5752.0,ARRIVED,850.583313962462,479.0,1329.583313962462,
P870,8592374,8589141,4323.204429042128,4922.0,5633.0,ARRIVED,598.7955709578719,711.0,1309.7955709578719,
P871,8592374,8589141,4737.475396979996,4922.0,5633.0,ARRIVED,184.52460302000418,711.0,895.5246030200042,
P872,8592374,8589141,4745.5263227243695,4922.0,5633.0,ARRIVED,176.4736772756305,711.0,887.4736772756305,
P873,8592374,8589152,4260.263669310138,4307.0,4882.0,ARRIVED,46.73633068986237,575.0,621.7363306898624,
P874,8592374,8589152,4522.739381924765,4922.0,5587.0,ARRIVED,399.26061807523456,665.0,1064.2606180752346,
P875,8592374,8589138,4288.928084275095,4922.0,5479.0,ARRIVED,633.071915724905,557.0,1190.071915724905,
P876,8592374,8589138,4607.474462224104,4922.0,5479.0,ARRIVED,314.5255377758958,557.0,871.5255377758958,
P877,8592374,8589138,4673.704986764388,4881.0,4887.600006103516,ARRIVED,207.2950132356118,6.600006103515625,213.89501933912743,MINIBUS_1
P878,8592374,8587255,4324.699033634464,4922.0,5156.0,ARRIVED,597.3009663655357,234.0,831.3009663655357,
P879,8592374,8589130,4387.5678856075465,4856.0,5756.0,ARRIVED,468.4321143924535,900.0,1368.4321143924535,
P880,8592374,8589130,4473.572640958128,4856.0,5756.0,ARRIVED,382.42735904187157,900.0,1282.4273590418716,
P881,8592374,8589130,4497.801929673253,5028.0,5310.600040435791,ARRIVED,530.1980703267473,282.600040435791,812.7981107625383,MINIBUS_2
P882,8592374,8589130,4530.5993024175405,5028.0,5310.600040435791,ARRIVED,497.40069758245954,282.600040435791,780.0007380182506,MINIBUS_2
P883,8592374,8589130,4581.659557445717,4856.0,5756.0,ARRIVED,274.3404425542831,900.0,1174.340442554283,
P884,8592374,8589130,4639.453914557991,5256.000015258789,5310.600040435791,ARRIVED,616.546100700798,54.60002517700195,671.1461258777999,MINIBUS_2
P885,8592374,8589131,4447.129045535038,4856.0,5517.0,ARRIVED,408.87095446496187,661.0,1069.8709544649619,
P886,8592374,8589131,4669.446638970671,5256.000015258789,5313.0,ARRIVED,586.5533762881178,56.99998474121094,643.5533610293287,MINIBUS_2
P887,8592374,8589131,4706.018590873061,4856.0,5517.0,ARRIVED,149.98140912693907,661.0,810.9814091269391,
P888,8592374,8588344,4456.613522374772,4856.0,5452.0,ARRIVED,399.3864776252276,596.0,995.3864776252276,
P889,8592374,8588344,4470.626860918675,4856.0,5452.0,ARRIVED,385.37313908132455,596.0,981.3731390813246,
P890,8592374,8588344,4716.714241039166,4856.0,5452.0,ARRIVED,139.28575896083385,596.0,735.2857589608338,
P891,8592374,8577786,4212.78881182045,4732.200031280518,5319.0,ARRIVED,519.4112194600675,586.7999687194824,1106.21118817955,MINIBUS_2
P892,8592374,8577786,4304.745429911455,4732.200031280518,5319.0,ARRIVED,427.4546013690624,586.7999687194824,1014.2545700885448,MINIBUS_2
P893,8592374,8577786,4404.195252673695,4856.0,5331.0,ARRIVED,451.804747326305,475.0,926.804747326305,
P894,8592374,8577786,4431.382989316968,4856.0,5331.0,ARRIVED,424.6170106830323,475.0,899.6170106830323,
P895,8592374,8577785,4579.391161646937,4856.0,5264.0,ARRIVED,276.6088383530632,408.0,684.6088383530632,
P896,8592374,8504622,4274.453544026637,4307.0,4783.0,ARRIVED,32.546455973362754,476.0,508.54645597336275,
P897,8592374,8504622,4338.129100589075,4922.0,5421.0,ARRIVED,583.8708994109247,499.0,1082.8708994109247,
P898,8592374,8504622,4464.441972676006,4922.0,5421.0,ARRIVED,457.5580273239939,499.0,956.5580273239939,
P899,8592374,8504622,4559.0508635773895,4922.0,5421.0,ARRIVED,362.94913642261054,499.0,861.9491364226105,
P900,8592374,8504622,4566.7664466901015,4871.40002822876,4917.599960327148,ARRIVED,304.6335815386583,46.19993209838867,350.83351363704696,MINIBUS_2
P901,8592374,8504622,4652.982891840691,4922.0,5421.0,ARRIVED,269.0171081593089,499.0,768.0171081593089,
P902,8592374,8589271,4292.216924269835,4307.0,4983.0,ARRIVED,14.783075730165365,676.0,690.7830757301654,
P903,8592374,8589271,4300.220170296102,4307.0,4983.0,ARRIVED,6.779829703898031,676.0,682.779829703898,
P904,8592374,8589271,4531.6821863177875,5392.20002746582,5531.4000244140625,ARRIVED,860.5178411480329,139.1999969482422,999.717838096275,MINIBUS_2
P905,8592374,8589271,4565.409646370668,4922.0,5690.0,ARRIVED,356.59035362933173,768.0,1124.5903536293317,
P906,8592374,8589271,4610.296109982924,4922.0,5690.0,ARRIVED,311.70389001707645,768.0,1079.7038900170764,
P907,8592374,8589271,4637.291901495534,4922.0,5690.0,ARRIVED,284.70809850446585,768.0,1052.7080985044659,
P908,8592374,8589271,4697.411693066291,4922.0,5690.0,ARRIVED,224.58830693370874,768.0,992.5883069337087,
P909,8592374,8592375,4419.807160057213,5375.0,5928.0,ARRIVED,955.192839942787,553.0,1508.192839942787,
P910,8592374,8592375,4488.58631049334,5375.0,5928.0,ARRIVED,886.4136895066604,553.0,1439.4136895066604,
P911,8592374,8592377,4608.936036020487,5079.600021362305,5094.599960327148,ARRIVED,470.66398534181735,14.99993896484375,485.6639243066611,MINIBUS_2
P912,8592374,8592377,4663.506869301871,5375.0,5788.0,ARRIVED,711.4931306981289,413.0,1124.4931306981289,
P913,8592374,8592377,4783.52544858833,4807.199996948242,4864.200012207031,ARRIVED,23.674548359912478,57.00001525878906,80.67456361870154,MINIBUS_2
P914,8592374,8589270,4495.692874436556,5158.0,5637.0,ARRIVED,662.3071255634441,479.0,1141.307125563444,
P915,8592374,8589270,4501.201530163932,5158.0,5637.0,ARRIVED,656.7984698360679,479.0,1135.7984698360679,
P916,8592374,8589270,4514.687047727754,4871.40002822876,4923.000015258789,ARRIVED,356.7129805010054,51.5999870300293,408.3129675310347,MINIBUS_2
P917,8592374,8589270,4639.385667281967,5158.0,5637.0,ARRIVED,518.6143327180334,479.0,997.6143327180334,
P918,8592374,8589158,4277.371058600392,4513.200000762939,4534.199970245361,ARRIVED,235.82894216254772,20.999969482421875,256.8289116449696,MINIBUS_1
P919,8592374,8589158,4346.249232505281,5158.0,5752.0,ARRIVED,811.7507674947192,594.0,1405.7507674947192,
P920,8592374,8589158,4357.395329956941,5158.0,5752.0,ARRIVED,800.6046700430588,594.0,1394.6046700430588,
P921,8592374,8589158,4464.333724270037,5158.0,5752.0,ARRIVED,693.6662757299628,594.0,1287.6662757299628,
P922,8592374,8589158,4636.988869333057,5038.200000762939,5039.399963378906,ARRIVED,401.2111314298827,1.1999626159667969,402.4110940458495,MINIBUS_1
P923,8592374,8589158,4684.860215529775,5158.0,5752.0,ARRIVED,473.1397844702251,594.0,1067.139784470225,
P924,8589131,8592374,4268.358822934024,4282.0,4922.0,ARRIVED,13.64117706597608,640.0,653.6411770659761,
P925,8589131,8592374,4490.637846244665,4690.0,5419.0,ARRIVED,199.36215375533538,729.0,928.3621537553354,
P926,8589131,8592374,4592.178056311381,4690.0,5419.0,ARRIVED,97.82194368861929,729.0,826.8219436886193,
P927,8588344,8592374,4273.867444448386,4591.799987792969,4732.200031280518,ARRIVED,317.9325433445829,140.40004348754883,458.3325868321317,MINIBUS_2
P928,8588344,8592374,4360.157261359898,4776.0,5419.0,ARRIVED,415.84273864010174,643.0,1058.8427386401017,
P929,8588344,8592374,4497.21978191283,4591.799987792969,4632.599960327148,ARRIVED,94.58020588013915,40.79997253417969,135.38017841431883,MINIBUS_2
P930,8588344,8592374,4540.4311135413,4776.0,5419.0,ARRIVED,235.56888645870004,643.0,878.5688864587,
P931,8588344,8592374,4751.816620167459,4776.0,5419.0,ARRIVED,24.183379832540595,643.0,667.1833798325406,
P932,8577786,8592374,4234.384322317864,4554.600021362305,4732.200031280518,ARRIVED,320.21569904444095,177.6000099182129,497.81570896265384,MINIBUS_2
P933,8577786,8592374,4472.463479217141,4554.600021362305,4732.200031280518,ARRIVED,82.13654214516373,177.6000099182129,259.7365520633766,MINIBUS_2
P934,8577786,8592374,4787.723448401932,5185.200012207031,5256.000015258789,ARRIVED,397.47656380509943,70.80000305175781,468.27656685685724,MINIBUS_2
P935,8577785,8592374,4433.539782813543,4541.0,4922.0,ARRIVED,107.46021718645716,381.0,488.46021718645716,
P936,8577785,8592374,4717.458042286245,4786.0,5158.0,ARRIVED,68.54195771375544,372.0,440.54195771375544,
P937,8577785,8592374,4756.363714961144,4786.0,5158.0,ARRIVED,29.63628503885593,372.0,401.63628503885593,
P938,8592375,8592374,4290.990354228304,4645.200012207031,4732.200031280518,ARRIVED,354.2096579787276,87.00001907348633,441.2096770522139,MINIBUS_2
P939,8592375,8592374,4426.390144017109,4645.200012207031,4732.200031280518,ARRIVED,218.80986818992187,87.00001907348633,305.8098872634082,MINIBUS_2
P940,8592375,8592374,4548.560044177652,5077.0,5915.0,ARRIVED,528.4399558223477,838.0,1366.4399558223477,
P941,8592377,8592374,4224.749643937545,4504.200031280518,4732.200031280518,ARRIVED,279.45038734297214,228.0,507.45038734297214,MINIBUS_2
P942,8592377,8592374,4311.809073171026,4642.0,5158.0,ARRIVED,330.1909268289737,516.0,846.1909268289737,
P943,8592377,8592374,4455.10202350322,4642.0,5158.0,ARRIVED,186.89797649677985,516.0,702.8979764967798,
P944,8592377,8592374,4468.175127303269,4642.0,5158.0,ARRIVED,173.8248726967313,516.0,689.8248726967313,
P945,8592377,8592374,4789.26594335461,5414.0,5915.0,ARRIVED,624.7340566453904,501.0,1125.7340566453904,
P946,8589158,8592374,4305.542299212276,4844.0,5375.0,ARRIVED,538.4577007877242,531.0,1069.4577007877242,
P947,8587356,8592374,4524.5245362176365,4918.200012207031,5028.0,ARRIVED,393.6754759893947,109.79998779296875,503.4754637823635,MINIBUS_2
P948,8589141,8589161,4816.452352064821,5107.799961090088,5130.599990844727,ARRIVED,291.34760902526705,22.800029754638672,314.1476387799057,MINIBUS_1
P949,8589141,8589161,4871.210860071685,5393.0,5906.0,ARRIVED,521.7891399283153,513.0,1034.7891399283153,
P950,8589141,8589161,5187.748907244231,5393.0,5906.0,ARRIVED,205.2510927557687,513.0,718.2510927557687,
P951,8589141,8589161,5194.806015943296,5393.0,5906.0,ARRIVED,198.1939840567038,513.0,711.1939840567038,
P952,8589141,8589161,5369.64720378721,5772.000022888184,5857.80001449585,ARRIVED,402.35281910097365,85.79999160766602,488.15281070863966,MINIBUS_1
P953,8589152,8589161,5380.75012315073,5440.0,5906.0,ARRIVED,59.24987684926964,466.0,525.2498768492696,
P954,8589138,8592374,4819.7268696457595,5119.200012207031,5159.400009155273,ARRIVED,299.47314256127174,40.19999694824219,339.67313950951393,MINIBUS_2
P955,8589138,8592374,5353.747615943781,5508.0,6020.0,ARRIVED,154.25238405621894,512.0,666.252384056219,
P956,8591766,8592374,4814.65103034485,4951.0,5375.0,ARRIVED,136.34896965514963,424.0,560.3489696551496,
P957,8591766,8592374,4826.478045161844,4951.0,5375.0,ARRIVED,124.52195483815558,424.0,548.5219548381556,
P958,8591766,8592374,5114.934954516368,5473.199993133545,5501.999988555908,ARRIVED,358.2650386171772,28.79999542236328,387.0650340395405,MINIBUS_1
P959,8591766,8592374,5247.6839993589765,5473.199993133545,5501.999988555908,ARRIVED,225.51599377456841,28.79999542236328,254.3159891969317,MINIBUS_1
P960,8587255,8592374,5053.414828378911,5163.0,5375.0,ARRIVED,109.5851716210891,212.0,321.5851716210891,
P961,8587255,8592374,5155.1868623562095,5498.400016784668,5501.999988555908,ARRIVED,343.21315442845844,3.5999717712402344,346.8131261996987,MINIBUS_1
P962,8587255,8592374,5242.62643795434,5498.400016784668,5501.999988555908,ARRIVED,255.773578830328,3.5999717712402344,259.37355060156824,MINIBUS_1
P963,8587255,8592374,5310.170718711339,5793.0,6020.0,ARRIVED,482.82928128866115,227.0,709.8292812886612,
P964,8587255,8592374,5355.912582216755,5793.0,6020.0,ARRIVED,437.08741778324475,227.0,664.0874177832447,
P965,8589161,8589152,5352.666544690266,5658.600006103516,5687.400016784668,ARRIVED,305.93346141324946,28.800010681152344,334.7334720944018,MINIBUS_1
P966,8589161,8589138,5151.523514353166,5545.0,5981.0,ARRIVED,393.4764856468337,436.0,829.4764856468337,
P967,8589161,8587255,5398.675475814556,5857.80001449585,5865.000022888184,ARRIVED,459.1245386812934,7.200008392333984,466.3245470736274,MINIBUS_1
P968,8589161,8577786,4962.6393118299675,5150.0,5648.0,ARRIVED,187.36068817003252,498.0,685.3606881700325,
P969,8589161,8577786,5393.550669971416,5906.0,6454.0,ARRIVED,512.449330028584,548.0,1060.449330028584,
P970,8589161,8504622,4945.601621249718,5056.0,5421.0,ARRIVED,110.39837875028206,365.0,475.39837875028206,
P971,8589161,8504622,5146.2358038503435,5545.0,5932.0,ARRIVED,398.7641961496565,387.0,785.7641961496565,
P972,8589161,8592375,5350.75183459986,7214.0,7907.0,ARRIVED,1863.2481654001404,693.0,2556.2481654001404,
P973,8589161,8592377,5223.455093313406,5260.0,5788.0,ARRIVED,36.544906686594004,528.0,564.544906686594,
P974,8589161,8589270,4844.144147097678,5424.600040435791,5484.600040435791,ARRIVED,580.4558933381131,60.0,640.4558933381131,MINIBUS_2
P975,8589161,8589270,5020.276981428761,5273.0,5637.0,ARRIVED,252.72301857123875,364.0,616.7230185712388,
P976,8589161,8589270,5289.789037854455,6069.0,6497.0,ARRIVED,779.2109621455447,428.0,1207.2109621455447,
P977,8589161,8589158,4809.344696800468,5273.0,5752.0,ARRIVED,463.6553031995318,479.0,942.6553031995318,
P978,8589161,8589158,4839.514878908068,5273.0,5752.0,ARRIVED,433.48512109193234,479.0,912.4851210919323,
P979,8589161,8589158,4904.332729728736,5273.0,5752.0,ARRIVED,368.667270271264,479.0,847.667270271264,
P980,8592374,8589141,4860.3735072966165,5392.20002746582,5517.600040435791,ARRIVED,531.8265201692038,125.4000129699707,657.2265331391745,MINIBUS_2
P981,8592374,8589141,4959.052402690929,5419.0,6125.0,ARRIVED,459.94759730907117,706.0,1165.9475973090712,
P982,8592374,8589141,4991.794035257775,5419.0,6125.0,ARRIVED,427.20596474222475,706.0,1133.2059647422248,
P983,8592374,8589141,5133.3356440287625,5419.0,6125.0,ARRIVED,285.66435597123746,706.0,991.6643559712375,
P984,8592374,8589141,5182.753658215474,5419.0,6125.0,ARRIVED,236.2463417845256,706.0,942.2463417845256,
P985,8592374,8589141,5217.542062997862,5419.0,6125.0,ARRIVED,201.45793700213835,706.0,907.4579370021384,
P986,8592374,8589141,5326.570191396525,5419.0,6125.0,ARRIVED,92.42980860347507,706.0,798.4298086034751,
P987,8592374,8589141,5327.398343187121,5610.599948883057,5690.999950408936,ARRIVED,283.20160569593554,80.4000015258789,363.60160722181445,MINIBUS_1
P988,8592374,8589141,5328.552376027681,5610.599948883057,5690.999950408936,ARRIVED,282.0475728553756,80.4000015258789,362.4475743812545,MINIBUS_1
P989,8592374,8589141,5365.642611557796,5610.599948883057,5690.999950408936,ARRIVED,244.9573373252606,80.4000015258789,325.3573388511395,MINIBUS_1
P990,8592374,8589141,5371.254496433526,5419.0,6125.0,ARRIVED,47.745503566474326,706.0,753.7455035664743,
P991,8592374,8589141,5388.4021993079405,5718.600017547607,5772.000022888184,ARRIVED,330.19781823966696,53.40000534057617,383.59782358024313,MINIBUS_1
P992,8592374,8589152,5124.490121885129,5419.0,6075.0,ARRIVED,294.50987811487084,656.0,950.5098781148708,
P993,8592374,8589152,5294.239270403392,5419.0,6075.0,ARRIVED,124.76072959660814,656.0,780.7607295966081,
P994,8592374,8589138,4904.224877110994,4922.0,5479.0,ARRIVED,17.775122889005615,557.0,574.7751228890056,
P995,8592374,8587255,4901.172605314934,4922.0,5156.0,ARRIVED,20.827394685065883,234.0,254.82739468506588,
P996,8592374,8587255,4919.396807338249,5392.20002746582,5431.800033569336,ARRIVED,472.80322012757097,39.600006103515625,512.4032262310866,MINIBUS_2
P997,8592374,8587255,5111.37560258024,5158.0,5380.0,ARRIVED,46.62439741975959,222.0,268.6243974197596,
P998,8592374,8587255,5135.546791554373,5158.0,5380.0,ARRIVED,22.453208445626842,222.0,244.45320844562684,
P999,8592374,8587255,5220.238947039026,5419.0,5667.0,ARRIVED,198.76105296097376,248.0,446.76105296097376,
P1000,8592374,8587255,5361.855352982975,5419.0,5667.0,ARRIVED,57.14464701702491,248.0,305.1446470170249,
P1001,8592374,8589130,4936.06458493119,6594.0,7449.0,ARRIVED,1657.9354150688096,855.0,2512.9354150688096,
P1002,8592374,8589130,5178.370687349692,6594.0,7449.0,ARRIVED,1415.6293126503078,855.0,2270.629312650308,
P1003,8592374,8589131,4842.292549774795,4856.0,5517.0,ARRIVED,13.70745022520532,661.0,674.7074502252053,
P1004,8592374,8589131,4938.656564688865,5282.0,5813.0,ARRIVED,343.3434353111352,531.0,874.3434353111352,
P1005,8592374,8589131,5089.204474139808,5282.0,5813.0,ARRIVED,192.79552586019236,531.0,723.7955258601924,
P1006,8592374,8589131,5253.569729796247,5501.999988555908,5569.800003051758,ARRIVED,248.43025875966123,67.80001449584961,316.23027325551084,MINIBUS_1
P1007,8592374,8588344,5276.349476542383,5282.0,5746.0,ARRIVED,5.650523457617055,464.0,469.65052345761706,
P1008,8592374,8577786,4940.4377501447625,5159.400009155273,5185.200012207031,ARRIVED,218.96225901051093,25.800003051757812,244.76226206226875,MINIBUS_2
P1009,8592374,8577786,4995.960998619173,5282.0,5648.0,ARRIVED,286.03900138082736,366.0,652.0390013808274,
P1010,8592374,8577786,5256.37314770083,5282.0,5648.0,ARRIVED,25.626852299170423,366.0,391.6268522991704,
P1011,8592374,8577785,5144.295562173013,5501.999988555908,5515.199951171875,ARRIVED,357.7044263828948,13.199962615966797,370.9043889988616,MINIBUS_1
P1012,8592374,8577785,5144.608828422622,5282.0,5583.0,ARRIVED,137.39117157737837,301.0,438.3911715773784,
P1013,8592374,8577785,5346.949765436046,5375.0,5703.0,ARRIVED,28.05023456395429,328.0,356.0502345639543,
P1014,8592374,8577785,5357.447594935054,5375.0,5703.0,ARRIVED,17.55240506494556,328.0,345.55240506494556,
P1015,8592374,8504622,4807.364386761621,4922.0,5421.0,ARRIVED,114.63561323837894,499.0,613.6356132383789,
P1016,8592374,8504622,4918.463339873594,4922.0,5421.0,ARRIVED,3.5366601264058772,499.0,502.5366601264059,
P1017,8592374,8504622,5057.692462875016,5392.20002746582,5506.199996948242,ARRIVED,334.5075645908046,113.99996948242188,448.50753407322645,MINIBUS_2
P1018,8592374,8504622,5072.283125322184,5419.0,5932.0,ARRIVED,346.7168746778161,513.0,859.7168746778161,
P1019,8592374,8504622,5130.392737165597,5432.400009155273,5506.199996948242,ARRIVED,302.00727198967616,73.79998779296875,375.8072597826449,MINIBUS_2
P1020,8592374,8504622,5203.501638809953,5419.0,5932.0,ARRIVED,215.49836119004704,513.0,728.498361190047,
P1021,8592374,8504622,5258.76564907061,5610.599948883057,5659.199951171875,ARRIVED,351.83429981244626,48.60000228881836,400.4343021012646,MINIBUS_1
P1022,8592374,8504622,5274.245506926121,5419.0,5932.0,ARRIVED,144.75449307387862,513.0,657.7544930738786,
P1023,8592374,8504622,5339.395262486077,5419.0,5932.0,ARRIVED,79.60473751392328,513.0,592.6047375139233,
P1024,8592374,8589271,4811.048218576086,5392.20002746582,5531.4000244140625,ARRIVED,581.1518088897346,139.1999969482422,720.3518058379768,MINIBUS_2
P1025,8592374,8589271,4823.5848129108,4922.0,5690.0,ARRIVED,98.41518708920012,768.0,866.4151870892001,
P1026,8592374,8589271,4889.307378721264,4922.0,5690.0,ARRIVED,32.692621278735714,768.0,800.6926212787357,
P1027,8592374,8589271,5315.696524550441,5419.0,6187.0,ARRIVED,103.3034754495593,768.0,871.3034754495593,
P1028,8592374,8592375,5140.585953509905,5375.0,5928.0,ARRIVED,234.41404649009473,553.0,787.4140464900947,
P1029,8592374,8592375,5275.373432696847,5375.0,5928.0,ARRIVED,99.62656730315302,553.0,652.626567303153,
P1030,8592374,8592378,4806.109712251526,5375.0,5880.0,ARRIVED,568.8902877484743,505.0,1073.8902877484743,
P1031,8592374,8592377,5289.0301719079625,5501.999988555908,5539.200000762939,ARRIVED,212.96981664794566,37.20001220703125,250.1698288549769,MINIBUS_1
P1032,8592374,8589270,5213.816822647509,5610.599948883057,5661.000022888184,ARRIVED,396.78312623554757,50.40007400512695,447.1832002406745,MINIBUS_1
P1033,8592374,8589158,4812.846813702599,5158.0,5752.0,ARRIVED,345.1531862974007,594.0,939.1531862974007,
P1034,8592374,8589158,5045.589225300777,5158.0,5752.0,ARRIVED,112.41077469922311,594.0,706.4107746992231,
P1035,8592374,8589158,5052.464641479791,5158.0,5752.0,ARRIVED,105.53535852020923,594.0,699.5353585202092,
P1036,8592374,8589158,5128.8146260690755,5158.0,5752.0,ARRIVED,29.18537393092447,594.0,623.1853739309245,
P1037,8592374,8589158,5144.145727089827,5158.0,5752.0,ARRIVED,13.854272910172767,594.0,607.8542729101728,
P1038,8592374,8589158,5145.323294351276,5158.0,5752.0,ARRIVED,12.676705648724237,594.0,606.6767056487242,
P1039,8592374,8589158,5200.14736291565,5915.0,6611.0,ARRIVED,714.8526370843501,696.0,1410.8526370843501,
P1040,8592374,8589158,5235.108884834688,5915.0,6611.0,ARRIVED,679.8911151653119,696.0,1375.891115165312,
P1041,8592374,8589158,5301.662182257004,5915.0,6611.0,ARRIVED,613.3378177429959,696.0,1309.3378177429959,
P1042,8592374,8589158,5387.7477579662445,5915.0,6611.0,ARRIVED,527.2522420337555,696.0,1223.2522420337555,
P1043,8592374,8589158,5392.220204591836,5915.0,6611.0,ARRIVED,522.7797954081643,696.0,1218.7797954081643,
P1044,8589130,8592374,5045.369951918474,5441.0,6263.0,ARRIVED,395.6300480815262,822.0,1217.6300480815262,
P1045,8589130,8592374,5171.467756775791,5545.199951171875,5610.599948883057,ARRIVED,373.7321943960842,65.39999771118164,439.13219210726584,MINIBUS_1
P1046,8589131,8592374,5116.917366375513,5569.800003051758,5610.599948883057,ARRIVED,452.88263667624506,40.79994583129883,493.6825825075439,MINIBUS_1
P1047,8588344,8592374,4901.079161065519,5229.0,5766.0,ARRIVED,327.92083893448125,537.0,864.9208389344813,
P1048,8588344,8592374,4949.2504195583915,5229.0,5766.0,ARRIVED,279.7495804416085,537.0,816.7495804416085,
P1049,8588344,8592374,5045.052681442776,5229.0,5766.0,ARRIVED,183.9473185572242,537.0,720.9473185572242,
P1050,8588344,8592374,5072.662069220715,5229.0,5766.0,ARRIVED,156.33793077928476,537.0,693.3379307792848,
P1051,8588344,8592374,5104.010796580563,5570.399978637695,5610.599948883057,ARRIVED,466.38918205713253,40.19997024536133,506.58915230249386,MINIBUS_1
P1052,8588344,8592374,5237.367382492021,5676.0,6263.0,ARRIVED,438.6326175079794,587.0,1025.6326175079794,
P1053,8588344,8592374,5288.054365615026,5676.0,6263.0,ARRIVED,387.94563438497426,587.0,974.9456343849743,
P1054,8577786,8592374,5145.669486844375,5336.0,5766.0,ARRIVED,190.33051315562534,430.0,620.3305131556253,
P1055,8577785,8592374,5098.143527163725,5424.0,5766.0,ARRIVED,325.8564728362753,342.0,667.8564728362753,
P1056,8577785,8592374,5165.805387345877,5424.0,5766.0,ARRIVED,258.1946126541234,342.0,600.1946126541234,
P1057,8577785,8592374,5211.885075313387,5515.199951171875,5610.599948883057,ARRIVED,303.31487585848845,95.39999771118164,398.7148735696701,MINIBUS_1
P1058,8577785,8592374,5316.615000236847,5424.0,5766.0,ARRIVED,107.38499976315325,342.0,449.38499976315325,
P1059,8577785,8592374,5372.282778654296,5424.0,5766.0,ARRIVED,51.717221345704274,342.0,393.7172213457043,
P1060,8592377,8592374,4870.393275636117,5414.0,5915.0,ARRIVED,543.6067243638827,501.0,1044.6067243638827,
P1061,8592377,8592374,4897.77634950684,5414.0,5915.0,ARRIVED,516.2236504931598,501.0,1017.2236504931598,
P1062,8592377,8592374,4982.233551546519,5256.0,5256.000015258789,ARRIVED,273.76644845348073,1.52587890625e-05,273.7664637122698,MINIBUS_2
P1063,8592377,8592374,5005.310135794434,5322.599960327148,5392.20002746582,ARRIVED,317.2898245327142,69.60006713867188,386.88989167138607,MINIBUS_2
P1064,8592377,8592374,5336.533751874994,5414.0,5915.0,ARRIVED,77.46624812500613,501.0,578.4662481250061,
P1065,8589158,8592374,4825.16692552878,4844.0,5375.0,ARRIVED,18.833074471220243,531.0,549.8330744712202,
P1066,8589158,8592374,4829.033498688281,5112.000015258789,5159.400009155273,ARRIVED,282.96651657050825,47.399993896484375,330.3665104669926,MINIBUS_2
P1067,8589158,8592374,4984.727012391372,5233.79997253418,5258.400039672852,ARRIVED,249.07296014280746,24.600067138671875,273.67302728147934,MINIBUS_1
P1068,8589158,8592374,5136.689519840896,5700.0,6251.0,ARRIVED,563.3104801591044,551.0,1114.3104801591044,
P1069,8589158,8592374,5199.154209907507,5457.0,5501.999988555908,ARRIVED,257.8457900924932,44.9999885559082,302.8457786484014,MINIBUS_1
P1070,8589158,8592374,5210.316179373948,5700.0,6251.0,ARRIVED,489.6838206260518,551.0,1040.6838206260518,
P1071,8589158,8592374,5289.36677159071,5700.0,6251.0,ARRIVED,410.6332284092896,551.0,961.6332284092896,
P1072,8589158,8592374,5345.291230419953,5700.0,6251.0,ARRIVED,354.7087695800474,551.0,905.7087695800474,
P1073,8587356,8592374,5358.5065476035015,5419.200019836426,5501.999988555908,ARRIVED,60.69347223292425,82.79996871948242,143.49344095240667,MINIBUS_1
P1074,8589141,8589161,5402.883745947603,6303.0,7011.0,ARRIVED,900.1162540523974,708.0,1608.1162540523974,
P1075,8589141,8589161,5670.666321634542,6303.0,7011.0,ARRIVED,632.3336783654577,708.0,1340.3336783654577,
P1076,8589152,8589161,5804.671981064428,5922.0,6480.0,ARRIVED,117.32801893557189,558.0,675.3280189355719,
P1077,8589152,8589161,5850.9147855774945,5922.0,6480.0,ARRIVED,71.08521442250549,558.0,629.0852144225055,
P1078,8589138,8592374,5839.501004318405,5990.0,6594.0,ARRIVED,150.49899568159526,604.0,754.4989956815953,
P1079,8591766,8592374,5574.351555998115,5835.599960327148,5873.999988555908,ARRIVED,261.2484043290333,38.400028228759766,299.64843255779306,MINIBUS_1
P1080,8591766,8592374,5798.786662690371,6207.599990844727,6736.200012207031,ARRIVED,408.813328154356,528.6000213623047,937.4133495166607,MINIBUS_2
P1081,8591766,8592374,5912.8937943531855,6067.0,6594.0,ARRIVED,154.1062056468145,527.0,681.1062056468145,
P1082,8591766,8592374,5924.027222332731,6067.0,6594.0,ARRIVED,142.97277766726893,527.0,669.9727776672689,
P1083,8587255,8592374,5409.699574972236,5865.000022888184,5873.999988555908,ARRIVED,455.3004479159472,8.99996566772461,464.3004135836718,MINIBUS_1
P1084,8587255,8592374,5472.5168151574635,5865.000022888184,5873.999988555908,ARRIVED,392.4832077307201,8.99996566772461,401.4831733984447,MINIBUS_1
P1085,8587255,8592374,5535.245667935346,5865.000022888184,5873.999988555908,ARRIVED,329.7543549528373,8.99996566772461,338.7543206205619,MINIBUS_1
P1086,8587255,8592374,5543.440393083166,5865.000022888184,5873.999988555908,ARRIVED,321.5596298050177,8.99996566772461,330.55959547274233,MINIBUS_1
P1087,8587255,8592374,5594.91678948631,5793.0,6020.0,ARRIVED,198.08321051368966,227.0,425.08321051368966,
P1088,8587255,8592374,5609.035497174035,5793.0,6020.0,ARRIVED,183.9645028259647,227.0,410.9645028259647,
P1089,8587255,8592374,5807.213769783257,6005.0,6251.0,ARRIVED,197.7862302167432,246.0,443.7862302167432,
P1090,8589161,8589141,5445.038780239473,5545.0,6125.0,ARRIVED,99.96121976052655,580.0,679.9612197605265,
P1091,8589161,8589152,5843.610929633257,6867.0,7231.199996948242,ARRIVED,1023.389070366743,364.1999969482422,1387.5890673149852,MINIBUS_2
P1092,8589161,8589138,5447.985974843743,5749.799945831299,5787.599960327148,ARRIVED,301.8139709875559,37.80001449584961,339.6139854834055,MINIBUS_1
P1093,8589161,8589138,5864.623872906579,5881.0,6317.0,ARRIVED,16.37612709342102,436.0,452.376127093421,
P1094,8589161,8589131,5430.918737697628,5906.0,6628.0,ARRIVED,475.0812623023721,722.0,1197.0812623023721,
P1095,8589161,8589131,5476.336232132579,5906.0,6628.0,ARRIVED,429.6637678674206,722.0,1151.6637678674206,
P1096,8589161,8589131,5785.711790862232,6102.000011444092,6226.80001449585,ARRIVED,316.2882205818596,124.80000305175781,441.0882236336174,MINIBUS_1
P1097,8589161,8589131,5995.6935564902615,6480.0,7252.0,ARRIVED,484.30644350973853,772.0,1256.3064435097385,
P1098,8589161,8577786,5597.9401070733065,5906.0,6454.0,ARRIVED,308.05989292669346,548.0,856.0598929266935,
P1099,8589161,8589271,5711.61989050652,6448.0,7072.0,ARRIVED,736.3801094934797,624.0,1360.3801094934797,
P1100,8589161,8592375,5632.718678434349,7214.0,7907.0,ARRIVED,1581.2813215656506,693.0,2274.2813215656506,
P1101,8589161,8592377,5553.732522583673,6144.0,6718.0,ARRIVED,590.267477416327,574.0,1164.267477416327,
P1102,8589161,8589158,5585.012365162019,6069.0,6611.0,ARRIVED,483.9876348379812,542.0,1025.9876348379812,
P1103,8589161,8589158,5673.587850883356,6807.0,7283.399997711182,ARRIVED,1133.4121491166443,476.39999771118164,1609.812146827826,MINIBUS_2
P1104,8589161,8589158,5882.308974578453,6807.0,7283.399997711182,ARRIVED,924.6910254215472,476.39999771118164,1401.0910231327289,MINIBUS_2
P1105,8589161,8589158,5908.540543428915,6807.0,7283.399997711182,ARRIVED,898.459456571085,476.39999771118164,1374.8594542822666,MINIBUS_2
P1106,8592374,8589141,5504.900127330485,5766.0,6470.0,ARRIVED,261.0998726695152,704.0,965.0998726695152,
P1107,8592374,8589141,5594.3984391164,5766.0,6470.0,ARRIVED,171.60156088359963,704.0,875.6015608835996,
P1108,8592374,8589141,5726.632853197394,5766.0,6470.0,ARRIVED,39.36714680260593,704.0,743.3671468026059,
P1109,8592374,8589141,5873.670811170168,6000.0,6123.599990844727,ARRIVED,126.32918882983176,123.59999084472656,249.92917967455833,MINIBUS_2
P1110,8592374,8589141,5884.843109258518,6263.0,7014.0,ARRIVED,378.15689074148213,751.0,1129.1568907414821,
P1111,8592374,8589152,5455.396353178302,5766.0,6416.0,ARRIVED,310.603646821698,650.0,960.603646821698,
P1112,8592374,8589152,5705.715925432209,5766.0,6416.0,ARRIVED,60.28407456779132,650.0,710.2840745677913,
P1113,8592374,8589138,5888.828683798643,6263.0,6875.0,ARRIVED,374.1713162013566,612.0,986.1713162013566,
P1114,8592374,8587255,5546.864636009326,5766.0,6001.0,ARRIVED,219.1353639906738,235.0,454.1353639906738,
P1115,8592374,8587255,5577.699163002177,5766.0,6001.0,ARRIVED,188.30083699782335,235.0,423.30083699782335,
P1116,8592374,8587255,5876.338064529662,6736.200012207031,6864.0,ARRIVED,859.8619476773692,127.79998779296875,987.661935470338,MINIBUS_2
P1117,8592374,8587255,5939.666718351384,6263.0,6564.0,ARRIVED,323.3332816486163,301.0,624.3332816486163,
P1118,8592374,8589130,5466.891599332748,5873.999988555908,5934.0,ARRIVED,407.10838922316,60.0000114440918,467.1084006672518,MINIBUS_1
P1119,8592374,8589130,5495.626038314207,5873.999988555908,5934.0,ARRIVED,378.3739502417011,60.0000114440918,438.3739616857929,MINIBUS_1
P1120,8592374,8589130,5694.237553009391,6054.599990844727,6280.799987792969,ARRIVED,360.3624378353352,226.1999969482422,586.5624347835774,MINIBUS_1
P1121,8592374,8589130,5705.410304954575,6594.0,7449.0,ARRIVED,888.5896950454253,855.0,1743.5896950454253,
P1122,8592374,8589130,5981.58829053819,6594.0,7449.0,ARRIVED,612.4117094618096,855.0,1467.4117094618096,
P1123,8592374,8589131,5400.040410622921,6020.0,6628.0,ARRIVED,619.9595893770793,608.0,1227.9595893770793,
P1124,8592374,8589131,5614.7374844642545,5873.999988555908,5917.80001449585,ARRIVED,259.2625040916537,43.800025939941406,303.0625300315951,MINIBUS_1
P1125,8592374,8589131,5629.13298217263,6020.0,6628.0,ARRIVED,390.86701782736964,608.0,998.8670178273696,
P1126,8592374,8589131,5726.092415145565,6020.0,6628.0,ARRIVED,293.9075848544353,608.0,901.9075848544353,
P1127,8592374,8588344,5412.948160931765,6020.0,6568.0,ARRIVED,607.0518390682346,548.0,1155.0518390682346,
P1128,8592374,8588344,5778.639273774723,6020.0,6568.0,ARRIVED,241.36072622527718,548.0,789.3607262252772,
P1129,8592374,8588344,5779.404721214002,6054.599990844727,6269.999988555908,ARRIVED,275.1952696307244,215.39999771118164,490.59526734190604,MINIBUS_1
P1130,8592374,8588344,5836.095955832301,6020.0,6568.0,ARRIVED,183.90404416769888,548.0,731.9040441676989,
P1131,8592374,8577786,5457.028859267963,6020.0,6454.0,ARRIVED,562.9711407320374,434.0,996.9711407320374,
P1132,8592374,8577786,5473.148666679532,5873.999988555908,5894.400012969971,ARRIVED,400.85132187637646,20.4000244140625,421.25134629043896,MINIBUS_1
P1133,8592374,8577786,5540.146566814253,6020.0,6454.0,ARRIVED,479.85343318574724,434.0,913.8534331857472,
P1134,8592374,8577786,5587.434012587566,6020.0,6454.0,ARRIVED,432.56598741243397,434.0,866.565987412434,
P1135,8592374,8577786,5864.885433158121,6020.0,6454.0,ARRIVED,155.11456684187942,434.0,589.1145668418794,
P1136,8592374,8577786,5921.274564952197,6125.400012969971,6193.799987792969,ARRIVED,204.12544801777403,68.39997482299805,272.5254228407721,MINIBUS_1
P1137,8592374,8577785,5844.888181540806,6054.599990844727,6186.599960327148,ARRIVED,209.71180930392075,131.99996948242188,341.7117787863426,MINIBUS_1
P1138,8592374,8577785,5958.655916049465,6423.0,6538.200012207031,ARRIVED,464.3440839505347,115.20001220703125,579.544096157566,MINIBUS_2
P1139,8592374,8504622,5456.846325652949,5766.0,6254.0,ARRIVED,309.1536743470506,488.0,797.1536743470506,
P1140,8592374,8504622,5856.016334534648,6263.0,6822.0,ARRIVED,406.9836654653518,559.0,965.9836654653518,
P1141,8592374,8504622,5867.239962838553,6736.200012207031,6875.400009155273,ARRIVED,868.9600493684784,139.1999969482422,1008.1600463167206,MINIBUS_2
P1142,8592374,8589271,5502.127675234673,6263.0,7072.0,ARRIVED,760.872324765327,809.0,1569.872324765327,
P1143,8592374,8589271,5575.69507229905,6263.0,7072.0,ARRIVED,687.3049277009504,809.0,1496.3049277009504,
P1144,8592374,8589271,5725.936372409848,6000.0,6193.800003051758,ARRIVED,274.06362759015155,193.8000030517578,467.86363064190937,MINIBUS_2
P1145,8592374,8589271,5908.473343805117,6263.0,7072.0,ARRIVED,354.5266561948829,809.0,1163.526656194883,
P1146,8592374,8589271,5909.129266278879,6263.0,7072.0,ARRIVED,353.8707337211208,809.0,1162.8707337211208,
P1147,8592374,8589271,5936.52906463456,6000.0,6193.800003051758,ARRIVED,63.4709353654398,193.8000030517578,257.2709384171976,MINIBUS_2
P1148,8592374,8592375,5729.330665550242,6054.599990844727,6174.599933624268,ARRIVED,325.2693252944846,119.99994277954102,445.2692680740256,MINIBUS_1
P1149,8592374,8589270,5642.495440575418,5915.0,6497.0,ARRIVED,272.5045594245821,582.0,854.5045594245821,
P1150,8592374,8589270,5713.274690376071,5915.0,6497.0,ARRIVED,201.7253096239292,582.0,783.7253096239292,
P1151,8592374,8589270,5735.542566018478,5915.0,6497.0,ARRIVED,179.45743398152172,582.0,761.4574339815217,
P1152,8592374,8589158,5503.324379745202,5915.0,6611.0,ARRIVED,411.67562025479765,696.0,1107.6756202547976,
P1153,8592374,8589158,5508.262945190357,5718.600017547607,5764.199993133545,ARRIVED,210.3370723572507,45.5999755859375,255.9370479431882,MINIBUS_1
P1154,8592374,8589158,5552.899541061132,5718.600017547607,5764.199993133545,ARRIVED,165.70047648647505,45.5999755859375,211.30045207241255,MINIBUS_1
P1155,8592374,8589158,5867.090592315544,5915.0,6611.0,ARRIVED,47.9094076844558,696.0,743.9094076844558,
P1156,8592374,8589158,5936.485571714379,6736.200012207031,7283.399997711182,ARRIVED,799.7144404926521,547.1999855041504,1346.9144259968025,MINIBUS_2
P1157,8592374,8589158,5993.177409221634,6582.599960327148,7272.000026702881,ARRIVED,589.4225511055147,689.4000663757324,1278.822617481247,MINIBUS_1
P1158,8589130,8592374,5470.292717775778,5893.0,6689.0,ARRIVED,422.7072822242217,796.0,1218.7072822242217,
P1159,8589130,8592374,5608.288353543529,5893.0,6689.0,ARRIVED,284.7116464564706,796.0,1080.7116464564706,
P1160,8589130,8592374,5746.810078879141,5893.0,6689.0,ARRIVED,146.18992112085925,796.0,942.1899211208593,
P1161,8589130,8592374,5762.94268109997,5893.0,6689.0,ARRIVED,130.0573189000297,796.0,926.0573189000297,
P1162,8589131,8592374,5561.615526799131,5754.0,5893.199996948242,ARRIVED,192.38447320086925,139.1999969482422,331.58447014911144,MINIBUS_2
P1163,8588344,8592374,5562.809375304987,5676.0,6263.0,ARRIVED,113.19062469501296,587.0,700.190624695013,
P1164,8588344,8592374,5583.23077365215,5785.800003051758,5893.199996948242,ARRIVED,202.56922939960805,107.39999389648438,309.9692232960924,MINIBUS_2
P1165,8588344,8592374,5675.035568259906,5676.0,6263.0,ARRIVED,0.9644317400943692,587.0,587.9644317400944,
P1166,8588344,8592374,5729.823528193206,6164.0,6689.0,ARRIVED,434.1764718067943,525.0,959.1764718067943,
P1167,8588344,8592374,5911.672433874308,6164.0,6689.0,ARRIVED,252.3275661256921,525.0,777.3275661256921,
P1168,8588344,8592374,5932.502338164856,6164.0,6689.0,ARRIVED,231.49766183514384,525.0,756.4976618351438,
P1169,8577786,8592374,5587.172259568618,5784.0,6263.0,ARRIVED,196.82774043138215,479.0,675.8277404313822,
P1170,8577786,8592374,5657.16929864665,6018.600006103516,6054.599990844727,ARRIVED,361.430707456866,35.99998474121094,397.43069219807694,MINIBUS_1
P1171,8577786,8592374,5686.544947142787,5784.0,6263.0,ARRIVED,97.45505285721265,479.0,576.4550528572126,
P1172,8577786,8592374,5897.4485798598735,6270.0,6689.0,ARRIVED,372.55142014012654,419.0,791.5514201401265,
P1173,8577785,8592374,5445.510319985753,5842.800003051758,5893.199996948242,ARRIVED,397.2896830660047,50.399993896484375,447.6896769624891,MINIBUS_2
P1174,8577785,8592374,5569.730239609723,5577.0,5915.0,ARRIVED,7.2697603902770425,338.0,345.26976039027704,
P1175,8577785,8592374,5630.05942224386,5874.0,6263.0,ARRIVED,243.94057775613965,389.0,632.9405777561396,
P1176,8577785,8592374,5779.938713214721,6024.599990844727,6054.599990844727,ARRIVED,244.66127763000532,30.0,274.6612776300053,MINIBUS_1
P1177,8577785,8592374,5806.59828660448,5874.0,6263.0,ARRIVED,67.40171339552035,389.0,456.40171339552035,
P1178,8592375,8592374,5603.309095640771,5946.0,6838.0,ARRIVED,342.6909043592286,892.0,1234.6909043592286,
P1179,8592375,8592374,5878.425484753775,5946.0,6838.0,ARRIVED,67.57451524622502,892.0,959.574515246225,
P1180,8592375,8592374,5914.334058459998,5946.0,6838.0,ARRIVED,31.665941540001768,892.0,923.6659415400018,
P1181,8592375,8592374,5985.274684274025,7927.0,8782.0,ARRIVED,1941.7253157259747,855.0,2796.7253157259747,
P1182,8592378,8592374,5586.851080335435,6274.0,6838.0,ARRIVED,687.1489196645653,564.0,1251.1489196645653,
P1183,8592377,8592374,5402.220360854166,5414.0,5915.0,ARRIVED,11.779639145834153,501.0,512.7796391458342,
P1184,8592377,8592374,5473.706709202372,5872.800003051758,5893.199996948242,ARRIVED,399.0932938493861,20.399993896484375,419.4932877458705,MINIBUS_2
P1185,8592377,8592374,5535.431950903619,6337.0,6838.0,ARRIVED,801.5680490963814,501.0,1302.5680490963814,
P1186,8592377,8592374,5538.3594786541,6337.0,6838.0,ARRIVED,798.6405213459002,501.0,1299.6405213459002,
P1187,8592377,8592374,5558.280952149788,5872.800003051758,5893.199996948242,ARRIVED,314.5190509019694,20.399993896484375,334.9190447984538,MINIBUS_2
P1188,8592377,8592374,5638.35483797115,6337.0,6838.0,ARRIVED,698.6451620288499,501.0,1199.6451620288499,
P1189,8592377,8592374,5740.201420856249,6337.0,6838.0,ARRIVED,596.7985791437513,501.0,1097.7985791437513,
P1190,8592377,8592374,5817.901553342207,6054.000022888184,6054.599990844727,ARRIVED,236.0984695459765,0.5999679565429688,236.69843750251948,MINIBUS_1
P1191,8592377,8592374,5931.454498969206,6337.0,6838.0,ARRIVED,405.5455010307942,501.0,906.5455010307942,
P1192,8589158,8592374,5401.496008568723,5700.0,6251.0,ARRIVED,298.5039914312774,551.0,849.5039914312774,
P1193,8589158,8592374,5495.065809063715,5700.0,6251.0,ARRIVED,204.93419093628472,551.0,755.9341909362847,
P1194,8589158,8592374,5991.629142215161,6424.799987792969,6582.599960327148,ARRIVED,433.170845577808,157.7999725341797,590.9708181119877,MINIBUS_1
P1195,8589141,8589161,6001.815912770181,6303.0,7011.0,ARRIVED,301.18408722981894,708.0,1009.1840872298189,
P1196,8589141,8589161,6090.147151134202,6303.0,7011.0,ARRIVED,212.85284886579757,708.0,920.8528488657976,
P1197,8589152,8589161,6077.894331289175,6416.399963378906,6545.400012969971,ARRIVED,338.5056320897311,129.00004959106445,467.50568168079553,MINIBUS_1
P1198,8589152,8589161,6379.729168805741,7269.0,7823.0,ARRIVED,889.2708311942588,554.0,1443.2708311942588,
P1199,8589152,8589161,6455.067052724894,7269.0,7823.0,ARRIVED,813.932947275106,554.0,1367.932947275106,
P1200,8589152,8589161,6571.503463288861,7269.0,7823.0,ARRIVED,697.496536711139,554.0,1251.496536711139,
P1201,8589138,8592374,6391.537591687919,7227.0,8278.200012207031,ARRIVED,835.4624083120807,1051.2000122070312,1886.662420519112,MINIBUS_2
P1202,8589138,8592374,6421.61607859892,7810.0,8437.0,ARRIVED,1388.3839214010804,627.0,2015.3839214010804,
P1203,8589138,8592374,6589.5693838329735,7276.200000762939,8278.200012207031,ARRIVED,686.630616929966,1002.0000114440918,1688.6306283740578,MINIBUS_2
P1204,8589138,8592374,6598.450481773649,7810.0,8437.0,ARRIVED,1211.5495182263512,627.0,1838.5495182263512,
P1205,8591766,8592374,6130.319303741987,6506.0,7127.0,ARRIVED,375.6806962580131,621.0,996.6806962580131,
P1206,8591766,8592374,6145.455293192102,6506.0,7127.0,ARRIVED,360.54470680789836,621.0,981.5447068078984,
P1207,8591766,8592374,6186.365814470325,6509.999988555908,6582.599960327148,ARRIVED,323.63417408558325,72.59997177124023,396.2341458568235,MINIBUS_1
P1208,8591766,8592374,6247.232988714436,6506.0,7127.0,ARRIVED,258.76701128556397,621.0,879.767011285564,
P1209,8591766,8592374,6549.618997684904,6803.0,7324.0,ARRIVED,253.38100231509634,521.0,774.3810023150963,
P1210,8587255,8592374,6005.514127111223,6344.0,6594.0,ARRIVED,338.4858728887766,250.0,588.4858728887766,
P1211,8587255,8592374,6177.27310182715,6344.0,6594.0,ARRIVED,166.72689817285027,250.0,416.72689817285027,
P1212,8587255,8592374,6233.04619719785,6537.599990844727,6582.599960327148,ARRIVED,304.55379364687633,44.999969482421875,349.5537631292982,MINIBUS_1
P1213,8587255,8592374,6292.846306621962,6344.0,6594.0,ARRIVED,51.15369337803804,250.0,301.15369337803804,
P1214,8587255,8592374,6461.266470033536,6855.0,7127.0,ARRIVED,393.7335299664637,272.0,665.7335299664637,
P1215,8589161,8589152,6516.403766067278,6800.0,7273.0,ARRIVED,283.5962339327216,473.0,756.5962339327216,
P1216,8589161,8587255,6173.410885367263,7176.000038146973,7199.399978637695,ARRIVED,1002.5891527797094,23.399940490722656,1025.989093270432,MINIBUS_1
P1217,8589161,8589131,6266.441047125993,6480.0,7252.0,ARRIVED,213.55895287400745,772.0,985.5589528740074,
P1218,8589161,8577786,6164.977121333106,6480.0,7089.0,ARRIVED,315.02287866689403,609.0,924.022878666894,
P1219,8589161,8577786,6292.590861703771,6480.0,7089.0,ARRIVED,187.40913829622878,609.0,796.4091382962288,
P1220,8589161,8504622,6032.209985611137,7176.000038146973,7264.200038909912,ARRIVED,1143.7900525358355,88.20000076293945,1231.990053298775,MINIBUS_1
P1221,8589161,8504622,6243.750353134083,6448.0,6822.0,ARRIVED,204.24964686591738,374.0,578.2496468659174,
P1222,8589161,8504622,6318.6169338012405,8276.400009155273,8523.000015258789,ARRIVED,1957.783075354033,246.60000610351562,2204.3830814575485,MINIBUS_2
P1223,8589161,8504622,6330.529331915401,6448.0,6822.0,ARRIVED,117.47066808459931,374.0,491.4706680845993,
P1224,8589161,8504622,6341.534383598799,8276.400009155273,8523.000015258789,ARRIVED,1934.8656255564747,246.60000610351562,2181.4656316599903,MINIBUS_2
P1225,8589161,8504622,6399.326606636297,6448.0,6822.0,ARRIVED,48.673393363703326,374.0,422.6733933637033,
P1226,8589161,8589271,6199.17162400083,6448.0,7072.0,ARRIVED,248.82837599917002,624.0,872.82837599917,
P1227,8589161,8592375,6522.822389504318,7214.0,7907.0,ARRIVED,691.1776104956816,693.0,1384.1776104956816,
P1228,8589161,8592377,6520.627260716462,6757.800025939941,6800.999988555908,ARRIVED,237.17276522347947,43.1999626159668,280.37272783944627,MINIBUS_1
P1229,8589161,8589158,6066.395369679745,6069.0,6611.0,ARRIVED,2.604630320254728,542.0,544.6046303202547,
P1230,8589161,8589158,6153.492744184271,6943.0,7431.0,ARRIVED,789.507255815729,488.0,1277.507255815729,
P1231,8592374,8589141,6439.089167541622,6689.0,7323.0,ARRIVED,249.91083245837763,634.0,883.9108324583776,
P1232,8592374,8589152,6108.755178699499,6263.0,6961.0,ARRIVED,154.24482130050092,698.0,852.2448213005009,
P1233,8592374,8589152,6411.913277009805,8278.200012207031,8779.200012207031,ARRIVED,1866.2867351972263,501.0,2367.2867351972263,MINIBUS_2
P1234,8592374,8589152,6541.294179492142,6689.0,7273.0,ARRIVED,147.70582050785833,584.0,731.7058205078583,
P1235,8592374,8589138,6068.703260014813,6582.599960327148,7246.20002746582,ARRIVED,513.8967003123353,663.6000671386719,1177.4967674510071,MINIBUS_1
P1236,8592374,8589138,6337.0108890870115,6689.0,7198.0,ARRIVED,351.9891109129885,509.0,860.9891109129885,
P1237,8592374,8589138,6398.799452329311,8278.200012207031,8661.000015258789,ARRIVED,1879.4005598777203,382.8000030517578,2262.200562929478,MINIBUS_2
P1238,8592374,8589138,6519.644153201187,6689.0,7198.0,ARRIVED,169.35584679881322,509.0,678.3558467988132,
P1239,8592374,8587255,6046.40553198262,6263.0,6564.0,ARRIVED,216.59446801737977,301.0,517.5944680173798,
P1240,8592374,8587255,6061.168919383225,6263.0,6564.0,ARRIVED,201.83108061677467,301.0,502.83108061677467,
P1241,8592374,8587255,6075.469750797016,6263.0,6564.0,ARRIVED,187.53024920298412,301.0,488.5302492029841,
P1242,8592374,8589130,6141.41694690316,6594.0,7449.0,ARRIVED,452.58305309683965,855.0,1307.5830530968396,
P1243,8592374,8589130,6246.744296863493,6594.0,7449.0,ARRIVED,347.2557031365068,855.0,1202.2557031365068,
P1244,8592374,8589130,6579.81750519586,6600.0,6609.599990844727,ARRIVED,20.182494804140333,9.599990844726562,29.782485648866896,MINIBUS_1
P1245,8592374,8589131,6121.125937218866,6594.0,7252.0,ARRIVED,472.87406278113394,658.0,1130.874062781134,
P1246,8592374,8589131,6476.002770368771,6600.0,6669.000022888184,ARRIVED,123.99722963122895,69.0000228881836,192.99725251941254,MINIBUS_1
P1247,8592374,8588344,6212.639774469444,6594.0,7180.0,ARRIVED,381.3602255305559,586.0,967.3602255305559,
P1248,8592374,8588344,6245.519224675054,6594.0,7180.0,ARRIVED,348.4807753249461,586.0,934.4807753249461,
P1249,8592374,8577786,6116.184354085639,6594.0,7089.0,ARRIVED,477.8156459143611,495.0,972.8156459143611,
P1250,8592374,8577786,6165.975939376705,6423.0,6708.0,ARRIVED,257.02406062329464,285.0,542.0240606232946,MINIBUS_2
P1251,8592374,8577786,6249.0432635548705,6594.0,7089.0,ARRIVED,344.95673644512954,495.0,839.9567364451295,
P1252,8592374,8577786,6254.787524910275,6594.0,7089.0,ARRIVED,339.21247508972465,495.0,834.2124750897246,
P1253,8592374,8577786,6275.309492287275,6594.0,7089.0,ARRIVED,318.69050771272487,495.0,813.6905077127249,
P1254,8592374,8577786,6492.884353314096,6594.0,7089.0,ARRIVED,101.11564668590381,495.0,596.1156466859038,
P1255,8592374,8577786,6492.886098537554,6594.0,7089.0,ARRIVED,101.11390146244594,495.0,596.1139014624459,
P1256,8592374,8577786,6573.709646069545,6643.800003051758,6708.0,ARRIVED,70.09035698221305,64.19999694824219,134.29035393045524,MINIBUS_2
P1257,8592374,8577785,6011.236713831299,6020.0,6391.0,ARRIVED,8.763286168700688,371.0,379.7632861687007,
P1258,8592374,8504622,6030.761439466214,6263.0,6822.0,ARRIVED,232.23856053378586,559.0,791.2385605337859,
P1259,8592374,8504622,6074.284377835201,6582.599960327148,7264.200038909912,ARRIVED,508.3155824919477,681.6000785827637,1189.9156610747114,MINIBUS_1
P1260,8592374,8504622,6117.763138037771,6582.599960327148,7236.000038146973,ARRIVED,464.8368222893778,653.4000778198242,1118.236900109202,MINIBUS_1
P1261,8592374,8504622,6149.191859666634,7222.799957275391,7236.000038146973,ARRIVED,1073.608097608757,13.200080871582031,1086.808178480339,MINIBUS_1
P1262,8592374,8504622,6149.368848763027,6263.0,6822.0,ARRIVED,113.63115123697298,559.0,672.631151236973,
P1263,8592374,8504622,6306.197987321061,6689.0,7149.0,ARRIVED,382.8020126789388,460.0,842.8020126789388,
P1264,8592374,8589271,6038.097154566632,6315.600017547607,6410.400012969971,ARRIVED,277.5028629809758,94.79999542236328,372.3028584033391,MINIBUS_1
P1265,8592374,8589271,6201.26901358572,6263.0,7072.0,ARRIVED,61.73098641427987,809.0,870.7309864142799,
P1266,8592374,8589271,6404.428104777814,8278.200012207031,8810.40001296997,ARRIVED,1873.7719074292172,532.2000007629395,2405.9719081921567,MINIBUS_2
P1267,8592374,8592375,6164.781173816167,7324.0,7907.0,ARRIVED,1159.2188261838328,583.0,1742.2188261838328,
P1268,8592374,8592375,6273.042396433972,6423.0,6462.0,ARRIVED,149.9576035660284,39.0,188.9576035660284,MINIBUS_2
P1269,8592374,8592375,6391.086372228362,7324.0,7907.0,ARRIVED,932.913627771638,583.0,1515.913627771638,
P1270,8592374,8592377,6040.0842263283275,6251.0,6718.0,ARRIVED,210.91577367167247,467.0,677.9157736716725,
P1271,8592374,8592377,6132.790274321684,6251.0,6718.0,ARRIVED,118.20972567831632,467.0,585.2097256783163,
P1272,8592374,8592377,6597.22582415709,7324.0,7776.0,ARRIVED,726.7741758429102,452.0,1178.7741758429102,
P1273,8592374,8589158,6140.343343832004,6838.0,7431.0,ARRIVED,697.6566561679956,593.0,1290.6566561679956,
P1274,8592374,8589158,6190.298156120371,6838.0,7431.0,ARRIVED,647.7018438796295,593.0,1240.7018438796295,
P1275,8592374,8589158,6279.6136584503665,6315.600017547607,6375.000022888184,ARRIVED,35.98635909724089,59.40000534057617,95.38636443781706,MINIBUS_1
P1276,8592374,8589158,6387.793380491659,8278.200012207031,8356.799995422363,ARRIVED,1890.406631715372,78.59998321533203,1969.006614930704,MINIBUS_2
P1277,8592374,8589158,6395.963836037143,6838.0,7431.0,ARRIVED,442.03616396285724,593.0,1035.0361639628572,
P1278,8592374,8589158,6474.599124672383,6721.799957275391,6723.599990844727,ARRIVED,247.20083260300726,1.8000335693359375,249.0008661723432,MINIBUS_1
P1279,8592374,8589158,6598.152637008066,6817.799987792969,6868.19998550415,ARRIVED,219.6473507849023,50.39999771118164,270.04734849608394,MINIBUS_1
P1280,8589130,8592374,6455.100991792234,6775.0,7545.0,ARRIVED,319.8990082077662,770.0,1089.8990082077662,
P1281,8588344,8592374,6003.715578091998,6164.0,6689.0,ARRIVED,160.2844219080016,525.0,685.2844219080016,
P1282,8588344,8592374,6030.143744383145,6164.0,6689.0,ARRIVED,133.85625561685538,525.0,658.8562556168554,
P1283,8588344,8592374,6109.016573542828,6570.0,6736.200012207031,ARRIVED,460.98342645717184,166.20001220703125,627.1834386642031,MINIBUS_2
P1284,8588344,8592374,6139.168508420913,6570.0,6736.200012207031,ARRIVED,430.831491579087,166.20001220703125,597.0315037861183,MINIBUS_2
P1285,8588344,8592374,6246.589737803024,7021.0,7545.0,ARRIVED,774.410262196976,524.0,1298.410262196976,
P1286,8588344,8592374,6368.559476346222,6670.2000160217285,6817.799987792969,ARRIVED,301.64053967550626,147.59997177124023,449.2405114467465,MINIBUS_1
P1287,8588344,8592374,6377.830328981701,6670.2000160217285,6721.799957275391,ARRIVED,292.3696870400272,51.59994125366211,343.9696282936893,MINIBUS_1
P1288,8588344,8592374,6439.651522071662,7021.0,7545.0,ARRIVED,581.3484779283381,524.0,1105.348477928338,
P1289,8588344,8592374,6500.601946417242,7021.0,7545.0,ARRIVED,520.3980535827577,524.0,1044.3980535827577,
P1290,8588344,8592374,6540.107187735628,7021.0,7545.0,ARRIVED,480.89281226437197,524.0,1004.892812264372,
P1291,8577786,8592374,6351.478936025616,6708.0,6736.200012207031,ARRIVED,356.52106397438365,28.20001220703125,384.7210761814149,MINIBUS_2
P1292,8577786,8592374,6590.421684375292,6708.0,6736.200012207031,ARRIVED,117.57831562470801,28.20001220703125,145.77832783173926,MINIBUS_2
P1293,8577785,8592374,6074.324304582101,6354.0,6689.0,ARRIVED,279.6756954178991,335.0,614.6756954178991,
P1294,8577785,8592374,6378.912854302325,6816.600017547607,6817.799987792969,ARRIVED,437.68716324528214,1.1999702453613281,438.88713349064346,MINIBUS_1
P1295,8577785,8592374,6521.246994853069,7195.0,7545.0,ARRIVED,673.7530051469312,350.0,1023.7530051469312,
P1296,8592378,8592374,6192.1823261572645,6274.0,6838.0,ARRIVED,81.81767384273553,564.0,645.8176738427355,
P1297,8592377,8592374,6032.581789784855,6337.0,6838.0,ARRIVED,304.41821021514534,501.0,805.4182102151453,
P1298,8592377,8592374,6096.128126409757,6337.0,6838.0,ARRIVED,240.871873590243,501.0,741.871873590243,
P1299,8592377,8592374,6157.461121850291,6568.200012207031,6736.200012207031,ARRIVED,410.73889035673983,168.0,578.7388903567398,MINIBUS_2
P1300,8589158,8592374,6291.251951455866,6658.0,7324.0,ARRIVED,366.7480485441338,666.0,1032.7480485441338,
P1301,8589158,8592374,6472.4339463536,6658.0,7324.0,ARRIVED,185.56605364640018,666.0,851.5660536464002,
P1302,8587356,8592374,6495.421547810479,6647.0,7127.0,ARRIVED,151.57845218952116,480.0,631.5784521895212,
P1303,8589141,8589161,6622.388829031485,6805.0,7423.0,ARRIVED,182.61117096851467,618.0,800.6111709685147,
P1304,8589141,8589161,6656.031998404104,6805.0,7423.0,ARRIVED,148.96800159589566,618.0,766.9680015958957,
P1305,8589152,8589161,7000.150684142617,7269.0,7823.0,ARRIVED,268.84931585738286,554.0,822.8493158573829,
P1306,8589138,8592374,6667.931931164998,7810.0,8437.0,ARRIVED,1142.0680688350021,627.0,1769.0680688350021,
P1307,8589138,8592374,6933.65011134441,8451.000019073486,8511.0,ARRIVED,1517.3499077290762,59.99998092651367,1577.34988865559,MINIBUS_2
P1308,8591766,8592374,6736.774069666039,6803.0,7324.0,ARRIVED,66.2259303339606,521.0,587.2259303339606,
P1309,8591766,8592374,6799.714655044858,6803.0,7324.0,ARRIVED,3.2853449551421363,521.0,524.2853449551421,
P1310,8591766,8592374,6801.576409742221,6803.0,7324.0,ARRIVED,1.423590257779324,521.0,522.4235902577793,
P1311,8591766,8592374,6906.5154132012585,7406.0,7938.0,ARRIVED,499.4845867987415,532.0,1031.4845867987415,
P1312,8591766,8592374,6941.534534860224,7406.0,7938.0,ARRIVED,464.4654651397759,532.0,996.4654651397759,
P1313,8591766,8592374,7013.330455097286,7317.600009918213,7867.200012207031,ARRIVED,304.2695548209267,549.6000022888184,853.8695571097451,MINIBUS_2
P1314,8587255,8592374,6661.106289431332,6855.0,7127.0,ARRIVED,193.8937105686682,272.0,465.8937105686682,
P1315,8587255,8592374,6880.867348281032,7199.399978637695,7222.799957275391,ARRIVED,318.5326303566635,23.399978637695312,341.9326089943588,MINIBUS_1
P1316,8587255,8592374,6905.937858427647,7073.0,7324.0,ARRIVED,167.06214157235263,251.0,418.06214157235263,
P1317,8587255,8592374,7039.875443647681,7668.600009918213,7867.200012207031,ARRIVED,628.7245662705318,198.60000228881836,827.3245685593502,MINIBUS_2
P1318,8589161,8589141,6664.479705852376,6800.0,7323.0,ARRIVED,135.52029414762364,523.0,658.5202941476236,
P1319,8589161,8589141,6669.492553527523,7197.600006103516,7224.600009918213,ARRIVED,528.1074525759923,27.000003814697266,555.1074563906895,MINIBUS_2
P1320,8589161,8589141,7010.547167622564,7650.0,8283.0,ARRIVED,639.4528323774357,633.0,1272.4528323774357,
P1321,8589161,8589141,7068.867165065731,7650.0,8283.0,ARRIVED,581.1328349342693,633.0,1214.1328349342693,
P1322,8589161,8589138,6941.518953432743,8446.799987792969,8451.000019073486,ARRIVED,1505.281034360226,4.200031280517578,1509.4810656407435,MINIBUS_2
P1323,8589161,8589138,7121.138302929934,7650.0,8086.0,ARRIVED,528.8616970700659,436.0,964.8616970700659,
P1324,8589161,8589131,6605.457239764337,7011.0,7748.0,ARRIVED,405.5427602356631,737.0,1142.542760235663,
P1325,8589161,8589131,7139.617603138024,7391.399997711182,7392.0,ARRIVED,251.78239457315794,0.6000022888183594,252.3823968619763,MINIBUS_2
P1326,8589161,8504622,6683.13030690792,6800.0,7149.0,ARRIVED,116.86969309207961,349.0,465.8696930920796,
P1327,8589161,8504622,7058.714656697622,7391.399997711182,7458.0,ARRIVED,332.68534101356,66.60000228881836,399.28534330237835,MINIBUS_2
P1328,8589161,8504622,7087.466943379372,7650.0,8031.0,ARRIVED,562.5330566206276,381.0,943.5330566206276,
P1329,8589161,8504622,7154.136509656192,7650.0,8031.0,ARRIVED,495.8634903438078,381.0,876.8634903438078,
P1330,8589161,8592375,6608.304539315356,7214.0,7907.0,ARRIVED,605.6954606846439,693.0,1298.6954606846439,
P1331,8589161,8592375,6779.6161952055645,7214.0,7907.0,ARRIVED,434.3838047944355,693.0,1127.3838047944355,
P1332,8589161,8592375,6924.405659760648,7863.599990844727,7898.399997711182,ARRIVED,939.1943310840788,34.80000686645508,973.9943379505339,MINIBUS_2
P1333,8589161,8592375,7113.895208322215,8101.800003051758,8141.999988555908,ARRIVED,987.904794729543,40.19998550415039,1028.1047802336934,MINIBUS_2
P1334,8589161,8592377,6638.739942193989,7214.0,7776.0,ARRIVED,575.260057806011,562.0,1137.260057806011,
P1335,8589161,8592377,7007.275575399271,7214.0,7776.0,ARRIVED,206.72442460072944,562.0,768.7244246007294,
P1336,8589161,8589270,7159.95795941695,7811.0,8272.0,ARRIVED,651.04204058305,461.0,1112.04204058305,
P1337,8589161,8589158,6616.926299365639,6943.0,7431.0,ARRIVED,326.07370063436065,488.0,814.0737006343606,
P1338,8592374,8589141,6873.4799359737435,7545.0,8283.0,ARRIVED,671.5200640262565,738.0,1409.5200640262565,
P1339,8592374,8589141,7118.762785896974,7545.0,8283.0,ARRIVED,426.2372141030264,738.0,1164.2372141030264,
P1340,8592374,8589152,7139.750238639277,7545.0,8158.0,ARRIVED,405.2497613607229,613.0,1018.2497613607229,
P1341,8592374,8589138,6667.048840739804,6689.0,7198.0,ARRIVED,21.95115926019571,509.0,530.9511592601957,
P1342,8592374,8589138,6954.795477779077,7545.0,8086.0,ARRIVED,590.2045222209226,541.0,1131.2045222209226,
P1343,8592374,8587255,6867.81910647468,7160.400005340576,7174.20002746582,ARRIVED,292.5808988658964,13.80002212524414,306.38092099114056,MINIBUS_1
P1344,8592374,8587255,7015.217614714023,7545.0,7767.0,ARRIVED,529.7823852859774,222.0,751.7823852859774,
P1345,8592374,8587255,7029.40056943143,7545.0,7767.0,ARRIVED,515.5994305685699,222.0,737.5994305685699,
P1346,8592374,8587255,7122.161287582689,7545.0,7767.0,ARRIVED,422.8387124173114,222.0,644.8387124173114,
P1347,8592374,8589130,6775.629942274616,7867.200012207031,7987.800003051758,ARRIVED,1091.5700699324152,120.59999084472656,1212.1700607771418,MINIBUS_2
P1348,8592374,8589130,6930.211769881594,7127.0,7974.0,ARRIVED,196.78823011840632,847.0,1043.7882301184063,
P1349,8592374,8589130,6992.840059598767,7127.0,7974.0,ARRIVED,134.15994040123314,847.0,981.1599404012331,
P1350,8592374,8589130,7084.755350309396,7127.0,7974.0,ARRIVED,42.24464969060409,847.0,889.2446496906041,
P1351,8592374,8589131,6929.400485323819,7867.200012207031,7988.399993896484,ARRIVED,937.7995268832119,121.19998168945312,1058.999508572665,MINIBUS_2
P1352,8592374,8588344,6721.15382928426,6936.0,7039.800003051758,ARRIVED,214.8461707157403,103.80000305175781,318.6461737674981,MINIBUS_2
P1353,8592374,8588344,6920.137960755264,7127.0,7660.0,ARRIVED,206.86203924473557,533.0,739.8620392447356,
P1354,8592374,8588344,6977.243801394532,7127.0,7660.0,ARRIVED,149.75619860546794,533.0,682.756198605468,
P1355,8592374,8577786,6683.687934198354,7127.0,7556.0,ARRIVED,443.312065801646,429.0,872.312065801646,
P1356,8592374,8577786,6771.34409718395,7127.0,7556.0,ARRIVED,355.65590281605,429.0,784.65590281605,
P1357,8592374,8577786,6928.52726434193,7867.200012207031,7974.0,ARRIVED,938.672747865101,106.79998779296875,1045.4727356580697,MINIBUS_2
P1358,8592374,8577785,6613.22931661846,7127.0,7484.0,ARRIVED,513.77068338154,357.0,870.77068338154,
P1359,8592374,8577785,6961.52994965989,7904.400009155273,7972.200012207031,ARRIVED,942.8700594953834,67.80000305175781,1010.6700625471412,MINIBUS_2
P1360,8592374,8577785,7030.700439289117,7127.0,7484.0,ARRIVED,96.29956071088327,357.0,453.29956071088327,
P1361,8592374,8577785,7148.068865134696,7324.0,7688.0,ARRIVED,175.93113486530365,364.0,539.9311348653036,
P1362,8592374,8577785,7152.50026353259,7324.0,7688.0,ARRIVED,171.49973646741,364.0,535.49973646741,
P1363,8592374,8504622,6683.810822047567,6689.0,7149.0,ARRIVED,5.189177952433056,460.0,465.18917795243306,
P1364,8592374,8504622,6690.7486999482235,7545.0,8031.0,ARRIVED,854.2513000517765,486.0,1340.2513000517765,
P1365,8592374,8504622,6771.80813722228,7545.0,8031.0,ARRIVED,773.1918627777204,486.0,1259.1918627777204,
P1366,8592374,8504622,7086.065611377276,8007.5999755859375,8032.799991607666,ARRIVED,921.5343642086618,25.200016021728516,946.7343802303903,MINIBUS_2
P1367,8592374,8504622,7099.430131378481,7545.0,8031.0,ARRIVED,445.56986862151916,486.0,931.5698686215192,
P1368,8592374,8589271,6679.061304119598,7545.0,8335.0,ARRIVED,865.9386958804016,790.0,1655.9386958804016,
P1369,8592374,8589271,6838.768480487617,8511.0,8810.40001296997,ARRIVED,1672.2315195123829,299.4000129699707,1971.6315324823536,MINIBUS_2
P1370,8592374,8589271,6883.982211124802,7545.0,8335.0,ARRIVED,661.0177888751978,790.0,1451.0177888751978,
P1371,8592374,8589271,6910.044579184079,7545.0,8335.0,ARRIVED,634.9554208159207,790.0,1424.9554208159207,
P1372,8592374,8589271,6936.2802197033125,7545.0,8335.0,ARRIVED,608.7197802966875,790.0,1398.7197802966875,
P1373,8592374,8589271,6947.245190693413,7545.0,8335.0,ARRIVED,597.754809306587,790.0,1387.754809306587,
P1374,8592374,8589271,6978.049338245066,7545.0,8335.0,ARRIVED,566.9506617549341,790.0,1356.9506617549341,
P1375,8592374,8589271,7141.743927813016,8630.999996185303,8810.40001296997,ARRIVED,1489.2560683722868,179.40001678466797,1668.6560851569548,MINIBUS_2
P1376,8592374,8592375,7104.805368798422,8007.5999755859375,8141.999988555908,ARRIVED,902.7946067875155,134.4000129699707,1037.1946197574862,MINIBUS_2
P1377,8592374,8592378,6670.211504286379,7324.0,7862.0,ARRIVED,653.7884957136212,538.0,1191.7884957136212,
P1378,8592374,8592378,6875.019417177036,7324.0,7862.0,ARRIVED,448.9805828229637,538.0,986.9805828229637,
P1379,8592374,8592378,7097.4897150066145,8152.200012207031,8171.399997711182,ARRIVED,1054.7102972004168,19.19998550415039,1073.9102827045672,MINIBUS_2
P1380,8592374,8592377,6744.7236115234655,7324.0,7776.0,ARRIVED,579.2763884765345,452.0,1031.2763884765345,
P1381,8592374,8592377,6898.105528111434,7324.0,7776.0,ARRIVED,425.89447188856593,452.0,877.8944718885659,
P1382,8592374,8592377,6986.392175694886,7324.0,7776.0,ARRIVED,337.60782430511426,452.0,789.6078243051143,
P1383,8592374,8592377,7073.718065451852,8152.200012207031,8202.000015258789,ARRIVED,1078.4819467551788,49.80000305175781,1128.2819498069366,MINIBUS_2
P1384,8592374,8589270,6911.457203253815,7678.0,8272.0,ARRIVED,766.5427967461846,594.0,1360.5427967461846,
P1385,8592374,8589270,6985.032068445156,7678.0,8272.0,ARRIVED,692.9679315548437,594.0,1286.9679315548437,
P1386,8592374,8589158,6905.367959384601,7678.0,8361.0,ARRIVED,772.6320406153991,683.0,1455.632040615399,
P1387,8592374,8589158,6944.93070636338,7678.0,8361.0,ARRIVED,733.0692936366204,683.0,1416.0692936366204,
P1388,8592374,8589158,6988.692087075799,7678.0,8361.0,ARRIVED,689.3079129242014,683.0,1372.3079129242014,
P1389,8592374,8589158,7059.140032652885,7678.0,8361.0,ARRIVED,618.8599673471153,683.0,1301.8599673471153,
P1390,8589131,8592374,6632.465365744216,7054.200012207031,7092.0,ARRIVED,421.73464646281536,37.79998779296875,459.5346342557841,MINIBUS_2
P1391,8589131,8592374,6782.10026581443,6949.0,7545.0,ARRIVED,166.8997341855702,596.0,762.8997341855702,
P1392,8589131,8592374,7023.908495254882,7872.0,8579.0,ARRIVED,848.0915047451181,707.0,1555.091504745118,
P1393,8588344,8592374,6618.471571092722,7021.0,7545.0,ARRIVED,402.5284289072779,524.0,926.5284289072779,
P1394,8588344,8592374,6786.274150679801,7996.800006866455,8278.200012207031,ARRIVED,1210.525856186654,281.4000053405762,1491.9258615272302,MINIBUS_2
P1395,8588344,8592374,6883.124406613149,7996.800006866455,8278.200012207031,ARRIVED,1113.6756002533057,281.4000053405762,1395.0756055938818,MINIBUS_2
P1396,8588344,8592374,7039.089567136301,7942.0,8579.0,ARRIVED,902.9104328636986,637.0,1539.9104328636986,
P1397,8577786,8592374,6875.9478614339505,7111.0,7545.0,ARRIVED,235.0521385660495,434.0,669.0521385660495,
P1398,8577786,8592374,6991.629830881566,7111.0,7545.0,ARRIVED,119.3701691184342,434.0,553.3701691184342,
P1399,8577786,8592374,7180.232122766975,8053.0,8579.0,ARRIVED,872.7678772330246,526.0,1398.7678772330246,
P1400,8577785,8592374,6734.372488926773,7195.0,7545.0,ARRIVED,460.62751107322674,350.0,810.6275110732267,
P1401,8577785,8592374,6758.077370146926,7195.0,7545.0,ARRIVED,436.9226298530739,350.0,786.9226298530739,
P1402,8577785,8592374,6900.158015557979,7195.0,7545.0,ARRIVED,294.8419844420214,350.0,644.8419844420214,
P1403,8577785,8592374,6931.459177301112,7195.0,7545.0,ARRIVED,263.5408226988884,350.0,613.5408226988884,
P1404,8577785,8592374,6946.46573102856,7195.0,7545.0,ARRIVED,248.53426897143981,350.0,598.5342689714398,
P1405,8577785,8592374,6968.145447923366,8187.599998474121,8217.599998474121,ARRIVED,1219.454550550755,30.0,1249.454550550755,MINIBUS_2
P1406,8577785,8592374,6968.3847425673175,7195.0,7545.0,ARRIVED,226.61525743268248,350.0,576.6152574326825,
P1407,8577785,8592374,7120.601662311177,7195.0,7545.0,ARRIVED,74.39833768882272,350.0,424.3983376888227,
P1408,8592375,8592374,7034.081384776231,7898.399997711182,7904.400009155273,ARRIVED,864.3186129349506,6.000011444091797,870.3186243790424,MINIBUS_2
P1409,8592375,8592374,7139.667636880684,8141.999988555908,8152.200012207031,ARRIVED,1002.3323516752243,10.200023651123047,1012.5323753263474,MINIBUS_2
P1410,8592375,8592374,7192.019137795096,7927.0,8782.0,ARRIVED,734.980862204904,855.0,1589.980862204904,
P1411,8592378,8592374,6708.731985669041,7124.40002822876,7160.400005340576,ARRIVED,415.66804255971874,35.999977111816406,451.66801967153515,MINIBUS_1
P1412,8592377,8592374,6641.469157974276,7129.799987792969,7160.400005340576,ARRIVED,488.330829818693,30.600017547607422,518.9308473663004,MINIBUS_1
P1413,8592377,8592374,6707.07553916444,7166.0,7678.0,ARRIVED,458.92446083556024,512.0,970.9244608355602,
P1414,8592377,8592374,6723.773186876085,7166.0,7678.0,ARRIVED,442.22681312391524,512.0,954.2268131239152,
P1415,8592377,8592374,6761.497176575337,7166.0,7678.0,ARRIVED,404.5028234246629,512.0,916.5028234246629,
P1416,8592377,8592374,6871.3504267282115,6903.600009918213,6936.0,ARRIVED,32.24958319000143,32.39999008178711,64.64957327178854,MINIBUS_2
P1417,8592377,8592374,7011.729835877472,8202.000015258789,8217.599998474121,ARRIVED,1190.2701793813167,15.599983215332031,1205.8701625966487,MINIBUS_2
P1418,8592377,8592374,7053.95547786604,7166.0,7678.0,ARRIVED,112.04452213395962,512.0,624.0445221339596,
P1419,8592377,8592374,7062.875334784193,7166.0,7678.0,ARRIVED,103.124665215807,512.0,615.124665215807,
P1420,8592377,8592374,7137.273982537699,7166.0,7678.0,ARRIVED,28.72601746230066,512.0,540.7260174623007,
P1421,8592377,8592374,7177.299778805458,8103.0,8782.0,ARRIVED,925.7002211945419,679.0,1604.7002211945419,
P1422,8589158,8592374,7082.317764225901,8314.0,8963.0,ARRIVED,1231.6822357740994,649.0,1880.6822357740994,
P1423,8587356,8592374,7088.346691158567,7396.200000762939,7867.200012207031,ARRIVED,307.85330960437204,471.0000114440918,778.8533210484638,MINIBUS_2
P1424,8589141,8589161,7396.470257362866,8077.199996948242,8101.800003051758,ARRIVED,680.7297395853766,24.600006103515625,705.3297456888922,MINIBUS_2
P1425,8589141,8589161,7447.571822611309,8421.000015258789,8446.799987792969,ARRIVED,973.4281926474805,25.799972534179688,999.2281651816602,MINIBUS_2
P1426,8589152,8589161,7452.907531144688,8710.200016021729,8749.20000076294,ARRIVED,1257.2924848770408,38.99998474121094,1296.2924696182517,MINIBUS_2
P1427,8589152,8589161,7550.987422792331,8578.799995422363,8601.000015258789,ARRIVED,1027.8125726300323,22.20001983642578,1050.012592466458,MINIBUS_2
P1428,8589152,8589161,7629.497989629513,7751.0,8311.0,ARRIVED,121.50201037048737,560.0,681.5020103704874,
P1429,8589152,8589161,7682.464390969873,7751.0,8311.0,ARRIVED,68.53560903012658,560.0,628.5356090301266,
P1430,8589138,8592374,7261.704012118266,7810.0,8437.0,ARRIVED,548.2959878817337,627.0,1175.2959878817337,
P1431,8589138,8592374,7487.858322597188,7810.0,8437.0,ARRIVED,322.1416774028121,627.0,949.1416774028121,
P1432,8589138,8592374,7564.705403159089,8579.999984741211,8630.999996185303,ARRIVED,1015.2945815821222,51.0000114440918,1066.294593026214,MINIBUS_2
P1433,8591766,8592374,7368.707371528963,7406.0,7938.0,ARRIVED,37.29262847103655,532.0,569.2926284710366,
P1434,8591766,8592374,7519.226532672352,7883.0,8437.0,ARRIVED,363.7734673276482,554.0,917.7734673276482,
P1435,8591766,8592374,7662.293520085004,8306.999984741211,8353.800003051758,ARRIVED,644.7064646562067,46.800018310546875,691.5064829667535,MINIBUS_1
P1436,8591766,8592374,7683.0848333181975,8782.79995727539,8822.399993896484,ARRIVED,1099.715123957193,39.60003662109375,1139.3151605782869,MINIBUS_1
P1437,8591766,8592374,7692.338580218706,8782.79995727539,8822.399993896484,ARRIVED,1090.4613770566848,39.60003662109375,1130.0614136777785,MINIBUS_1
P1438,8587255,8592374,7245.941542471978,8218.200012207031,8353.800003051758,ARRIVED,972.258469735053,135.59999084472656,1107.8584605797796,MINIBUS_1
P1439,8587255,8592374,7302.565902436107,7687.0,7938.0,ARRIVED,384.4340975638934,251.0,635.4340975638934,
P1440,8587255,8592374,7305.730356582237,7687.0,7938.0,ARRIVED,381.2696434177633,251.0,632.2696434177633,
P1441,8587255,8592374,7335.783645650062,8218.200012207031,8353.800003051758,ARRIVED,882.4163665569695,135.59999084472656,1018.016357401696,MINIBUS_1
P1442,8587255,8592374,7339.20929717282,8218.200012207031,8353.800003051758,ARRIVED,878.9907150342115,135.59999084472656,1014.590705878938,MINIBUS_1
P1443,8587255,8592374,7550.559419566499,7687.0,7938.0,ARRIVED,136.44058043350105,251.0,387.44058043350105,
P1444,8587255,8592374,7578.451037865993,8602.799987792969,8630.999996185303,ARRIVED,1024.3489499269754,28.200008392333984,1052.5489583193093,MINIBUS_2
P1445,8587255,8592374,7659.945728251544,7687.0,7938.0,ARRIVED,27.054271748455903,251.0,278.0542717484559,
P1446,8587255,8592374,7663.921663419599,7687.0,7938.0,ARRIVED,23.0783365804009,251.0,274.0783365804009,
P1447,8587255,8592374,7773.83712438105,7843.799991607666,7857.600009918213,ARRIVED,69.96286722661625,13.800018310546875,83.76288553716313,MINIBUS_2
P1448,8589161,8589138,7396.736601263218,7549.200012207031,7666.799987792969,ARRIVED,152.46341094381296,117.5999755859375,270.06338652975046,MINIBUS_2
P1449,8589161,8504622,7271.590310610708,7650.0,8031.0,ARRIVED,378.409689389292,381.0,759.409689389292,
P1450,8589161,8504622,7486.510247120702,7650.0,8031.0,ARRIVED,163.48975287929807,381.0,544.4897528792981,
P1451,8589161,8504622,7503.916347872643,7650.0,8031.0,ARRIVED,146.0836521273568,381.0,527.0836521273568,
P1452,8589161,8504622,7528.848761812903,7650.0,8031.0,ARRIVED,121.15123818709708,381.0,502.1512381870971,
P1453,8589161,8589271,7397.7370176358845,8749.20000076294,8810.40001296997,ARRIVED,1351.462983127055,61.20001220703125,1412.6629953340862,MINIBUS_2
P1454,8589161,8589158,7246.067975805316,7811.0,8361.0,ARRIVED,564.9320241946843,550.0,1114.9320241946843,
P1455,8589161,8589158,7252.932560340963,7811.0,8361.0,ARRIVED,558.0674396590366,550.0,1108.0674396590366,
P1456,8589161,8589158,7341.208280716822,7549.200012207031,7569.000003814697,ARRIVED,207.99173149020953,19.799991607666016,227.79172309787555,MINIBUS_2
P1457,8589161,8589158,7364.434080687943,7811.0,8361.0,ARRIVED,446.5659193120573,550.0,996.5659193120573,
P1458,8589161,8589158,7368.214276350396,8181.0,8241.0,ARRIVED,812.7857236496038,60.0,872.7857236496038,MINIBUS_1
P1459,8589161,8589158,7442.706652377945,7811.0,8361.0,ARRIVED,368.2933476220551,550.0,918.2933476220551,
P1460,8589161,8589158,7697.917627559375,8685.0,8743.199996948242,ARRIVED,987.0823724406246,58.19999694824219,1045.2823693888668,MINIBUS_1
P1461,8592374,8589141,7246.887232032533,7545.0,8283.0,ARRIVED,298.11276796746733,738.0,1036.1127679674673,
P1462,8592374,8589141,7379.675404921493,7545.0,8283.0,ARRIVED,165.32459507850672,738.0,903.3245950785067,
P1463,8592374,8589141,7412.674055206385,7545.0,8283.0,ARRIVED,132.32594479361524,738.0,870.3259447936152,
P1464,8592374,8589141,7414.484787767371,8630.999996185303,8791.799987792969,ARRIVED,1216.5152084179317,160.79999160766602,1377.3152000255977,MINIBUS_2
P1465,8592374,8589141,7595.1625262815405,8579.0,9254.0,ARRIVED,983.8374737184595,675.0,1658.8374737184595,
P1466,8592374,8589141,7717.347904322557,8579.0,9254.0,ARRIVED,861.652095677443,675.0,1536.652095677443,
P1467,8592374,8589152,7206.619395756618,7545.0,8158.0,ARRIVED,338.38060424338164,613.0,951.3806042433816,
P1468,8592374,8589152,7509.075948435676,7545.0,8158.0,ARRIVED,35.924051564324145,613.0,648.9240515643241,
P1469,8592374,8589152,7670.132280169718,8942.0,9481.0,ARRIVED,1271.867719830282,539.0,1810.867719830282,
P1470,8592374,8589138,7444.950129362476,7545.0,8086.0,ARRIVED,100.04987063752378,541.0,641.0498706375238,
P1471,8592374,8587255,7347.358997945697,7545.0,7767.0,ARRIVED,197.6410020543026,222.0,419.6410020543026,
P1472,8592374,8587255,7492.319992533526,7545.0,7767.0,ARRIVED,52.68000746647431,222.0,274.6800074664743,
P1473,8592374,8589130,7435.59734520981,7938.0,8944.0,ARRIVED,502.40265479019035,1006.0,1508.4026547901904,
P1474,8592374,8589130,7532.91784623556,7938.0,8944.0,ARRIVED,405.0821537644397,1006.0,1411.0821537644397,
P1475,8592374,8589130,7737.740942095635,7938.0,8944.0,ARRIVED,200.25905790436536,1006.0,1206.2590579043654,
P1476,8592374,8589131,7264.976343835202,7938.0,8750.0,ARRIVED,673.023656164798,812.0,1485.023656164798,
P1477,8592374,8589131,7492.089138328044,7938.0,8750.0,ARRIVED,445.9108616719559,812.0,1257.910861671956,
P1478,8592374,8588344,7641.173747774481,8353.800003051758,9688.799968719482,ARRIVED,712.6262552772769,1334.9999656677246,2047.6262209450015,MINIBUS_1
P1479,8592374,8588344,7710.908150530983,7938.0,8649.0,ARRIVED,227.09184946901678,711.0,938.0918494690168,
P1480,8592374,8577786,7229.724402959212,7938.0,8445.0,ARRIVED,708.2755970407879,507.0,1215.275597040788,
P1481,8592374,8504622,7304.84200498861,7545.0,8031.0,ARRIVED,240.15799501139008,486.0,726.1579950113901,
P1482,8592374,8504622,7468.017545359267,7545.0,8031.0,ARRIVED,76.98245464073261,486.0,562.9824546407326,
P1483,8592374,8504622,7593.579305717746,8579.0,9091.0,ARRIVED,985.4206942822539,512.0,1497.4206942822539,
P1484,8592374,8504622,7683.512397086648,8579.0,9091.0,ARRIVED,895.487602913352,512.0,1407.487602913352,
P1485,8592374,8504622,7688.994769725845,8579.0,9091.0,ARRIVED,890.0052302741551,512.0,1402.005230274155,
P1486,8592374,8504622,7749.64848760489,8579.0,9091.0,ARRIVED,829.3515123951101,512.0,1341.3515123951101,
P1487,8592374,8589271,7341.468763252636,7545.0,8335.0,ARRIVED,203.53123674736435,790.0,993.5312367473643,
P1488,8592374,8589271,7399.844299832969,7545.0,8335.0,ARRIVED,145.15570016703077,790.0,935.1557001670308,
P1489,8592374,8589271,7755.096246269053,8579.0,9310.0,ARRIVED,823.9037537309468,731.0,1554.9037537309468,
P1490,8592374,8589271,7777.990037224609,8935.199996948242,8947.799987792969,ARRIVED,1157.209959723633,12.599990844726562,1169.8099505683595,MINIBUS_2
P1491,8592374,8592375,7493.509630120961,8353.800003051758,8459.999954223633,ARRIVED,860.2903729307964,106.199951171875,966.4903241026714,MINIBUS_1
P1492,8592374,8592375,7792.127306447213,8963.0,9641.0,ARRIVED,1170.8726935527866,678.0,1848.8726935527866,
P1493,8592374,8592378,7360.990609654629,8353.800003051758,8472.0,ARRIVED,992.8093933971286,118.19999694824219,1111.0093903453708,MINIBUS_1
P1494,8592374,8592378,7445.914386456771,8963.0,9589.0,ARRIVED,1517.0856135432286,626.0,2143.0856135432286,
P1495,8592374,8592377,7352.424595061736,8963.0,9488.0,ARRIVED,1610.575404938264,525.0,2135.575404938264,
P1496,8592374,8592377,7385.368911674879,8963.0,9488.0,ARRIVED,1577.6310883251208,525.0,2102.631088325121,
P1497,8592374,8592377,7588.910870189568,8963.0,9488.0,ARRIVED,1374.0891298104316,525.0,1899.0891298104316,
P1498,8592374,8592377,7690.125059159677,8353.800003051758,8521.79999923706,ARRIVED,663.6749438920806,167.99999618530273,831.6749400773833,MINIBUS_1
P1499,8592374,8589270,7502.709949391772,7678.0,8272.0,ARRIVED,175.29005060822783,594.0,769.2900506082278,
P1500,8592374,8589270,7533.710356541546,7678.0,8272.0,ARRIVED,144.2896434584536,594.0,738.2896434584536,
P1501,8592374,8589270,7536.93210732664,7678.0,8272.0,ARRIVED,141.0678926733599,594.0,735.0678926733599,
P1502,8592374,8589270,7788.608261185671,8638.800003051758,8749.79995727539,ARRIVED,850.1917418660869,110.99995422363281,961.1916960897197,MINIBUS_1
P1503,8592374,8589158,7300.231010631975,7678.0,8361.0,ARRIVED,377.76898936802536,683.0,1060.7689893680254,
P1504,8592374,8589158,7451.990685042488,8638.800003051758,8743.199996948242,ARRIVED,1186.80931800927,104.39999389648438,1291.2093119057545,MINIBUS_1
P1505,8592374,8589158,7587.290046569791,8638.800003051758,8743.199996948242,ARRIVED,1051.5099564819666,104.39999389648438,1155.909950378451,MINIBUS_1
P1506,8589130,8592374,7391.9326933544235,7987.800003051758,8007.5999755859375,ARRIVED,595.8673096973343,19.799972534179688,615.667282231514,MINIBUS_2
P1507,8589130,8592374,7559.532471956844,8551.79995727539,8638.800003051758,ARRIVED,992.2674853185463,87.00004577636719,1079.2675310949135,MINIBUS_1
P1508,8589130,8592374,7688.0264425828045,7689.0,8579.0,ARRIVED,0.9735574171954795,890.0,890.9735574171955,
P1509,8589130,8592374,7729.744137151718,8551.79995727539,8638.800003051758,ARRIVED,822.0558201236727,87.00004577636719,909.0558659000399,MINIBUS_1
P1510,8589131,8592374,7281.09083997376,7872.0,8579.0,ARRIVED,590.90916002624,707.0,1297.90916002624,
P1511,8588344,8592374,7262.509053772728,7942.0,8579.0,ARRIVED,679.4909462272717,637.0,1316.4909462272717,
P1512,8588344,8592374,7326.691162426602,7942.0,8579.0,ARRIVED,615.3088375733978,637.0,1252.3088375733978,
P1513,8588344,8592374,7358.00460367976,7996.800006866455,8007.5999755859375,ARRIVED,638.7954031866948,10.799968719482422,649.5953719061772,MINIBUS_2
P1514,8588344,8592374,7361.818142703224,7942.0,8579.0,ARRIVED,580.1818572967759,637.0,1217.181857296776,
P1515,8588344,8592374,7364.122322883585,7942.0,8579.0,ARRIVED,577.8776771164148,637.0,1214.8776771164148,
P1516,8588344,8592374,7403.443325534525,7942.0,8579.0,ARRIVED,538.5566744654752,637.0,1175.5566744654752,
P1517,8588344,8592374,7409.75449214618,7661.999969482422,7999.799957275391,ARRIVED,252.2454773362415,337.79998779296875,590.0454651292102,MINIBUS_1
P1518,8588344,8592374,7476.437088239245,7942.0,8579.0,ARRIVED,465.562911760755,637.0,1102.562911760755,
P1519,8588344,8592374,7628.466019181046,7942.0,8579.0,ARRIVED,313.53398081895375,637.0,950.5339808189538,
P1520,8588344,8592374,7781.669848510157,7942.0,8579.0,ARRIVED,160.33015148984305,637.0,797.330151489843,
P1521,8577786,8592374,7239.547139675108,7615.200012207031,7999.799957275391,ARRIVED,375.6528725319231,384.5999450683594,760.2528176002825,MINIBUS_1
P1522,8577786,8592374,7570.83902056102,8053.0,8579.0,ARRIVED,482.16097943897967,526.0,1008.1609794389797,
P1523,8577785,8592374,7221.896925700721,7867.200012207031,8353.800003051758,ARRIVED,645.3030865063101,486.59999084472656,1131.9030773510367,MINIBUS_1
P1524,8577785,8592374,7355.619191557686,7867.200012207031,8353.800003051758,ARRIVED,511.5808206493457,486.59999084472656,998.1808114940723,MINIBUS_1
P1525,8577785,8592374,7389.379215665393,8154.0,8579.0,ARRIVED,764.6207843346074,425.0,1189.6207843346074,
P1526,8577785,8592374,7551.651954607192,7867.200012207031,7999.799957275391,ARRIVED,315.548057599839,132.59994506835938,448.1480026681984,MINIBUS_1
P1527,8592375,8592374,7215.243007800653,8141.999988555908,8152.200012207031,ARRIVED,926.7569807552554,10.200023651123047,936.9570044063785,MINIBUS_2
P1528,8592378,8592374,7687.265247488469,8472.0,8638.800003051758,ARRIVED,784.734752511531,166.8000030517578,951.5347555632889,MINIBUS_1
P1529,8592377,8592374,7278.188285479439,8103.0,8782.0,ARRIVED,824.8117145205606,679.0,1503.8117145205606,
P1530,8592377,8592374,7513.170280053359,8103.0,8782.0,ARRIVED,589.8297199466406,679.0,1268.8297199466406,
P1531,8592377,8592374,7521.223471315042,8103.0,8782.0,ARRIVED,581.7765286849581,679.0,1260.776528684958,
P1532,8592377,8592374,7572.271962020668,8103.0,8782.0,ARRIVED,530.7280379793319,679.0,1209.728037979332,
P1533,8592377,8592374,7580.942936946624,7897.200012207031,7999.799957275391,ARRIVED,316.25707526040696,102.59994506835938,418.85702032876634,MINIBUS_1
P1534,8589158,8592374,7412.265806180664,8314.0,8963.0,ARRIVED,901.7341938193358,649.0,1550.7341938193358,
P1535,8589158,8592374,7651.546873434499,8314.0,8963.0,ARRIVED,662.4531265655014,649.0,1311.4531265655014,
P1536,8587356,8592374,7244.472157129295,7664.399993896484,7765.200012207031,ARRIVED,419.92783676718955,100.80001831054688,520.7278550777364,MINIBUS_2
P1537,8587356,8592374,7488.024731624535,7551.0,7938.0,ARRIVED,62.97526837546502,387.0,449.975268375465,
P1538,8587356,8592374,7524.866777554295,7551.0,7938.0,ARRIVED,26.133222445704632,387.0,413.13322244570463,
P1539,8587356,8592374,7643.230152232474,8799.0,8822.399993896484,ARRIVED,1155.7698477675258,23.399993896484375,1179.1698416640102,MINIBUS_1
P1540,8587356,8592374,7773.500862769584,8799.0,8822.399993896484,ARRIVED,1025.4991372304157,23.399993896484375,1048.8991311269,MINIBUS_1
P1541,8589141,8589161,7838.769072696985,8666.0,9229.0,ARRIVED,827.230927303015,563.0,1390.230927303015,
P1542,8589141,8589161,7884.102607529945,8791.799987792969,8923.800003051758,ARRIVED,907.6973802630237,132.00001525878906,1039.6973955218127,MINIBUS_2
P1543,8589141,8589161,8282.552833420457,8791.799987792969,8923.800003051758,ARRIVED,509.24715437251143,132.00001525878906,641.2471696313005,MINIBUS_2
P1544,8589141,8589161,8387.75976984073,8666.0,9229.0,ARRIVED,278.24023015927014,563.0,841.2402301592701,
P1545,8589152,8589161,8157.379414913256,8710.0,9229.0,ARRIVED,552.6205850867436,519.0,1071.6205850867436,
P1546,8589152,8589161,8199.333884880632,8710.0,9229.0,ARRIVED,510.66611511936753,519.0,1029.6661151193675,
P1547,8589152,8589161,8366.333081460429,8835.0,8923.800003051758,ARRIVED,468.66691853957127,88.80000305175781,557.4669215913291,MINIBUS_2
P1548,8589138,8592374,8027.149268646134,8771.0,9377.0,ARRIVED,743.8507313538657,606.0,1349.8507313538657,
P1549,8591766,8592374,7946.728272347277,8427.0,8963.0,ARRIVED,480.2717276527228,536.0,1016.2717276527228,
P1550,8591766,8592374,7997.455749733712,8427.0,8963.0,ARRIVED,429.54425026628815,536.0,965.5442502662881,
P1551,8591766,8592374,8173.222313656563,8427.0,8963.0,ARRIVED,253.77768634343738,536.0,789.7776863434374,
P1552,8591766,8592374,8191.940652892679,8427.0,8963.0,ARRIVED,235.05934710732072,536.0,771.0593471073207,
P1553,8591766,8592374,8195.034387782553,8427.0,8963.0,ARRIVED,231.96561221744741,536.0,767.9656122174474,
P1554,8591766,8592374,8217.906341165648,8427.0,8963.0,ARRIVED,209.09365883435203,536.0,745.093658834352,
P1555,8591766,8592374,8259.52026199888,8855.400024414062,8935.199996948242,ARRIVED,595.879762415183,79.79997253417969,675.6797349493627,MINIBUS_2
P1556,8591766,8592374,8330.973843009935,8427.0,8963.0,ARRIVED,96.02615699006492,536.0,632.0261569900649,
P1557,8587255,8592374,8041.469854979193,8192.0,8437.0,ARRIVED,150.53014502080714,245.0,395.53014502080714,
P1558,8587255,8592374,8112.775054235167,8192.0,8437.0,ARRIVED,79.22494576483314,245.0,324.22494576483314,
P1559,8587255,8592374,8182.345227224762,8875.799987792969,8935.199996948242,ARRIVED,693.4547605682064,59.40000915527344,752.8547697234799,MINIBUS_2
P1560,8587255,8592374,8187.500139917119,8192.0,8437.0,ARRIVED,4.499860082881241,245.0,249.49986008288124,
P1561,8587255,8592374,8191.0536925735905,8192.0,8437.0,ARRIVED,0.9463074264094757,245.0,245.94630742640948,
P1562,8587255,8592374,8271.162564307237,8875.799987792969,8935.199996948242,ARRIVED,604.6374234857321,59.40000915527344,664.0374326410056,MINIBUS_2
P1563,8587255,8592374,8328.819693984326,8696.0,8963.0,ARRIVED,367.18030601567443,267.0,634.1803060156744,
P1564,8589161,8589141,7887.581366656737,8709.0,9254.0,ARRIVED,821.4186333432626,545.0,1366.4186333432626,
P1565,8589161,8589141,7900.225737840647,8709.0,9254.0,ARRIVED,808.7742621593534,545.0,1353.7742621593534,
P1566,8589161,8589141,8198.271135411587,8709.0,9254.0,ARRIVED,510.72886458841276,545.0,1055.7288645884128,
P1567,8589161,8589141,8333.833451439456,9294.599990844727,9324.000011444092,ARRIVED,960.766539405271,29.400020599365234,990.1665600046363,MINIBUS_1
P1568,8589161,8589141,8359.277176861842,8709.0,9254.0,ARRIVED,349.72282313815776,545.0,894.7228231381578,
P1569,8589161,8589152,7859.162650194573,8923.800003051758,8945.40001296997,ARRIVED,1064.6373528571849,21.60000991821289,1086.2373627753977,MINIBUS_2
P1570,8589161,8589152,8327.817032873478,9043.0,9481.0,ARRIVED,715.1829671265223,438.0,1153.1829671265223,
P1571,8589161,8589138,7895.275285671194,8709.0,9143.0,ARRIVED,813.7247143288059,434.0,1247.724714328806,
P1572,8589161,8589138,8134.092826967261,8709.0,9143.0,ARRIVED,574.9071730327387,434.0,1008.9071730327387,
P1573,8589161,8587255,8048.867143932232,8601.000015258789,8602.799987792969,ARRIVED,552.1328713265575,1.7999725341796875,553.9328438607372,MINIBUS_2
P1574,8589161,8589131,7867.043653353547,8311.0,9063.0,ARRIVED,443.9563466464533,752.0,1195.9563466464533,
P1575,8589161,8577786,7935.204924783804,8311.0,8879.0,ARRIVED,375.795075216196,568.0,943.795075216196,
P1576,8589161,8504622,8008.551872683569,8709.0,9091.0,ARRIVED,700.448127316431,382.0,1082.448127316431,
P1577,8589161,8589271,8044.958291032213,8709.0,9310.0,ARRIVED,664.0417089677867,601.0,1265.0417089677867,
P1578,8589161,8589271,8079.186147994251,8709.0,9310.0,ARRIVED,629.8138520057491,601.0,1230.8138520057491,
P1579,8589161,8589271,8088.856811890446,8709.0,9310.0,ARRIVED,620.1431881095541,601.0,1221.143188109554,
P1580,8589161,8592375,8171.94201603524,8826.0,9641.0,ARRIVED,654.0579839647598,815.0,1469.0579839647598,
P1581,8589161,8592377,7933.564430469889,8877.000011444092,8961.599990844727,ARRIVED,943.4355809742028,84.59997940063477,1028.0355603748376,MINIBUS_1
P1582,8589161,8592377,8145.188371186649,8877.000011444092,8961.599990844727,ARRIVED,731.8116402574424,84.59997940063477,816.4116196580771,MINIBUS_1
P1583,8589161,8592377,8160.471519240154,8826.0,9488.0,ARRIVED,665.5284807598464,662.0,1327.5284807598464,
P1584,8589161,8589270,8351.111225269031,8934.0,9381.0,ARRIVED,582.8887747309691,447.0,1029.888774730969,
P1585,8589161,8589158,7851.426733602958,8934.0,9440.0,ARRIVED,1082.573266397042,506.0,1588.573266397042,
P1586,8589161,8589158,8008.988146538333,8934.0,9440.0,ARRIVED,925.0118534616668,506.0,1431.0118534616668,
P1587,8589161,8589158,8198.114425090218,9234.599990844727,9362.399959564209,ARRIVED,1036.4855657545086,127.79996871948242,1164.285534473991,MINIBUS_1
P1588,8589161,8589158,8261.79202294431,8934.0,9440.0,ARRIVED,672.2079770556902,506.0,1178.2079770556902,
P1589,8592374,8589141,8167.564288213343,8414.999988555908,8421.000015258789,ARRIVED,247.43570034256481,6.000026702880859,253.43572704544567,MINIBUS_2
P1590,8592374,8589152,8023.915259730797,8935.199996948242,8945.40001296997,ARRIVED,911.2847372174456,10.200016021728516,921.4847532391741,MINIBUS_2
P1591,8592374,8589152,8078.0800903832105,8942.0,9481.0,ARRIVED,863.9199096167895,539.0,1402.9199096167895,
P1592,8592374,8589152,8133.205274160278,8935.199996948242,8945.40001296997,ARRIVED,801.9947227879638,10.200016021728516,812.1947388096924,MINIBUS_2
P1593,8592374,8589138,7802.584436538278,8579.0,9143.0,ARRIVED,776.4155634617218,564.0,1340.4155634617218,
P1594,8592374,8589138,8117.323671934196,8935.199996948242,8938.800006866455,ARRIVED,817.8763250140464,3.6000099182128906,821.4763349322593,MINIBUS_2
P1595,8592374,8587255,7962.447826893569,8579.0,8815.0,ARRIVED,616.5521731064309,236.0,852.5521731064309,
P1596,8592374,8589130,7862.298538182165,7938.0,8944.0,ARRIVED,75.70146181783457,1006.0,1081.7014618178346,
P1597,8592374,8589130,7931.544009337708,8353.800003051758,8551.79995727539,ARRIVED,422.2559937140495,197.9999542236328,620.2559479376823,MINIBUS_1
P1598,8592374,8589130,7945.248918096768,8437.0,9290.0,ARRIVED,491.75108190323226,853.0,1344.7510819032323,
P1599,8592374,8589130,8042.720203198021,8437.0,9290.0,ARRIVED,394.2797968019786,853.0,1247.2797968019786,
P1600,8592374,8589130,8093.14070888992,8437.0,9290.0,ARRIVED,343.85929111008045,853.0,1196.8592911100804,
P1601,8592374,8589130,8163.250714624963,9223.199962615967,9688.800003051758,ARRIVED,1059.949247991004,465.600040435791,1525.549288426795,MINIBUS_1
P1602,8592374,8588344,7834.244508605811,7938.0,8649.0,ARRIVED,103.75549139418945,711.0,814.7554913941894,
P1603,8592374,8588344,7911.915484580946,7938.0,8649.0,ARRIVED,26.084515419053787,711.0,737.0845154190538,
P1604,8592374,8588344,8351.89642169211,8437.0,9000.0,ARRIVED,85.10357830788962,563.0,648.1035783078896,
P1605,8592374,8588344,8362.529947204981,8437.0,9000.0,ARRIVED,74.470052795019,563.0,637.470052795019,
P1606,8592374,8588344,8378.681287134612,8437.0,9000.0,ARRIVED,58.31871286538808,563.0,621.3187128653881,
P1607,8592374,8577786,7913.049226396319,7938.0,8445.0,ARRIVED,24.950773603681228,507.0,531.9507736036812,
P1608,8592374,8577786,7933.433562259167,7938.0,8445.0,ARRIVED,4.566437740832953,507.0,511.56643774083295,
P1609,8592374,8577786,8363.984679699583,8437.0,8879.0,ARRIVED,73.01532030041744,442.0,515.0153203004174,
P1610,8592374,8577785,7916.031290043658,7938.0,8338.0,ARRIVED,21.968709956341627,400.0,421.9687099563416,
P1611,8592374,8577785,7963.237422893783,8437.0,8784.0,ARRIVED,473.76257710621667,347.0,820.7625771062167,
P1612,8592374,8577785,8069.352711594178,8437.0,8784.0,ARRIVED,367.6472884058221,347.0,714.6472884058221,
P1613,8592374,8577785,8250.095032342902,8437.0,8784.0,ARRIVED,186.9049676570976,347.0,533.9049676570976,
P1614,8592374,8504622,7940.188763763327,8638.800003051758,8778.0,ARRIVED,698.6112392884306,139.1999969482422,837.8112362366728,MINIBUS_1
P1615,8592374,8504622,8026.437960907132,8579.0,9091.0,ARRIVED,552.562039092868,512.0,1064.562039092868,
P1616,8592374,8504622,8261.154139282973,8579.0,9091.0,ARRIVED,317.8458607170269,512.0,829.8458607170269,
P1617,8592374,8589271,7976.86147147045,8579.0,9310.0,ARRIVED,602.1385285295501,731.0,1333.13852852955,
P1618,8592374,8589271,7984.012886102488,8579.0,9310.0,ARRIVED,594.9871138975122,731.0,1325.9871138975122,
P1619,8592374,8589271,7984.875601602519,8579.0,9310.0,ARRIVED,594.124398397481,731.0,1325.124398397481,
P1620,8592374,8589271,8014.72871989672,8579.0,9310.0,ARRIVED,564.2712801032803,731.0,1295.2712801032803,
P1621,8592374,8589271,8150.882117586241,8935.199996948242,8947.799987792969,ARRIVED,784.3178793620009,12.599990844726562,796.9178702067275,MINIBUS_2
P1622,8592374,8589271,8217.090169391611,8579.0,9310.0,ARRIVED,361.9098306083888,731.0,1092.9098306083888,
P1623,8592374,8589271,8281.445680373681,8579.0,9310.0,ARRIVED,297.55431962631883,731.0,1028.5543196263188,
P1624,8592374,8592375,8364.792417035529,8963.0,9641.0,ARRIVED,598.2075829644709,678.0,1276.207582964471,
P1625,8592374,8592378,7988.349956514472,8963.0,9589.0,ARRIVED,974.6500434855279,626.0,1600.650043485528,
P1626,8592374,8592377,7852.825082580493,8963.0,9488.0,ARRIVED,1110.1749174195074,525.0,1635.1749174195074,
P1627,8592374,8592377,7888.070782857975,8963.0,9488.0,ARRIVED,1074.9292171420248,525.0,1599.9292171420248,
P1628,8592374,8592377,7922.090166365986,8353.800003051758,8521.79999923706,ARRIVED,431.70983668577173,167.99999618530273,599.7098328710745,MINIBUS_1
P1629,8592374,8592377,7991.875821591887,8822.399993896484,8961.599990844727,ARRIVED,830.5241723045974,139.1999969482422,969.7241692528396,MINIBUS_1
P1630,8592374,8592377,8085.5499193929245,8822.399993896484,8961.599990844727,ARRIVED,736.8500745035599,139.1999969482422,876.0500714518021,MINIBUS_1
P1631,8592374,8592377,8381.809236149278,8963.0,9488.0,ARRIVED,581.1907638507219,525.0,1106.1907638507219,
P1632,8592374,8589270,8021.290951917798,8782.0,9381.0,ARRIVED,760.7090480822017,599.0,1359.7090480822017,
P1633,8592374,8589270,8147.6447803648225,8782.0,9381.0,ARRIVED,634.3552196351775,599.0,1233.3552196351775,
P1634,8592374,8589270,8204.244882860788,8782.0,9381.0,ARRIVED,577.7551171392115,599.0,1176.7551171392115,
P1635,8592374,8589270,8317.392967920881,8782.0,9381.0,ARRIVED,464.60703207911865,599.0,1063.6070320791187,
P1636,8592374,8589270,8376.825001384861,8782.0,9381.0,ARRIVED,405.174998615139,599.0,1004.174998615139,
P1637,8592374,8589158,7847.407125123382,8782.0,9440.0,ARRIVED,934.5928748766182,658.0,1592.5928748766182,
P1638,8592374,8589158,7862.374781098351,8782.0,9440.0,ARRIVED,919.6252189016486,658.0,1577.6252189016486,
P1639,8592374,8589158,7872.704616461001,8782.0,9440.0,ARRIVED,909.295383538999,658.0,1567.295383538999,
P1640,8592374,8589158,7938.637251434722,8782.0,9440.0,ARRIVED,843.3627485652778,658.0,1501.3627485652778,
P1641,8592374,8589158,8132.554868373243,9223.199962615967,9362.399959564209,ARRIVED,1090.6450942427236,139.1999969482422,1229.8450911909658,MINIBUS_1
P1642,8592374,8589158,8167.682368605214,8782.0,9440.0,ARRIVED,614.3176313947861,658.0,1272.317631394786,
P1643,8592374,8589158,8277.724623810505,9223.199962615967,9362.399959564209,ARRIVED,945.4753388054614,139.1999969482422,1084.6753357537036,MINIBUS_1
P1644,8592374,8589158,8367.297976583399,8782.0,9440.0,ARRIVED,414.70202341660115,658.0,1072.7020234166012,
P1645,8589130,8592374,8230.06583128986,8584.0,9440.0,ARRIVED,353.9341687101405,856.0,1209.9341687101405,
P1646,8589131,8592374,8067.528421647334,8289.0,8942.0,ARRIVED,221.47157835266626,653.0,874.4715783526663,
P1647,8588344,8592374,7836.43028107807,8590.200012207031,8638.800003051758,ARRIVED,753.7697311289612,48.59999084472656,802.3697219736878,MINIBUS_1
P1648,8588344,8592374,7864.694921408616,7942.0,8579.0,ARRIVED,77.30507859138379,637.0,714.3050785913838,
P1649,8588344,8592374,7865.4713462925265,8590.200012207031,8638.800003051758,ARRIVED,724.7286659145047,48.59999084472656,773.3286567592313,MINIBUS_1
P1650,8588344,8592374,7990.605071445274,8369.0,8942.0,ARRIVED,378.394928554726,573.0,951.394928554726,
P1651,8588344,8592374,8105.91603754018,8401.200012207031,8414.999988555908,ARRIVED,295.28397466685146,13.799976348876953,309.0839510157284,MINIBUS_2
P1652,8588344,8592374,8113.796199879226,8369.0,8942.0,ARRIVED,255.20380012077385,573.0,828.2038001207738,
P1653,8588344,8592374,8175.2280586338975,8369.0,8942.0,ARRIVED,193.7719413661025,573.0,766.7719413661025,
P1654,8588344,8592374,8219.769986656298,8369.0,8942.0,ARRIVED,149.230013343702,573.0,722.230013343702,
P1655,8588344,8592374,8228.796237609566,9715.200012207031,10003.799987792969,ARRIVED,1486.4037745974656,288.5999755859375,1775.003750183403,MINIBUS_1
P1656,8577786,8592374,7840.280706515303,9176.400024414062,9223.199962615967,ARRIVED,1336.1193178987596,46.7999382019043,1382.919256100664,MINIBUS_1
P1657,8577786,8592374,7851.880891289547,8053.0,8579.0,ARRIVED,201.11910871045256,526.0,727.1191087104526,
P1658,8577786,8592374,8002.462802905978,8053.0,8579.0,ARRIVED,50.537197094022304,526.0,576.5371970940223,
P1659,8577786,8592374,8226.250174151935,8958.0,9440.0,ARRIVED,731.7498258480646,482.0,1213.7498258480646,
P1660,8577786,8592374,8231.747074667779,9176.400024414062,9223.199962615967,ARRIVED,944.6529497462834,46.7999382019043,991.4528879481877,MINIBUS_1
P1661,8577785,8592374,7875.991084418832,8154.0,8579.0,ARRIVED,278.00891558116837,425.0,703.0089155811684,
P1662,8577785,8592374,7886.890574386501,8137.799987792969,8167.799987792969,ARRIVED,250.90941340646805,30.0,280.90941340646805,MINIBUS_1
P1663,8577785,8592374,7905.8280770328065,8137.799987792969,8167.799987792969,ARRIVED,231.97191076016225,30.0,261.97191076016225,MINIBUS_1
P1664,8577785,8592374,7989.755096588245,8154.0,8579.0,ARRIVED,164.24490341175533,425.0,589.2449034117553,
P1665,8577785,8592374,8024.903599150938,8154.0,8579.0,ARRIVED,129.09640084906187,425.0,554.0964008490619,
P1666,8577785,8592374,8303.476229349333,8993.399959564209,9223.199962615967,ARRIVED,689.9237302148758,229.8000030517578,919.7237332666336,MINIBUS_1
P1667,8592378,8592374,7950.330180551766,8943.599960327148,9223.199962615967,ARRIVED,993.2697797753826,279.60000228881836,1272.869782064201,MINIBUS_1
P1668,8592377,8592374,7870.535739233976,8138.999954223633,8167.799987792969,ARRIVED,268.4642149896572,28.800033569335938,297.26424855899313,MINIBUS_1
P1669,8592377,8592374,7923.9073541362695,8103.0,8782.0,ARRIVED,179.09264586373047,679.0,858.0926458637305,
P1670,8592377,8592374,7930.365014393813,8103.0,8782.0,ARRIVED,172.634985606187,679.0,851.634985606187,
P1671,8592377,8592374,7937.141056073369,8138.999954223633,8167.799987792969,ARRIVED,201.85889815026349,28.800033569335938,230.65893171959942,MINIBUS_1
P1672,8592377,8592374,8084.352552333005,8961.599990844727,9223.199962615967,ARRIVED,877.2474385117212,261.59997177124023,1138.8474102829614,MINIBUS_1
P1673,8592377,8592374,8160.89733260406,8986.0,9526.0,ARRIVED,825.1026673959404,540.0,1365.1026673959404,
P1674,8592377,8592374,8193.00452664891,8986.0,9526.0,ARRIVED,792.9954733510895,540.0,1332.9954733510895,
P1675,8592377,8592374,8311.98464261912,8986.0,9526.0,ARRIVED,674.0153573808802,540.0,1214.0153573808802,
P1676,8592377,8592374,8348.422162454726,9985.200012207031,10003.799987792969,ARRIVED,1636.777849752305,18.5999755859375,1655.3778253382425,MINIBUS_1
P1677,8589158,8592374,7855.631438281899,8743.199996948242,8822.399993896484,ARRIVED,887.568558666343,79.19999694824219,966.7685556145852,MINIBUS_1
P1678,8589158,8592374,8072.472718531914,8314.0,8963.0,ARRIVED,241.52728146808568,649.0,890.5272814680857,
P1679,8589158,8592374,8287.306891201553,8314.0,8963.0,ARRIVED,26.6931087984467,649.0,675.6931087984467,
P1680,8589158,8592374,8368.412388343988,9362.399959564209,9511.199996948242,ARRIVED,993.9875712202211,148.8000373840332,1142.7876086042543,MINIBUS_1
P1681,8587356,8592374,8025.147388694584,8039.0,8437.0,ARRIVED,13.852611305415849,398.0,411.85261130541585,
P1682,8589141,8589161,8401.894482668218,8666.0,9229.0,ARRIVED,264.1055173317818,563.0,827.1055173317818,
P1683,8589141,8589161,8659.929644241523,8666.0,9229.0,ARRIVED,6.07035575847658,563.0,569.0703557584766,
P1684,8589141,8589161,8720.914175581329,9028.799987792969,9109.799987792969,ARRIVED,307.88581221163986,81.0,388.88581221163986,MINIBUS_1
P1685,8589141,8589161,8727.762639752906,9028.799987792969,9044.400024414062,ARRIVED,301.0373480400631,15.60003662109375,316.63738466115683,MINIBUS_1
P1686,8589141,8589161,8875.693844362653,9497.0,10085.0,ARRIVED,621.3061556373468,588.0,1209.3061556373468,
P1687,8589141,8589161,8960.189470694015,9497.0,10085.0,ARRIVED,536.8105293059853,588.0,1124.8105293059853,
P1688,8589152,8589161,8596.424544956679,8710.0,9229.0,ARRIVED,113.5754550433212,519.0,632.5754550433212,
P1689,8589152,8589161,8676.902935903838,9345.0,9475.199962615967,ARRIVED,668.0970640961623,130.1999626159668,798.2970267121291,MINIBUS_1
P1690,8589152,8589161,8985.88823606165,9547.0,10085.0,ARRIVED,561.1117639383501,538.0,1099.1117639383501,
P1691,8589138,8592374,8986.486111640517,9616.0,10199.0,ARRIVED,629.5138883594827,583.0,1212.5138883594827,
P1692,8591766,8592374,8479.821565614608,8837.0,9377.0,ARRIVED,357.1784343853924,540.0,897.1784343853924,
P1693,8591766,8592374,8485.011239975589,9364.200012207031,9511.199996948242,ARRIVED,879.1887722314423,146.99998474121094,1026.1887569726532,MINIBUS_1
P1694,8591766,8592374,8540.544952067234,9364.200012207031,9511.199996948242,ARRIVED,823.6550601397976,146.99998474121094,970.6550448810085,MINIBUS_1
P1695,8591766,8592374,8719.14070914769,8837.0,9377.0,ARRIVED,117.85929085230964,540.0,657.8592908523096,
P1696,8591766,8592374,8882.949556634843,9360.0,9916.0,ARRIVED,477.05044336515675,556.0,1033.0504433651568,
P1697,8591766,8592374,8908.35089234178,9060.600009918213,9142.200012207031,ARRIVED,152.2491175764335,81.60000228881836,233.84911986525185,MINIBUS_2
P1698,8591766,8592374,8933.979449295715,9060.600009918213,9142.200012207031,ARRIVED,126.62056062249758,81.60000228881836,208.22056291131594,MINIBUS_2
P1699,8587255,8592374,8666.496801318279,8696.0,8963.0,ARRIVED,29.503198681721187,267.0,296.5031986817212,
P1700,8587255,8592374,8676.518723604655,8696.0,8963.0,ARRIVED,19.48127639534505,267.0,286.48127639534505,
P1701,8587255,8592374,8736.313085962478,9091.0,9377.0,ARRIVED,354.686914037522,286.0,640.686914037522,
P1702,8587255,8592374,8777.479657024363,9091.0,9377.0,ARRIVED,313.5203429756366,286.0,599.5203429756366,
P1703,8587255,8592374,8982.032728249502,9091.0,9377.0,ARRIVED,108.96727175049818,286.0,394.9672717504982,
P1704,8587255,8592374,8990.754767916049,9104.400024414062,9124.799987792969,ARRIVED,113.64525649801362,20.39996337890625,134.04521987691987,MINIBUS_1
P1705,8589161,8589152,8426.32808288075,9043.0,9481.0,ARRIVED,616.6719171192508,438.0,1054.6719171192508,
P1706,8589161,8589152,8765.492205274626,9043.0,9481.0,ARRIVED,277.50779472537397,438.0,715.507794725374,
P1707,8589161,8589138,8603.534067974235,8709.0,9143.0,ARRIVED,105.46593202576514,434.0,539.4659320257651,
P1708,8589161,8589138,8854.444129595438,9043.0,9405.0,ARRIVED,188.55587040456157,362.0,550.5558704045616,
P1709,8589161,8587255,8487.991255163599,9234.599990844727,9252.000011444092,ARRIVED,746.6087356811277,17.400020599365234,764.0087562804929,MINIBUS_1
P1710,8589161,8587255,8912.302455899791,9082.200012207031,9100.200008392334,ARRIVED,169.89755630723994,17.999996185302734,187.89755249254267,MINIBUS_2
P1711,8589161,8577786,8483.55880010492,9229.0,9788.0,ARRIVED,745.44119989508,559.0,1304.44119989508,
P1712,8589161,8577786,8564.376966331027,9475.199962615967,9520.799987792969,ARRIVED,910.82299628494,45.60002517700195,956.423021461942,MINIBUS_1
P1713,8589161,8577786,8720.483457152284,9109.799987792969,9176.400024414062,ARRIVED,389.3165306406845,66.60003662109375,455.91656726177825,MINIBUS_1
P1714,8589161,8577786,8944.46733051822,9229.0,9788.0,ARRIVED,284.5326694817795,559.0,843.5326694817795,
P1715,8589161,8504622,8684.62211591683,8709.0,9091.0,ARRIVED,24.377884083169192,382.0,406.3778840831692,
P1716,8589161,8504622,8699.209657406822,8709.0,9091.0,ARRIVED,9.790342593178138,382.0,391.79034259317814,
P1717,8589161,8504622,8708.031674003876,8709.0,9091.0,ARRIVED,0.9683259961238946,382.0,382.9683259961239,
P1718,8589161,8504622,8832.38999326689,9043.0,9355.0,ARRIVED,210.6100067331099,312.0,522.6100067331099,
P1719,8589161,8589271,8507.485600792872,8709.0,9310.0,ARRIVED,201.514399207128,601.0,802.514399207128,
P1720,8589161,8592375,8550.436427679206,8826.0,9641.0,ARRIVED,275.56357232079426,815.0,1090.5635723207943,
P1721,8589161,8589270,8576.403495027074,8934.0,9381.0,ARRIVED,357.5965049729257,447.0,804.5965049729257,
P1722,8589161,8589270,8707.08181326673,8934.0,9381.0,ARRIVED,226.91818673326998,447.0,673.91818673327,
P1723,8589161,8589270,8972.004452173636,9657.0,10113.0,ARRIVED,684.9955478263637,456.0,1140.9955478263637,
P1724,8589161,8589158,8585.985440645482,8934.0,9440.0,ARRIVED,348.0145593545185,506.0,854.0145593545185,
P1725,8589161,8589158,8877.497416068616,8934.0,9440.0,ARRIVED,56.502583931383924,506.0,562.5025839313839,
P1726,8592374,8589141,8617.40804254629,8942.0,9526.0,ARRIVED,324.59195745370926,584.0,908.5919574537093,
P1727,8592374,8589141,8680.636174229885,10003.799987792969,10206.600036621094,ARRIVED,1323.1638135630837,202.800048828125,1525.9638623912087,MINIBUS_1
P1728,8592374,8589141,8701.883474512748,8942.0,9526.0,ARRIVED,240.11652548725215,584.0,824.1165254872521,
P1729,8592374,8589141,8869.28641042927,10003.799987792969,10206.600036621094,ARRIVED,1134.5135773636994,202.800048828125,1337.3136261918244,MINIBUS_1
P1730,8592374,8589141,8925.16500600566,8942.0,9526.0,ARRIVED,16.83499399434004,584.0,600.83499399434,
P1731,8592374,8589152,8452.598876010772,8942.0,9481.0,ARRIVED,489.4011239892279,539.0,1028.401123989228,
P1732,8592374,8589152,8466.718720192332,8942.0,9481.0,ARRIVED,475.2812798076684,539.0,1014.2812798076684,
P1733,8592374,8589138,8442.460388999574,8579.0,9143.0,ARRIVED,136.5396110004258,564.0,700.5396110004258,
P1734,8592374,8589130,8663.166092874837,9377.0,10206.0,ARRIVED,713.833907125163,829.0,1542.833907125163,
P1735,8592374,8589130,8842.685086618492,9377.0,10206.0,ARRIVED,534.3149133815077,829.0,1363.3149133815077,
P1736,8592374,8589130,8986.400564762562,9377.0,10206.0,ARRIVED,390.59943523743823,829.0,1219.5994352374382,
P1737,8592374,8589131,8485.425298334607,9377.0,10001.0,ARRIVED,891.5747016653931,624.0,1515.5747016653931,
P1738,8592374,8589131,8643.053474826598,9511.199996948242,9599.999965667725,ARRIVED,868.146522121644,88.79996871948242,956.9464908411264,MINIBUS_1
P1739,8592374,8589131,8884.548452505976,9850.199981689453,9886.800003051758,ARRIVED,965.6515291834767,36.60002136230469,1002.2515505457814,MINIBUS_1
P1740,8592374,8588344,8492.953149979365,9511.199996948242,9688.799968719482,ARRIVED,1018.2468469688774,177.59997177124023,1195.8468187401177,MINIBUS_1
P1741,8592374,8588344,8559.77024097707,9377.0,9932.0,ARRIVED,817.22975902293,555.0,1372.22975902293,
P1742,8592374,8588344,8698.211056314214,9377.0,9932.0,ARRIVED,678.7889436857859,555.0,1233.7889436857859,
P1743,8592374,8577786,8428.131979670758,8437.0,8879.0,ARRIVED,8.868020329242427,442.0,450.8680203292424,
P1744,8592374,8577786,8768.71737756248,9511.199996948242,9520.799987792969,ARRIVED,742.4826193857625,9.599990844726562,752.0826102304891,MINIBUS_1
P1745,8592374,8577786,8914.747900071763,9124.799987792969,9176.400024414062,ARRIVED,210.05208772120568,51.60003662109375,261.65212434229943,MINIBUS_1
P1746,8592374,8577785,8535.39338691716,8963.0,9399.0,ARRIVED,427.60661308284034,436.0,863.6066130828403,
P1747,8592374,8577785,8787.382283004534,9850.199981689453,9955.200012207031,ARRIVED,1062.8176986849194,105.00003051757812,1167.8177292024975,MINIBUS_1
P1748,8592374,8577785,8790.104459504832,8963.0,9399.0,ARRIVED,172.89554049516846,436.0,608.8955404951685,
P1749,8592374,8504622,8404.096664986293,8579.0,9091.0,ARRIVED,174.90333501370696,512.0,686.903335013707,
P1750,8592374,8504622,8624.7454385348,8942.0,9355.0,ARRIVED,317.2545614652008,413.0,730.2545614652008,
P1751,8592374,8589271,8443.529447536397,10003.799987792969,10228.200012207031,ARRIVED,1560.2705402565716,224.4000244140625,1784.6705646706341,MINIBUS_1
P1752,8592374,8589271,8473.045152065813,10003.799987792969,10228.200012207031,ARRIVED,1530.7548357271553,224.4000244140625,1755.1548601412178,MINIBUS_1
P1753,8592374,8589271,8654.259789838743,10003.799987792969,10228.200012207031,ARRIVED,1349.5401979542257,224.4000244140625,1573.9402223682882,MINIBUS_1
P1754,8592374,8589271,8690.72545720645,8942.0,9581.0,ARRIVED,251.2745427935497,639.0,890.2745427935497,
P1755,8592374,8589271,8941.557317264713,8942.0,9581.0,ARRIVED,0.4426827352872351,639.0,639.4426827352872,
P1756,8592374,8589271,8955.12281015849,9142.200012207031,9146.400024414062,ARRIVED,187.07720204854195,4.20001220703125,191.2772142555732,MINIBUS_2
P1757,8592374,8589271,8971.950764370973,9440.0,10269.0,ARRIVED,468.04923562902695,829.0,1297.049235629027,
P1758,8592374,8592375,8680.090943553314,8963.0,9641.0,ARRIVED,282.909056446686,678.0,960.909056446686,
P1759,8592374,8592378,8596.024771177714,8822.399993896484,8943.599960327148,ARRIVED,226.3752227187706,121.19996643066406,347.57518914943466,MINIBUS_1
P1760,8592374,8592377,8550.332993022079,8963.0,9488.0,ARRIVED,412.6670069779211,525.0,937.6670069779211,
P1761,8592374,8592377,8704.365865412183,8963.0,9488.0,ARRIVED,258.63413458781724,525.0,783.6341345878172,
P1762,8592374,8592377,8895.595821354756,9850.199981689453,9985.200012207031,ARRIVED,954.6041603346966,135.00003051757812,1089.6041908522748,MINIBUS_1
P1763,8592374,8589270,8493.412553432854,8782.0,9381.0,ARRIVED,288.5874465671459,599.0,887.5874465671459,
P1764,8592374,8589270,8547.222074504834,8782.0,9381.0,ARRIVED,234.77792549516562,599.0,833.7779254951656,
P1765,8592374,8589270,8791.143213385883,9526.0,10113.0,ARRIVED,734.8567866141166,587.0,1321.8567866141166,
P1766,8592374,8589270,8833.899122040535,9526.0,10113.0,ARRIVED,692.1008779594649,587.0,1279.100877959465,
P1767,8592374,8589158,8422.141875644355,8782.0,9440.0,ARRIVED,359.8581243556455,658.0,1017.8581243556455,
P1768,8592374,8589158,8503.951052645156,8782.0,9440.0,ARRIVED,278.04894735484413,658.0,936.0489473548441,
P1769,8592374,8589158,8618.507322337498,8782.0,9440.0,ARRIVED,163.4926776625016,658.0,821.4926776625016,
P1770,8592374,8589158,8639.075144365188,8782.0,9440.0,ARRIVED,142.92485563481205,658.0,800.924855634812,
P1771,8592374,8589158,8644.226401797767,8782.0,9440.0,ARRIVED,137.7735982022332,658.0,795.7735982022332,
P1772,8592374,8589158,8655.924897069497,10003.799987792969,10042.799987792969,ARRIVED,1347.8750907234717,39.0,1386.8750907234717,MINIBUS_1
P1773,8592374,8589158,8733.541288807508,8782.0,9440.0,ARRIVED,48.458711192492046,658.0,706.458711192492,
P1774,8592374,8589158,8891.327639737023,9526.0,10194.0,ARRIVED,634.6723602629772,668.0,1302.6723602629772,
P1775,8592374,8589158,8895.16435735058,9526.0,10194.0,ARRIVED,630.8356426494192,668.0,1298.8356426494192,
P1776,8589130,8592374,8504.378841362275,8584.0,9440.0,ARRIVED,79.62115863772488,856.0,935.6211586377249,
P1777,8589130,8592374,8667.153933085716,9730.200012207031,10003.799987792969,ARRIVED,1063.0460791213154,273.5999755859375,1336.646054707253,MINIBUS_1
P1778,8589131,8592374,8500.856106037789,8768.0,9440.0,ARRIVED,267.1438939622112,672.0,939.1438939622112,
P1779,8589131,8592374,8657.38572487079,9761.399978637695,10003.799987792969,ARRIVED,1104.0142537669053,242.40000915527344,1346.4142629221788,MINIBUS_1
P1780,8589131,8592374,8660.829945079975,8768.0,9440.0,ARRIVED,107.170054920025,672.0,779.170054920025,
P1781,8589131,8592374,8682.110158704847,8768.0,9440.0,ARRIVED,85.88984129515302,672.0,757.889841295153,
P1782,8589131,8592374,8756.911065753375,8768.0,9440.0,ARRIVED,11.088934246625286,672.0,683.0889342466253,
P1783,8589131,8592374,8763.972932937033,8768.0,9440.0,ARRIVED,4.027067062967035,672.0,676.027067062967,
P1784,8588344,8592374,8439.701438710847,8848.0,9440.0,ARRIVED,408.29856128915344,592.0,1000.2985612891534,
P1785,8588344,8592374,8496.443897280606,8848.0,9440.0,ARRIVED,351.5561027193944,592.0,943.5561027193944,
P1786,8588344,8592374,8510.154207028021,8848.0,9440.0,ARRIVED,337.8457929719789,592.0,929.8457929719789,
P1787,8588344,8592374,8535.21709196352,8848.0,9440.0,ARRIVED,312.7829080364809,592.0,904.7829080364809,
P1788,8588344,8592374,8613.082941421848,8848.0,9440.0,ARRIVED,234.91705857815214,592.0,826.9170585781521,
P1789,8588344,8592374,8853.161097741273,9766.799987792969,9850.199981689453,ARRIVED,913.6388900516959,83.39999389648438,997.0388839481802,MINIBUS_1
P1790,8588344,8592374,8856.85624783286,9766.799987792969,9850.199981689453,ARRIVED,909.9437399601084,83.39999389648438,993.3437338565927,MINIBUS_1
P1791,8577786,8592374,8543.350386275077,8958.0,9440.0,ARRIVED,414.64961372492326,482.0,896.6496137249233,
P1792,8577786,8592374,8681.671819284502,8958.0,9440.0,ARRIVED,276.3281807154981,482.0,758.3281807154981,
P1793,8577786,8592374,8797.289223845672,8958.0,9440.0,ARRIVED,160.7107761543284,482.0,642.7107761543284,
P1794,8577786,8592374,8809.275788286315,9844.200012207031,9850.199981689453,ARRIVED,1034.924223920716,5.999969482421875,1040.924193403138,MINIBUS_1
P1795,8577786,8592374,8824.971682242774,8958.0,9440.0,ARRIVED,133.02831775722552,482.0,615.0283177572255,
P1796,8577786,8592374,8978.06724511684,9347.0,9763.0,ARRIVED,368.93275488316067,416.0,784.9327548831607,
P1797,8577785,8592374,8649.214961578455,9955.200012207031,10003.799987792969,ARRIVED,1305.9850506285766,48.5999755859375,1354.585026214514,MINIBUS_1
P1798,8577785,8592374,8701.40202405583,9039.0,9440.0,ARRIVED,337.5979759441707,401.0,738.5979759441707,
P1799,8577785,8592374,8716.866607810898,9039.0,9440.0,ARRIVED,322.13339218910187,401.0,723.1333921891019,
P1800,8577785,8592374,8842.294611402656,9039.0,9440.0,ARRIVED,196.7053885973437,401.0,597.7053885973437,
P1801,8577785,8592374,8877.017074098227,9039.0,9440.0,ARRIVED,161.98292590177334,401.0,562.9829259017733,
P1802,8577785,8592374,8951.560182717236,9039.0,9440.0,ARRIVED,87.43981728276412,401.0,488.4398172827641,
P1803,8592377,8592374,8541.015840345275,9985.200012207031,10003.799987792969,ARRIVED,1444.184171861756,18.5999755859375,1462.7841474476936,MINIBUS_1
P1804,8592377,8592374,8683.301910995713,8986.0,9526.0,ARRIVED,302.6980890042869,540.0,842.6980890042869,
P1805,8589158,8592374,8443.840883889625,9250.0,9916.0,ARRIVED,806.1591161103752,666.0,1472.1591161103752,
P1806,8589158,8592374,8443.979973010108,9250.0,9916.0,ARRIVED,806.0200269898924,666.0,1472.0200269898924,
P1807,8589158,8592374,8483.653947379142,9250.0,9916.0,ARRIVED,766.3460526208582,666.0,1432.3460526208582,
P1808,8589158,8592374,8514.374151422826,9250.0,9916.0,ARRIVED,735.6258485771741,666.0,1401.625848577174,
P1809,8589158,8592374,8649.901656908263,9250.0,9916.0,ARRIVED,600.0983430917368,666.0,1266.0983430917368,
P1810,8589158,8592374,8775.443433882096,9048.600006103516,9142.200012207031,ARRIVED,273.15657222142,93.60000610351562,366.7565783249356,MINIBUS_2
P1811,8589158,8592374,8887.952971391316,9250.0,9916.0,ARRIVED,362.04702860868383,666.0,1028.0470286086838,
P1812,8589158,8592374,8890.000073038163,9250.0,9916.0,ARRIVED,359.99992696183654,666.0,1025.9999269618365,
P1813,8587356,8592374,8595.433882078903,8979.0,9377.0,ARRIVED,383.5661179210965,398.0,781.5661179210965,
P1814,8589141,8589161,9515.24884734555,9923.0,10502.0,ARRIVED,407.75115265444947,579.0,986.7511526544495,
P1815,8589141,8589161,9542.616419274773,9923.0,10502.0,ARRIVED,380.38358072522715,579.0,959.3835807252271,
P1816,8589152,8589161,9230.204435563932,11031.000030517578,11091.599975585938,ARRIVED,1800.7955949536463,60.599945068359375,1861.3955400220057,MINIBUS_2
P1817,8589152,8589161,9448.11542595124,9547.0,10085.0,ARRIVED,98.88457404875953,538.0,636.8845740487595,
P1818,8589152,8589161,9576.431641832429,9858.600021362305,10928.400024414062,ARRIVED,282.1683795298759,1069.8000030517578,1351.9683825816337,MINIBUS_2
P1819,8589138,8592374,9033.904539336143,9616.0,10199.0,ARRIVED,582.095460663857,583.0,1165.095460663857,
P1820,8589138,8592374,9158.193753165302,9616.0,10199.0,ARRIVED,457.80624683469796,583.0,1040.806246834698,
P1821,8589138,8592374,9202.575263395755,9616.0,10199.0,ARRIVED,413.4247366042455,583.0,996.4247366042455,
P1822,8589138,8592374,9533.983903081891,9616.0,10199.0,ARRIVED,82.01609691810881,583.0,665.0160969181088,
P1823,8589138,8592374,9592.544799232708,9616.0,10199.0,ARRIVED,23.4552007672919,583.0,606.4552007672919,
P1824,8591766,8592374,9080.377965262938,11060.400009155273,11109.000030517578,ARRIVED,1980.0220438923352,48.60002136230469,2028.62206525464,MINIBUS_2
P1825,8591766,8592374,9170.821526672966,9360.0,9916.0,ARRIVED,189.17847332703423,556.0,745.1784733270342,
P1826,8591766,8592374,9376.3261303604,9689.0,10199.0,ARRIVED,312.6738696396005,510.0,822.6738696396005,
P1827,8591766,8592374,9462.360093502288,10155.599990844727,10176.000015258789,ARRIVED,693.2398973424388,20.4000244140625,713.6399217565013,MINIBUS_1
P1828,8591766,8592374,9504.74553757956,10062.600009918213,10090.799987792969,ARRIVED,557.8544723386531,28.19997787475586,586.0544502134089,MINIBUS_2
P1829,8587255,8592374,9077.713526290469,9091.0,9377.0,ARRIVED,13.286473709531492,286.0,299.2864737095315,
P1830,8587255,8592374,9085.973487836643,9091.0,9377.0,ARRIVED,5.026512163356529,286.0,291.02651216335653,
P1831,8587255,8592374,9169.410135144104,9611.0,9916.0,ARRIVED,441.58986485589594,305.0,746.5898648558959,
P1832,8587255,8592374,9408.02696543645,9611.0,9916.0,ARRIVED,202.97303456355075,305.0,507.97303456355075,
P1833,8587255,8592374,9458.496846129321,11106.000034332275,11109.000030517578,ARRIVED,1647.5031882029543,2.9999961853027344,1650.503184388257,MINIBUS_2
P1834,8587255,8592374,9493.640827802565,9611.0,9916.0,ARRIVED,117.35917219743533,305.0,422.3591721974353,
P1835,8587255,8592374,9509.127357965528,9611.0,9916.0,ARRIVED,101.87264203447194,305.0,406.87264203447194,
P1836,8587255,8592374,9525.549457088026,9611.0,9916.0,ARRIVED,85.45054291197448,305.0,390.4505429119745,
P1837,8587255,8592374,9582.248760147557,9611.0,9916.0,ARRIVED,28.751239852443177,305.0,333.7512398524432,
P1838,8589161,8589141,9042.02537314876,9043.0,9526.0,ARRIVED,0.9746268512408278,483.0,483.9746268512408,
P1839,8589161,8589138,9441.698718486718,9569.0,10055.0,ARRIVED,127.30128151328245,486.0,613.3012815132824,
P1840,8589161,8587255,9041.79231048947,9043.0,9135.0,ARRIVED,1.2076895105292351,92.0,93.20768951052924,
P1841,8589161,8587255,9365.725185315168,11091.599975585938,11106.000034332275,ARRIVED,1725.8747902707692,14.40005874633789,1740.274849017107,MINIBUS_2
P1842,8589161,8504622,9081.110455669506,9569.0,9994.0,ARRIVED,487.88954433049366,425.0,912.8895443304937,
P1843,8589161,8589271,9066.392027023865,9569.0,10269.0,ARRIVED,502.607972976135,700.0,1202.607972976135,
P1844,8589161,8592377,9097.492812390132,9766.0,10486.0,ARRIVED,668.5071876098682,720.0,1388.5071876098682,
P1845,8589161,8589270,9020.5597258205,10928.400024414062,10995.000034332275,ARRIVED,1907.8402985935627,66.60000991821289,1974.4403085117756,MINIBUS_2
P1846,8589161,8589270,9280.512088224272,9657.0,10113.0,ARRIVED,376.4879117757282,456.0,832.4879117757282,
P1847,8589161,8589158,9144.839671272794,10928.400024414062,10951.800033569336,ARRIVED,1783.560353141269,23.400009155273438,1806.9603622965424,MINIBUS_2
P1848,8592374,8589141,9139.43827315786,9440.0,10209.0,ARRIVED,300.56172684213925,769.0,1069.5617268421393,
P1849,8592374,8589141,9221.486654494689,9440.0,10209.0,ARRIVED,218.513345505311,769.0,987.513345505311,
P1850,8592374,8589141,9428.864433379484,9440.0,10209.0,ARRIVED,11.135566620516329,769.0,780.1355666205163,
P1851,8592374,8589152,9003.718874767532,9531.599975585938,9560.400024414062,ARRIVED,527.8811008184057,28.800048828125,556.6811496465307,MINIBUS_1
P1852,8592374,8589138,9022.517321190478,9440.0,10055.0,ARRIVED,417.48267880952153,615.0,1032.4826788095215,
P1853,8592374,8589138,9443.539852688002,9763.0,10326.0,ARRIVED,319.4601473119983,563.0,882.4601473119983,
P1854,8592374,8589138,9525.782124964979,9763.0,10326.0,ARRIVED,237.21787503502128,563.0,800.2178750350213,
P1855,8592374,8589138,9561.224763982733,9763.0,10326.0,ARRIVED,201.77523601726716,563.0,764.7752360172672,
P1856,8592374,8587255,9172.117103206563,9440.0,9702.0,ARRIVED,267.8828967934369,262.0,529.8828967934369,
P1857,8592374,8587255,9252.045808067618,9440.0,9702.0,ARRIVED,187.95419193238195,262.0,449.95419193238195,
P1858,8592374,8587255,9261.397570317702,10090.799987792969,10203.0,ARRIVED,829.4024174752667,112.20001220703125,941.602429682298,MINIBUS_2
P1859,8592374,8587255,9413.888322907107,11962.20000076294,11989.200031280518,ARRIVED,2548.3116778558324,27.000030517578125,2575.3117083734105,MINIBUS_2
P1860,8592374,8589130,9080.539230692726,9377.0,10206.0,ARRIVED,296.46076930727395,829.0,1125.460769307274,
P1861,8592374,8589130,9121.16770026673,9377.0,10206.0,ARRIVED,255.8322997332707,829.0,1084.8322997332707,
P1862,8592374,8589130,9218.572956967962,9377.0,10206.0,ARRIVED,158.42704303203755,829.0,987.4270430320375,
P1863,8592374,8589130,9226.834843185121,9531.599975585938,9688.800003051758,ARRIVED,304.7651324008166,157.2000274658203,461.9651598666369,MINIBUS_1
P1864,8592374,8589130,9513.086669621656,11411.400009155273,11733.000015258789,ARRIVED,1898.3133395336172,321.6000061035156,2219.913345637133,MINIBUS_2
P1865,8592374,8589131,9221.683250085138,9377.0,10001.0,ARRIVED,155.31674991486216,624.0,779.3167499148622,
P1866,8592374,8589131,9330.57524887922,11411.400009155273,11770.199996948242,ARRIVED,2080.824760276053,358.79998779296875,2439.6247480690217,MINIBUS_2
P1867,8592374,8588344,9134.829658938628,9377.0,9932.0,ARRIVED,242.1703410613718,555.0,797.1703410613718,
P1868,8592374,8588344,9426.214838514152,11411.400009155273,11770.200012207031,ARRIVED,1985.1851706411217,358.8000030517578,2343.9851736928795,MINIBUS_2
P1869,8592374,8588344,9592.58196840192,10607.0,11120.0,ARRIVED,1014.4180315980793,513.0,1527.4180315980793,
P1870,8592374,8577786,9114.088074610852,9377.0,9788.0,ARRIVED,262.91192538914765,411.0,673.9119253891477,
P1871,8592374,8577786,9180.922601672706,11109.000030517578,11802.0,ARRIVED,1928.077428844872,692.9999694824219,2621.077398327294,MINIBUS_2
P1872,8592374,8577786,9577.022257675693,10199.0,10587.0,ARRIVED,621.9777423243067,388.0,1009.9777423243067,
P1873,8592374,8577785,9154.849366222603,11109.000030517578,11125.800003051758,ARRIVED,1954.1506642949753,16.799972534179688,1970.950636829155,MINIBUS_2
P1874,8592374,8577785,9196.363823079702,9377.0,9716.0,ARRIVED,180.63617692029766,339.0,519.6361769202977,
P1875,8592374,8577785,9360.12486126101,9377.0,9716.0,ARRIVED,16.875138738989335,339.0,355.87513873898934,
P1876,8592374,8577785,9501.410831656694,9916.0,10396.0,ARRIVED,414.5891683433056,480.0,894.5891683433056,
P1877,8592374,8577785,9535.472316141088,9916.0,10396.0,ARRIVED,380.5276838589125,480.0,860.5276838589125,
P1878,8592374,8577785,9545.711690125027,9916.0,10396.0,ARRIVED,370.2883098749735,480.0,850.2883098749735,
P1879,8592374,8504622,9144.262037992163,9411.600009918213,11039.400009155273,ARRIVED,267.33797192605016,1627.7999992370605,1895.1379711631107,MINIBUS_2
P1880,8592374,8504622,9218.370097070572,9411.600009918213,9880.200012207031,ARRIVED,193.22991284764066,468.60000228881836,661.829915136459,MINIBUS_2
P1881,8592374,8504622,9244.088309858264,9440.0,9994.0,ARRIVED,195.91169014173647,554.0,749.9116901417365,
P1882,8592374,8504622,9353.906141151094,9440.0,9994.0,ARRIVED,86.09385884890617,554.0,640.0938588489062,
P1883,8592374,8504622,9362.255794728166,9440.0,9994.0,ARRIVED,77.74420527183429,554.0,631.7442052718343,
P1884,8592374,8504622,9420.565628821347,9440.0,9994.0,ARRIVED,19.434371178653237,554.0,573.4343711786532,
P1885,8592374,8504622,9438.40257748129,9440.0,9994.0,ARRIVED,1.5974225187092088,554.0,555.5974225187092,
P1886,8592374,8504622,9458.792941970201,9763.0,10277.0,ARRIVED,304.20705802979865,514.0,818.2070580297986,
P1887,8592374,8504622,9481.394452643568,9763.0,10277.0,ARRIVED,281.605547356432,514.0,795.605547356432,
P1888,8592374,8504622,9530.285709952741,9763.0,10277.0,ARRIVED,232.71429004725906,514.0,746.714290047259,
P1889,8592374,8504622,9535.536187021444,9763.0,10277.0,ARRIVED,227.46381297855623,514.0,741.4638129785562,
P1890,8592374,8504622,9586.25166413602,11962.20000076294,12604.200016021729,ARRIVED,2375.9483366269196,642.0000152587891,3017.9483518857087,MINIBUS_2
P1891,8592374,8589271,9082.535217850982,9411.600009918213,9745.200012207031,ARRIVED,329.0647920672309,333.60000228881836,662.6647943560492,MINIBUS_2
P1892,8592374,8589271,9142.85226391632,10176.000015258789,10228.200012207031,ARRIVED,1033.1477513424688,52.19999694824219,1085.347748290711,MINIBUS_1
P1893,8592374,8589271,9371.25999222406,11962.20000076294,12712.800018310547,ARRIVED,2590.940008538879,750.6000175476074,3341.5400260864863,MINIBUS_2
P1894,8592374,8589271,9390.889488458603,9440.0,10269.0,ARRIVED,49.1105115413975,829.0,878.1105115413975,
P1895,8592374,8589271,9478.965241977356,9763.0,10511.0,ARRIVED,284.0347580226444,748.0,1032.0347580226444,
P1896,8592374,8589271,9486.97142717478,9763.0,10511.0,ARRIVED,276.0285728252202,748.0,1024.0285728252202,
P1897,8592374,8589271,9496.198192992113,9763.0,10511.0,ARRIVED,266.80180700788696,748.0,1014.801807007887,
P1898,8592374,8592375,9208.688287123048,9916.0,10626.0,ARRIVED,707.3117128769518,710.0,1417.3117128769518,
P1899,8592374,8592378,9408.079793124742,11411.400009155273,11445.0,ARRIVED,2003.3202160305318,33.59999084472656,2036.9202068752584,MINIBUS_2
P1900,8592374,8592377,9008.320065830228,11109.000030517578,11151.599975585938,ARRIVED,2100.6799646873496,42.599945068359375,2143.279909755709,MINIBUS_2
P1901,8592374,8592377,9025.511612799603,11109.000030517578,11151.599975585938,ARRIVED,2083.4884177179756,42.599945068359375,2126.088362786335,MINIBUS_2
P1902,8592374,8592377,9033.02265655549,9916.0,10486.0,ARRIVED,882.9773434445106,570.0,1452.9773434445106,
P1903,8592374,8592377,9067.173810449536,11109.000030517578,11151.599975585938,ARRIVED,2041.826220068042,42.599945068359375,2084.4261651364013,MINIBUS_2
P1904,8592374,8592377,9197.05610093644,11109.000030517578,11151.599975585938,ARRIVED,1911.943929581139,42.599945068359375,1954.5438746494983,MINIBUS_2
P1905,8592374,8592377,9369.931200960196,9916.0,10486.0,ARRIVED,546.0687990398037,570.0,1116.0687990398037,
P1906,8592374,8592377,9377.707344053166,9916.0,10486.0,ARRIVED,538.2926559468342,570.0,1108.2926559468342,
P1907,8592374,8589270,9307.701256352942,11962.20000076294,12178.200031280518,ARRIVED,2654.498744409997,216.00003051757812,2870.498774927575,MINIBUS_2
P1908,8592374,8589270,9366.342475569274,9526.0,10113.0,ARRIVED,159.65752443072597,587.0,746.657524430726,
P1909,8592374,8589270,9379.730682610952,9526.0,10113.0,ARRIVED,146.2693173890475,587.0,733.2693173890475,
P1910,8592374,8589270,9410.762938738604,9526.0,10113.0,ARRIVED,115.23706126139587,587.0,702.2370612613959,
P1911,8592374,8589270,9433.388948178235,9526.0,10113.0,ARRIVED,92.6110518217647,587.0,679.6110518217647,
P1912,8592374,8589270,9455.317601941017,11962.20000076294,12178.200031280518,ARRIVED,2506.882398821923,216.00003051757812,2722.882429339501,MINIBUS_2
P1913,8592374,8589270,9577.147134598554,11962.20000076294,12178.200031280518,ARRIVED,2385.0528661643857,216.00003051757812,2601.052896681964,MINIBUS_2
P1914,8592374,8589158,9036.948719958318,9526.0,10194.0,ARRIVED,489.0512800416818,668.0,1157.0512800416818,
P1915,8592374,8589158,9416.68940589947,9526.0,10194.0,ARRIVED,109.31059410053058,668.0,777.3105941005306,
P1916,8592374,8589158,9512.773410400201,9526.0,10194.0,ARRIVED,13.2265895997989,668.0,681.2265895997989,
P1917,8589130,8592374,9038.45001153031,9473.0,10222.0,ARRIVED,434.5499884696892,749.0,1183.5499884696892,
P1918,8589130,8592374,9158.823137790076,9473.0,10222.0,ARRIVED,314.17686220992437,749.0,1063.1768622099244,
P1919,8589130,8592374,9361.092747721264,9473.0,10222.0,ARRIVED,111.90725227873554,749.0,860.9072522787355,
P1920,8589130,8592374,9381.058735843419,9473.0,10222.0,ARRIVED,91.94126415658138,749.0,840.9412641565814,
P1921,8589130,8592374,9382.107794659969,9473.0,10222.0,ARRIVED,90.89220534003107,749.0,839.8922053400311,
P1922,8589131,8592374,9256.679553485043,11770.199996948242,11962.20000076294,ARRIVED,2513.5204434631996,192.00000381469727,2705.520447277897,MINIBUS_2
P1923,8589131,8592374,9388.922196093588,9618.0,10222.0,ARRIVED,229.07780390641165,604.0,833.0778039064116,
P1924,8589131,8592374,9557.083912465454,11796.000034332275,11962.20000076294,ARRIVED,2238.9161218668214,166.19996643066406,2405.1160882974855,MINIBUS_2
P1925,8588344,8592374,9001.735561587311,9404.400009155273,11109.000030517578,ARRIVED,402.66444756796227,1704.6000213623047,2107.264468930267,MINIBUS_2
P1926,8588344,8592374,9030.916076824886,9252.0,9763.0,ARRIVED,221.08392317511425,511.0,732.0839231751143,
P1927,8588344,8592374,9044.837436471496,9404.400009155273,11109.000030517578,ARRIVED,359.56257268377703,1704.6000213623047,2064.1625940460817,MINIBUS_2
P1928,8588344,8592374,9052.238232818752,9404.400009155273,11109.000030517578,ARRIVED,352.16177633652114,1704.6000213623047,2056.761797698826,MINIBUS_2
P1929,8588344,8592374,9276.529287496713,11770.200012207031,11962.20000076294,ARRIVED,2493.6707247103186,191.9999885559082,2685.670713266227,MINIBUS_2
P1930,8588344,8592374,9341.86438407731,9686.0,10222.0,ARRIVED,344.1356159226907,536.0,880.1356159226907,
P1931,8588344,8592374,9435.033596770287,9686.0,10222.0,ARRIVED,250.96640322971325,536.0,786.9664032297133,
P1932,8588344,8592374,9462.095568583587,9686.0,10222.0,ARRIVED,223.904431416413,536.0,759.904431416413,
P1933,8588344,8592374,9497.771920048566,11770.200012207031,11962.20000076294,ARRIVED,2272.428092158465,191.9999885559082,2464.428080714373,MINIBUS_2
P1934,8588344,8592374,9517.08603762689,9686.0,10222.0,ARRIVED,168.91396237310983,536.0,704.9139623731098,
P1935,8588344,8592374,9524.371374251949,9686.0,10222.0,ARRIVED,161.6286257480515,536.0,697.6286257480515,
P1936,8588344,8592374,9538.462139362238,9686.0,10222.0,ARRIVED,147.5378606377617,536.0,683.5378606377617,
P1937,8577786,8592374,9188.632369825162,9347.0,9763.0,ARRIVED,158.36763017483827,416.0,574.3676301748383,
P1938,8577786,8592374,9320.583400380117,11802.0,11962.20000076294,ARRIVED,2481.4165996198826,160.20000076293945,2641.616600382822,MINIBUS_2
P1939,8577786,8592374,9428.004773234603,9786.0,10222.0,ARRIVED,357.9952267653971,436.0,793.9952267653971,
P1940,8577785,8592374,9007.55158295586,9039.0,9440.0,ARRIVED,31.448417044139205,401.0,432.4484170441392,
P1941,8577785,8592374,9040.4854707719,9131.0,9526.0,ARRIVED,90.51452922809949,395.0,485.5145292280995,
P1942,8577785,8592374,9083.554201849058,9131.0,9526.0,ARRIVED,47.44579815094221,395.0,442.4457981509422,
P1943,8577785,8592374,9236.075741182853,9862.0,10222.0,ARRIVED,625.9242588171473,360.0,985.9242588171473,
P1944,8592375,8592374,9137.659737287058,9673.0,10408.0,ARRIVED,535.3402627129417,735.0,1270.3402627129417,
P1945,8592377,8592374,9031.806283027805,9899.0,10408.0,ARRIVED,867.193716972195,509.0,1376.193716972195,
P1946,8592377,8592374,9095.520513595544,9899.0,10408.0,ARRIVED,803.4794864044561,509.0,1312.479486404456,
P1947,8592377,8592374,9161.405314188209,9899.0,10408.0,ARRIVED,737.5946858117914,509.0,1246.5946858117914,
P1948,8589158,8592374,9024.942400388942,10951.800033569336,11109.000030517578,ARRIVED,1926.8576331803943,157.1999969482422,2084.0576301286364,MINIBUS_2
P1949,8589158,8592374,9225.596963869355,9250.0,9916.0,ARRIVED,24.403036130644978,666.0,690.403036130645,
P1950,8589158,8592374,9276.441337132923,10275.0,10859.0,ARRIVED,998.5586628670771,584.0,1582.5586628670771,
P1951,8589158,8592374,9440.511580810868,10275.0,10859.0,ARRIVED,834.4884191891324,584.0,1418.4884191891324,
P1952,8589158,8592374,9508.604845222937,11941.800018310547,11962.20000076294,ARRIVED,2433.19517308761,20.399982452392578,2453.5951555400025,MINIBUS_2
P1953,8589141,8589161,9717.01650561297,9923.0,10502.0,ARRIVED,205.98349438703008,579.0,784.9834943870301,
P1954,8589141,8589161,9779.390217346474,9907.199996948242,9928.799968719482,ARRIVED,127.80977960176824,21.599971771240234,149.40975137300848,MINIBUS_1
P1955,8589141,8589161,9872.33756671274,9923.0,10502.0,ARRIVED,50.66243328725977,579.0,629.6624332872598,
P1956,8589141,8589161,10045.046469606157,10381.0,11013.0,ARRIVED,335.9535303938428,632.0,967.9535303938428,
P1957,8589152,8589161,9666.06453469727,9976.0,10502.0,ARRIVED,309.9354653027294,526.0,835.9354653027294,
P1958,8589152,8589161,9795.99973867074,12124.200012207031,12150.000003814697,ARRIVED,2328.200273536291,25.799991607666016,2354.000265143957,MINIBUS_2
P1959,8589152,8589161,9874.39045163886,9976.0,10502.0,ARRIVED,101.6095483611407,526.0,627.6095483611407,
P1960,8589152,8589161,9929.749080722791,9976.0,10502.0,ARRIVED,46.250919277208595,526.0,572.2509192772086,
P1961,8589138,8592374,10199.91908764477,12454.799991607666,12590.999984741211,ARRIVED,2254.880903962896,136.19999313354492,2391.080897096441,MINIBUS_2
P1962,8591766,8592374,9739.142318859387,10115.0,10607.0,ARRIVED,375.85768114061284,492.0,867.8576811406128,
P1963,8591766,8592374,9966.440374606605,10376.400024414062,10387.800003051758,ARRIVED,409.959649807457,11.399978637695312,421.35962844515234,MINIBUS_2
P1964,8591766,8592374,10153.601330996522,10407.0,10859.0,ARRIVED,253.39866900347806,452.0,705.3986690034781,
P1965,8591766,8592374,10173.790110956837,10407.0,10859.0,ARRIVED,233.20988904316255,452.0,685.2098890431625,
P1966,8587255,8592374,9647.26895377579,9950.0,10199.0,ARRIVED,302.7310462242094,249.0,551.7310462242094,
P1967,8587255,8592374,9688.70551296799,11353.200012207031,11411.400009155273,ARRIVED,1664.494499239041,58.19999694824219,1722.6944961872832,MINIBUS_2
P1968,8587255,8592374,9695.152040259649,9950.0,10199.0,ARRIVED,254.84795974035114,249.0,503.84795974035114,
P1969,8587255,8592374,9761.739032166019,11353.200012207031,11411.400009155273,ARRIVED,1591.4609800410126,58.19999694824219,1649.6609769892548,MINIBUS_2
P1970,8587255,8592374,9773.281645459123,10203.0,10278.599990844727,ARRIVED,429.71835454087704,75.59999084472656,505.3183453856036,MINIBUS_2
P1971,8587255,8592374,9801.8553514377,11989.200031280518,12043.200012207031,ARRIVED,2187.3446798428176,53.99998092651367,2241.3446607693313,MINIBUS_2
P1972,8587255,8592374,9839.972992819141,10806.000034332275,10812.600036621094,ARRIVED,966.0270415131345,6.600002288818359,972.6270438019528,MINIBUS_2
P1973,8587255,8592374,10005.430289120006,10383.0,10607.0,ARRIVED,377.5697108799941,224.0,601.5697108799941,
P1974,8589161,8589141,9780.102227044801,12150.000003814697,12702.000015258789,ARRIVED,2369.897776769896,552.0000114440918,2921.897788213988,MINIBUS_2
P1975,8589161,8587255,9679.31917889317,9884.0,10031.0,ARRIVED,204.68082110682917,147.0,351.68082110682917,
P1976,8589161,8577786,10173.702445462595,10502.0,11012.0,ARRIVED,328.2975545374047,510.0,838.2975545374047,
P1977,8589161,8504622,9773.576611195198,9884.0,10277.0,ARRIVED,110.42338880480202,393.0,503.423388804802,
P1978,8589161,8504622,10032.997083770617,10332.0,10766.0,ARRIVED,299.0029162293831,434.0,733.0029162293831,
P1979,8589161,8589271,9663.889944917428,9884.0,10511.0,ARRIVED,220.11005508257222,627.0,847.1100550825722,
P1980,8589161,8589271,9850.919700271423,9884.0,10511.0,ARRIVED,33.0802997285773,627.0,660.0802997285773,
P1981,8589161,8592377,9673.844150903864,9928.799968719482,9985.200012207031,ARRIVED,254.9558178156185,56.40004348754883,311.35586130316733,MINIBUS_1
P1982,8589161,8589270,9799.360898844952,10552.0,11073.0,ARRIVED,752.6391011550477,521.0,1273.6391011550477,
P1983,8589161,8589158,9832.27029452608,11928.000015258789,11941.800018310547,ARRIVED,2095.7297207327083,13.800003051757812,2109.529723784466,MINIBUS_2
P1984,8589161,8589158,10110.774864870311,10843.799987792969,10925.400024414062,ARRIVED,733.0251229226578,81.60003662109375,814.6251595437516,MINIBUS_1
P1985,8592374,8589141,9646.912983061538,9904.799987792969,9907.199996948242,ARRIVED,257.88700473143035,2.4000091552734375,260.2870138867038,MINIBUS_1
P1986,8592374,8589141,9891.350615410322,10222.0,10930.0,ARRIVED,330.64938458967845,708.0,1038.6493845896784,
P1987,8592374,8589141,9909.000979212424,12590.999984741211,12702.000015258789,ARRIVED,2681.999005528787,111.00003051757812,2792.9990360463653,MINIBUS_2
P1988,8592374,8589141,10061.615794630388,10222.0,10930.0,ARRIVED,160.38420536961166,708.0,868.3842053696117,
P1989,8592374,8589152,9788.72410629624,12043.200012207031,12124.200012207031,ARRIVED,2254.475905910791,81.0,2335.475905910791,MINIBUS_2
P1990,8592374,8589152,9837.186301073598,10222.0,10885.0,ARRIVED,384.81369892640214,663.0,1047.8136989264021,
P1991,8592374,8589152,10181.170976658766,12590.999984741211,12681.600017547607,ARRIVED,2409.8290080824445,90.60003280639648,2500.429040888841,MINIBUS_2
P1992,8592374,8589138,9613.781681397755,9936.600021362305,10014.600009918213,ARRIVED,322.8183399645495,77.9999885559082,400.8183285204577,MINIBUS_2
P1993,8592374,8589138,9929.769864370486,10222.0,10816.0,ARRIVED,292.2301356295138,594.0,886.2301356295138,
P1994,8592374,8589138,10091.085742380066,12590.999984741211,12632.400016784668,ARRIVED,2499.9142423611447,41.40003204345703,2541.3142744046017,MINIBUS_2
P1995,8592374,8587255,9680.588356945667,9763.0,10031.0,ARRIVED,82.41164305433267,268.0,350.41164305433267,
P1996,8592374,8587255,9711.297980581085,9763.0,10031.0,ARRIVED,51.70201941891537,268.0,319.70201941891537,
P1997,8592374,8587255,10013.062787833222,11160.0,11353.200012207031,ARRIVED,1146.9372121667784,193.20001220703125,1340.1372243738097,MINIBUS_2
P1998,8592374,8587255,10145.744056256983,10222.0,10442.0,ARRIVED,76.25594374301727,220.0,296.25594374301727,
P1999,8592374,8587255,10180.698836484275,10714.20002746582,10853.400024414062,ARRIVED,533.5011909815457,139.1999969482422,672.7011879297879,MINIBUS_1
P2000,8592374,8589130,9719.270871317021,10607.0,11378.0,ARRIVED,887.7291286829786,771.0,1658.7291286829786,
P2001,8592374,8589130,9873.79283260247,11594.400024414062,11733.000015258789,ARRIVED,1720.6071918115922,138.59999084472656,1859.2071826563188,MINIBUS_2
P2002,8592374,8589130,9976.768021411106,10607.0,11378.0,ARRIVED,630.231978588894,771.0,1401.231978588894,
P2003,8592374,8589131,10042.346943962342,11594.400024414062,11770.199996948242,ARRIVED,1552.0530804517202,175.7999725341797,1727.8530529859,MINIBUS_2
P2004,8592374,8588344,9618.563355177035,10607.0,11120.0,ARRIVED,988.4366448229648,513.0,1501.4366448229648,
P2005,8592374,8588344,9922.803970405443,10607.0,11120.0,ARRIVED,684.1960295945573,513.0,1197.1960295945573,
P2006,8592374,8588344,10108.093473310437,10607.0,11120.0,ARRIVED,498.9065266895632,513.0,1011.9065266895632,
P2007,8592374,8577786,9656.369832263372,10199.0,10587.0,ARRIVED,542.6301677366282,388.0,930.6301677366282,
P2008,8592374,8577786,9920.654539619898,10199.0,10587.0,ARRIVED,278.34546038010194,388.0,666.3454603801019,
P2009,8592374,8577786,10082.196575846441,10199.0,10587.0,ARRIVED,116.80342415355881,388.0,504.8034241535588,
P2010,8592374,8577786,10097.12766205332,11009.400001525879,11301.600025177002,ARRIVED,912.2723394725581,292.20002365112305,1204.4723631236811,MINIBUS_1
P2011,8592374,8577786,10162.611879617705,11009.400001525879,11301.600025177002,ARRIVED,846.7881219081737,292.20002365112305,1138.9881455592968,MINIBUS_1
P2012,8592374,8577785,9608.05780012131,11411.400009155273,11461.20000076294,ARRIVED,1803.3422090339627,49.799991607666016,1853.1422006416287,MINIBUS_2
P2013,8592374,8577785,10150.546759327437,10199.0,10522.0,ARRIVED,48.45324067256297,323.0,371.45324067256297,
P2014,8592374,8504622,9699.797806398552,9763.0,10277.0,ARRIVED,63.202193601448016,514.0,577.202193601448,
P2015,8592374,8504622,9731.345520721152,9763.0,10277.0,ARRIVED,31.654479278848157,514.0,545.6544792788482,
P2016,8592374,8504622,9759.952762750096,10278.599990844727,10355.400024414062,ARRIVED,518.6472280946309,76.80003356933594,595.4472616639669,MINIBUS_2
P2017,8592374,8504622,10044.784418435163,10222.0,10766.0,ARRIVED,177.2155815648366,544.0,721.2155815648366,
P2018,8592374,8504622,10080.205424608732,10489.200012207031,10498.800022125244,ARRIVED,408.9945875982994,9.60000991821289,418.5945975165123,MINIBUS_2
P2019,8592374,8589271,9662.428391699872,9763.0,10511.0,ARRIVED,100.57160830012799,748.0,848.571608300128,
P2020,8592374,8589271,9681.172878820904,9763.0,10511.0,ARRIVED,81.82712117909614,748.0,829.8271211790961,
P2021,8592374,8589271,9682.519518729161,9763.0,10511.0,ARRIVED,80.48048127083894,748.0,828.4804812708389,
P2022,8592374,8589271,9780.747883274373,10671.0,11581.0,ARRIVED,890.2521167256273,910.0,1800.2521167256273,
P2023,8592374,8592375,9715.166312417496,9916.0,10626.0,ARRIVED,200.83368758250435,710.0,910.8336875825044,
P2024,8592374,8592375,9825.643735482014,11160.0,11208.0,ARRIVED,1334.3562645179863,48.0,1382.3562645179863,MINIBUS_2
P2025,8592374,8592375,9931.077269333726,10859.0,11421.0,ARRIVED,927.9227306662742,562.0,1489.9227306662742,
P2026,8592374,8592375,10114.852961064114,10714.20002746582,11193.600021362305,ARRIVED,599.3470664017059,479.3999938964844,1078.7470602981903,MINIBUS_1
P2027,8592374,8592377,9717.375032707965,9916.0,10486.0,ARRIVED,198.62496729203485,570.0,768.6249672920349,
P2028,8592374,8592377,9835.50578377573,9916.0,10486.0,ARRIVED,80.49421622426962,570.0,650.4942162242696,
P2029,8592374,8592377,9860.327648804003,11218.79997253418,11273.400024414062,ARRIVED,1358.4723237301769,54.60005187988281,1413.0723756100597,MINIBUS_2
P2030,8592374,8589270,9647.94098939584,11822.999984741211,11847.000015258789,ARRIVED,2175.058995345371,24.000030517578125,2199.059025862949,MINIBUS_2
P2031,8592374,8589270,9660.640077756534,10408.0,11073.0,ARRIVED,747.3599222434659,665.0,1412.359922243466,
P2032,8592374,8589270,9841.991152631532,10408.0,11073.0,ARRIVED,566.0088473684682,665.0,1231.0088473684682,
P2033,8592374,8589270,9992.786697060177,10408.0,11073.0,ARRIVED,415.2133029398228,665.0,1080.2133029398228,
P2034,8592374,8589270,10082.185440444315,10812.600036621094,10867.200012207031,ARRIVED,730.414596176779,54.5999755859375,785.0145717627165,MINIBUS_2
P2035,8592374,8589270,10173.604451600355,10714.20002746582,10939.199996948242,ARRIVED,540.5955758654654,224.99996948242188,765.5955453478873,MINIBUS_1
P2036,8592374,8589158,9618.149888957934,10408.0,11183.0,ARRIVED,789.8501110420657,775.0,1564.8501110420657,
P2037,8592374,8589158,9761.167122220717,10408.0,11183.0,ARRIVED,646.8328777792831,775.0,1421.832877779283,
P2038,8592374,8589158,9848.354528356378,10387.800003051758,10392.0,ARRIVED,539.4454746953797,4.1999969482421875,543.6454716436219,MINIBUS_2
P2039,8592374,8589158,9893.600571321143,10408.0,11183.0,ARRIVED,514.3994286788566,775.0,1289.3994286788566,
P2040,8592374,8589158,9944.645745967384,11295.000034332275,11325.000015258789,ARRIVED,1350.3542883648915,29.999980926513672,1380.3542692914052,MINIBUS_2
P2041,8592374,8589158,9969.361123793748,10408.0,11183.0,ARRIVED,438.63887620625246,775.0,1213.6388762062525,
P2042,8592374,8589158,10085.593432179083,10408.0,11183.0,ARRIVED,322.4065678209172,775.0,1097.4065678209172,
P2043,8592374,8589158,10145.52959953418,10408.0,11183.0,ARRIVED,262.4704004658197,775.0,1037.4704004658197,
P2044,8592374,8589158,10177.772929819133,10408.0,11183.0,ARRIVED,230.22707018086658,775.0,1005.2270701808666,
P2045,8589131,8592374,9742.848458130435,10062.0,10671.0,ARRIVED,319.15154186956534,609.0,928.1515418695653,
P2046,8588344,8592374,9630.224697599948,11770.200012207031,11822.999984741211,ARRIVED,2139.9753146070834,52.79997253417969,2192.775287141263,MINIBUS_2
P2047,8588344,8592374,9634.245236413219,9901.200012207031,9936.600021362305,ARRIVED,266.9547757938126,35.40000915527344,302.354784949086,MINIBUS_2
P2048,8588344,8592374,9650.563829277728,9686.0,10222.0,ARRIVED,35.436170722272436,536.0,571.4361707222724,
P2049,8588344,8592374,9689.312398279037,10128.0,10671.0,ARRIVED,438.68760172096336,543.0,981.6876017209634,
P2050,8588344,8592374,9707.02621514332,10128.0,10671.0,ARRIVED,420.97378485668014,543.0,963.9737848566801,
P2051,8588344,8592374,9707.042434000625,10128.0,10671.0,ARRIVED,420.9575659993752,543.0,963.9575659993752,
P2052,8588344,8592374,9883.122590360083,10128.0,10671.0,ARRIVED,244.87740963991746,543.0,787.8774096399175,
P2053,8588344,8592374,10015.77449193809,11589.0,11594.400024414062,ARRIVED,1573.2255080619107,5.4000244140625,1578.6255324759732,MINIBUS_2
P2054,8588344,8592374,10112.626567480173,10128.0,10671.0,ARRIVED,15.373432519827475,543.0,558.3734325198275,
P2055,8588344,8592374,10125.747997967383,10128.0,10671.0,ARRIVED,2.2520020326173835,543.0,545.2520020326174,
P2056,8588344,8592374,10134.90847050879,11046.0,11549.0,ARRIVED,911.0915294912102,503.0,1414.0915294912102,
P2057,8588344,8592374,10139.908361064783,11046.0,11549.0,ARRIVED,906.0916389352169,503.0,1409.091638935217,
P2058,8577786,8592374,10040.395725811351,11570.999984741211,11594.400024414062,ARRIVED,1530.6042589298595,23.400039672851562,1554.004298602711,MINIBUS_2
P2059,8577786,8592374,10134.238961500996,10224.0,10671.0,ARRIVED,89.76103849900392,447.0,536.7610384990039,
P2060,8577786,8592374,10155.381851961114,10224.0,10671.0,ARRIVED,68.61814803888592,447.0,515.6181480388859,
P2061,8577785,8592374,9642.89874634344,9862.0,10222.0,ARRIVED,219.1012536565595,360.0,579.1012536565595,
P2062,8577785,8592374,9689.871101086672,11125.800003051758,11411.400009155273,ARRIVED,1435.928901965086,285.6000061035156,1721.5289080686016,MINIBUS_2
P2063,8577785,8592374,9786.98028247431,11155.800003051758,11411.400009155273,ARRIVED,1368.8197205774486,255.60000610351562,1624.4197266809642,MINIBUS_2
P2064,8577785,8592374,9913.820078156534,11155.800003051758,11160.0,ARRIVED,1241.979924895224,4.1999969482421875,1246.1799218434662,MINIBUS_2
P2065,8577785,8592374,9925.541302888469,11155.800003051758,11160.0,ARRIVED,1230.2587001632892,4.1999969482421875,1234.4586971115314,MINIBUS_2
P2066,8577785,8592374,9929.165203179618,10060.0,10408.0,ARRIVED,130.8347968203816,348.0,478.8347968203816,
P2067,8592375,8592374,9732.457175318727,11439.0,12255.0,ARRIVED,1706.5428246812735,816.0,2522.5428246812735,
P2068,8592375,8592374,9760.12396204516,11439.0,12255.0,ARRIVED,1678.8760379548403,816.0,2494.8760379548403,
P2069,8592375,8592374,9865.407519850616,11439.0,12255.0,ARRIVED,1573.5924801493838,816.0,2389.592480149384,
P2070,8592375,8592374,9885.276021944048,11439.0,12255.0,ARRIVED,1553.723978055952,816.0,2369.723978055952,
P2071,8592375,8592374,10133.910715161168,11208.0,11218.79997253418,ARRIVED,1074.089284838832,10.799972534179688,1084.8892573730118,MINIBUS_2
P2072,8592378,8592374,9808.701364135295,9844.0,10408.0,ARRIVED,35.29863586470492,564.0,599.2986358647049,
P2073,8592378,8592374,10102.359800030006,11748.0,12255.0,ARRIVED,1645.6401999699938,507.0,2152.640199969994,
P2074,8592377,8592374,9688.886923477061,11151.599975585938,11411.400009155273,ARRIVED,1462.7130521088766,259.80003356933594,1722.5130856782125,MINIBUS_2
P2075,8592377,8592374,9935.948517339875,11273.400024414062,11295.000034332275,ARRIVED,1337.4515070741872,21.60000991821289,1359.0515169924001,MINIBUS_2
P2076,8592377,8592374,10187.221220273646,10763.0,11358.0,ARRIVED,575.7787797263536,595.0,1170.7787797263536,
P2077,8592377,8592374,10188.466236866067,10763.0,11358.0,ARRIVED,574.5337631339335,595.0,1169.5337631339335,
P2078,8589158,8592374,9677.193193040173,10275.0,10859.0,ARRIVED,597.8068069598266,584.0,1181.8068069598266,
P2079,8587356,8592374,9930.08067723466,10405.800033569336,10489.200012207031,ARRIVED,475.71935633467547,83.39997863769531,559.1193349723708,MINIBUS_2
P2080,8589141,8589161,10395.22238027047,12445.800037384033,12470.999988555908,ARRIVED,2050.577657113563,25.199951171875,2075.777608285438,MINIBUS_2
P2081,8589141,8589161,10458.546630307412,10819.0,11374.0,ARRIVED,360.45336969258824,555.0,915.4533696925882,
P2082,8589141,8589161,10468.105735766698,10819.0,11374.0,ARRIVED,350.89426423330224,555.0,905.8942642333022,
P2083,8589141,8589161,10624.960499965913,10819.0,11374.0,ARRIVED,194.0395000340868,555.0,749.0395000340868,
P2084,8589141,8589161,10670.876344390312,12186.0,12321.000034332275,ARRIVED,1515.1236556096883,135.0000343322754,1650.1236899419637,MINIBUS_2
P2085,8589141,8589161,10752.389003930371,10819.0,11374.0,ARRIVED,66.61099606962853,555.0,621.6109960696285,
P2086,8589141,8589161,10766.39119202547,10819.0,11374.0,ARRIVED,52.608807974529554,555.0,607.6088079745296,
P2087,8589141,8589161,10792.92238190903,10819.0,11374.0,ARRIVED,26.077618090970645,555.0,581.0776180909706,
P2088,8589152,8589161,10223.511605887383,12439.799987792969,12538.800037384033,ARRIVED,2216.288381905586,99.00004959106445,2315.2884314966504,MINIBUS_2
P2089,8589138,8592374,10201.516350055546,10510.0,11167.0,ARRIVED,308.48364994445365,657.0,965.4836499444536,
P2090,8589138,8592374,10366.86075409168,10510.0,11167.0,ARRIVED,143.13924590831994,657.0,800.1392459083199,
P2091,8589138,8592374,10399.74337477795,10962.600002288818,11009.400001525879,ARRIVED,562.8566275108678,46.79999923706055,609.6566267479284,MINIBUS_1
P2092,8589138,8592374,10491.66979100003,10962.600002288818,11009.400001525879,ARRIVED,470.930211288789,46.79999923706055,517.7302105258495,MINIBUS_1
P2093,8591766,8592374,10217.63727500124,10407.0,10859.0,ARRIVED,189.3627249987603,452.0,641.3627249987603,
P2094,8591766,8592374,10555.284785274373,11000.999996185303,11009.400001525879,ARRIVED,445.7152109109302,8.400005340576172,454.11521625150635,MINIBUS_1
P2095,8591766,8592374,10578.326073295988,10888.800003051758,10900.200012207031,ARRIVED,310.47392975576986,11.400009155273438,321.8739389110433,MINIBUS_2
P2096,8591766,8592374,10713.63760894501,10997.0,11484.0,ARRIVED,283.36239105499044,487.0,770.3623910549904,
P2097,8591766,8592374,10792.752705709348,10997.0,11484.0,ARRIVED,204.24729429065155,487.0,691.2472942906516,
P2098,8587255,8592374,10280.742120488612,12532.200016021729,12590.999984741211,ARRIVED,2251.4578955331162,58.79996871948242,2310.2578642525987,MINIBUS_2
P2099,8587255,8592374,10357.219161147648,10383.0,10607.0,ARRIVED,25.780838852351735,224.0,249.78083885235174,
P2100,8587255,8592374,10378.967371950745,10853.400024414062,11009.400001525879,ARRIVED,474.43265246331794,155.9999771118164,630.4326295751343,MINIBUS_1
P2101,8587255,8592374,10397.147064840468,11004.600021362305,11009.400001525879,ARRIVED,607.4529565218363,4.799980163574219,612.2529366854105,MINIBUS_1
P2102,8587255,8592374,10645.424937720945,12298.200012207031,12352.800003051758,ARRIVED,1652.775074486086,54.59999084472656,1707.3750653308125,MINIBUS_2
P2103,8587255,8592374,10685.150556912944,10895.0,11167.0,ARRIVED,209.849443087056,272.0,481.849443087056,
P2104,8587255,8592374,10731.68516694622,12298.200012207031,12352.800003051758,ARRIVED,1566.5148452608119,54.59999084472656,1621.1148361055384,MINIBUS_2
P2105,8589161,8589141,10406.86720163481,12321.000034332275,12445.800037384033,ARRIVED,1914.1328326974653,124.80000305175781,2038.9328357492232,MINIBUS_2
P2106,8589161,8589138,10654.94217359502,10934.0,11358.0,ARRIVED,279.05782640498,424.0,703.05782640498,
P2107,8589161,8587255,10225.439271992695,10332.0,10442.0,ARRIVED,106.56072800730544,110.0,216.56072800730544,
P2108,8589161,8587255,10374.011070389384,10843.799987792969,10853.400024414062,ARRIVED,469.7889174035845,9.60003662109375,479.38895402467824,MINIBUS_1
P2109,8589161,8587255,10686.78927571093,10934.0,11050.0,ARRIVED,247.21072428907064,116.0,363.21072428907064,
P2110,8589161,8504622,10337.812141729179,10903.799987792969,10988.400001525879,ARRIVED,565.9878460637901,84.60001373291016,650.5878597967003,MINIBUS_1
P2111,8589161,8504622,10442.500107312428,10934.0,11337.0,ARRIVED,491.49989268757236,403.0,894.4998926875724,
P2112,8589161,8589271,10494.260638929809,10934.0,11581.0,ARRIVED,439.7393610701911,647.0,1086.739361070191,
P2113,8589161,8592375,10416.662190821178,10728.0,11421.0,ARRIVED,311.3378091788218,693.0,1004.3378091788218,
P2114,8589161,8592377,10620.771927899648,10728.0,11309.0,ARRIVED,107.22807210035171,581.0,688.2280721003517,
P2115,8589161,8589158,10269.720161192829,10552.0,11183.0,ARRIVED,282.2798388071715,631.0,913.2798388071715,
P2116,8589161,8589158,10364.490380065508,10666.799987792969,10717.800003051758,ARRIVED,302.3096077274604,51.00001525878906,353.30962298624945,MINIBUS_2
P2117,8589161,8589158,10678.987616969269,11460.0,11965.0,ARRIVED,781.0123830307311,505.0,1286.0123830307311,
P2118,8589161,8589158,10754.218714237028,11553.600025177002,11824.200012207031,ARRIVED,799.3813109399744,270.5999870300293,1069.9812979700037,MINIBUS_1
P2119,8592374,8589141,10553.760943118776,10671.0,11499.0,ARRIVED,117.23905688122431,828.0,945.2390568812243,
P2120,8592374,8589141,10675.769468926035,11424.0,12088.0,ARRIVED,748.2305310739648,664.0,1412.2305310739648,
P2121,8592374,8589152,10472.542488498459,10671.0,11461.0,ARRIVED,198.45751150154138,790.0,988.4575115015414,
P2122,8592374,8589152,10783.306830335283,11424.0,12040.0,ARRIVED,640.6931696647171,616.0,1256.693169664717,
P2123,8592374,8589138,10213.15603334519,10222.0,10816.0,ARRIVED,8.843966654809265,594.0,602.8439666548093,
P2124,8592374,8589138,10341.645436039533,10671.0,11358.0,ARRIVED,329.3545639604672,687.0,1016.3545639604672,
P2125,8592374,8589138,10621.673022860803,12352.800003051758,12405.599990844727,ARRIVED,1731.1269801909548,52.79998779296875,1783.9269679839235,MINIBUS_2
P2126,8592374,8589138,10771.291580934754,11424.0,11941.0,ARRIVED,652.7084190652458,517.0,1169.7084190652458,
P2127,8592374,8587255,10273.59720712145,10408.0,10706.0,ARRIVED,134.40279287855083,298.0,432.4027928785508,
P2128,8592374,8587255,10441.456743526955,10671.0,11050.0,ARRIVED,229.5432564730454,379.0,608.5432564730454,
P2129,8592374,8587255,10475.841874041855,10671.0,11050.0,ARRIVED,195.15812595814532,379.0,574.1581259581453,
P2130,8592374,8587255,10706.471094953818,12514.200012207031,12532.200016021729,ARRIVED,1807.7289172532128,18.000003814697266,1825.72892106791,MINIBUS_2
P2131,8592374,8589130,10238.039498918117,10607.0,11378.0,ARRIVED,368.9605010818832,771.0,1139.9605010818832,
P2132,8592374,8589130,10295.57045600661,10607.0,11378.0,ARRIVED,311.4295439933903,771.0,1082.4295439933903,
P2133,8592374,8589130,10525.694566990673,11385.0,12405.000049591064,ARRIVED,859.3054330093273,1020.0000495910645,1879.3054826003918,MINIBUS_1
P2134,8592374,8589130,10635.518136583269,11167.0,12131.0,ARRIVED,531.4818634167314,964.0,1495.4818634167314,
P2135,8592374,8589130,10676.082531484202,11167.0,12131.0,ARRIVED,490.91746851579774,964.0,1454.9174685157977,
P2136,8592374,8589131,10513.9261960844,10607.0,11182.0,ARRIVED,93.07380391560037,575.0,668.0738039156004,
P2137,8592374,8588344,10292.842153551604,10607.0,11120.0,ARRIVED,314.1578464483955,513.0,827.1578464483955,
P2138,8592374,8588344,10400.266850127335,11385.0,12552.599998474121,ARRIVED,984.7331498726653,1167.599998474121,2152.3331483467864,MINIBUS_1
P2139,8592374,8588344,10780.657445910198,11484.0,12030.0,ARRIVED,703.3425540898024,546.0,1249.3425540898024,
P2140,8592374,8577786,10353.566870763683,10607.0,11012.0,ARRIVED,253.43312923631674,405.0,658.4331292363167,
P2141,8592374,8577786,10389.8897994675,10607.0,11012.0,ARRIVED,217.11020053249922,405.0,622.1102005324992,
P2142,8592374,8577786,10463.877640965255,10607.0,11012.0,ARRIVED,143.1223590347454,405.0,548.1223590347454,
P2143,8592374,8577786,10480.347812221728,11009.400001525879,11301.600025177002,ARRIVED,529.0521893041514,292.20002365112305,821.2522129552744,MINIBUS_1
P2144,8592374,8577786,10509.178644751948,11385.0,11962.80001449585,ARRIVED,875.821355248052,577.8000144958496,1453.6213697439016,MINIBUS_1
P2145,8592374,8577786,10509.296627315234,10607.0,11012.0,ARRIVED,97.70337268476578,405.0,502.7033726847658,
P2146,8592374,8577786,10514.303716537263,10607.0,11012.0,ARRIVED,92.69628346273748,405.0,497.6962834627375,
P2147,8592374,8577785,10246.256437830705,10607.0,10941.0,ARRIVED,360.7435621692948,334.0,694.7435621692948,
P2148,8592374,8577785,10427.688903464195,11009.400001525879,11290.799987792969,ARRIVED,581.7110980616835,281.39998626708984,863.1110843287734,MINIBUS_1
P2149,8592374,8577785,10732.183971592141,10859.0,11232.0,ARRIVED,126.81602840785854,373.0,499.81602840785854,
P2150,8592374,8504622,10216.622520110857,10222.0,10766.0,ARRIVED,5.377479889142705,544.0,549.3774798891427,
P2151,8592374,8504622,10346.860658388823,10671.0,11337.0,ARRIVED,324.13934161117686,666.0,990.1393416111769,
P2152,8592374,8504622,10438.552603861614,11385.0,11487.599998474121,ARRIVED,946.4473961383865,102.5999984741211,1049.0473946125076,MINIBUS_1
P2153,8592374,8504622,10569.950193107927,10671.0,11337.0,ARRIVED,101.04980689207332,666.0,767.0498068920733,
P2154,8592374,8504622,10716.80768677462,11424.0,11891.0,ARRIVED,707.1923132253796,467.0,1174.1923132253796,
P2155,8592374,8589271,10306.536405194813,10671.0,11581.0,ARRIVED,364.4635948051873,910.0,1274.4635948051873,
P2156,8592374,8589271,10358.78703636846,10671.0,11581.0,ARRIVED,312.21296363154033,910.0,1222.2129636315403,
P2157,8592374,8589271,10489.467620762422,10671.0,11581.0,ARRIVED,181.53237923757843,910.0,1091.5323792375784,
P2158,8592374,8589271,10498.32955023731,10671.0,11581.0,ARRIVED,172.67044976269062,910.0,1082.6704497626906,
P2159,8592374,8589271,10782.940934037324,11424.0,12149.0,ARRIVED,641.059065962676,725.0,1366.059065962676,
P2160,8592374,8589271,10798.832210888704,13899.600040435791,18286.79997253418,ARRIVED,3100.767829547087,4387.199932098389,7487.967761645476,MINIBUS_1
P2161,8592374,8592375,10622.859143440304,10859.0,11421.0,ARRIVED,236.14085655969575,562.0,798.1408565596957,
P2162,8592374,8592378,10450.136995745353,11009.400001525879,11285.400024414062,ARRIVED,559.2630057805254,276.0000228881836,835.263028668709,MINIBUS_1
P2163,8592374,8592378,10770.827851401207,10859.0,11384.0,ARRIVED,88.17214859879277,525.0,613.1721485987928,
P2164,8592374,8592377,10269.253683701627,10859.0,11309.0,ARRIVED,589.7463162983731,450.0,1039.7463162983731,
P2165,8592374,8592377,10608.841980830675,10859.0,11309.0,ARRIVED,250.1580191693247,450.0,700.1580191693247,
P2166,8592374,8592377,10624.219098326503,10859.0,11309.0,ARRIVED,234.78090167349728,450.0,684.7809016734973,
P2167,8592374,8589270,10513.483856170993,11385.0,11572.799983978271,ARRIVED,871.516143829007,187.79998397827148,1059.3161278072785,MINIBUS_1
P2168,8592374,8589270,10546.92886534669,11358.0,11878.0,ARRIVED,811.0711346533099,520.0,1331.0711346533099,
P2169,8592374,8589270,10640.716710635732,11358.0,11878.0,ARRIVED,717.2832893642681,520.0,1237.283289364268,
P2170,8592374,8589270,10670.870422531734,11481.000030517578,11491.20000076294,ARRIVED,810.1296079858439,10.199970245361328,820.3295782312052,MINIBUS_2
P2171,8592374,8589158,10263.87217207484,10408.0,11183.0,ARRIVED,144.1278279251601,775.0,919.1278279251601,
P2172,8592374,8589158,10347.934191258302,10714.20002746582,10925.400024414062,ARRIVED,366.2658362075181,211.1999969482422,577.4658331557603,MINIBUS_1
P2173,8592374,8589158,10366.16434794759,10408.0,11183.0,ARRIVED,41.835652052410296,775.0,816.8356520524103,
P2174,8592374,8589158,10385.992242805496,10408.0,11183.0,ARRIVED,22.007757194503938,775.0,797.0077571945039,
P2175,8592374,8589158,10389.524153431059,11385.0,11824.200012207031,ARRIVED,995.475846568941,439.20001220703125,1434.6758587759723,MINIBUS_1
P2176,8592374,8589158,10421.91645487262,11358.0,11965.0,ARRIVED,936.0835451273797,607.0,1543.0835451273797,
P2177,8592374,8589158,10490.283157395408,12352.800003051758,12370.200012207031,ARRIVED,1862.5168456563497,17.400009155273438,1879.9168548116231,MINIBUS_2
P2178,8592374,8589158,10652.905660213306,11672.399963378906,11824.200012207031,ARRIVED,1019.4943031656003,151.800048828125,1171.2943519937253,MINIBUS_1
P2179,8592374,8589158,10744.521907778682,13899.600040435791,14439.000011444092,ARRIVED,3155.0781326571087,539.3999710083008,3694.4781036654094,MINIBUS_1
P2180,8592374,8589158,10792.157846842141,11358.0,11965.0,ARRIVED,565.8421531578588,607.0,1172.8421531578588,
P2181,8589130,8592374,10517.568378241991,10823.0,11549.0,ARRIVED,305.431621758009,726.0,1031.431621758009,
P2182,8589131,8592374,10387.47592260804,10985.0,11549.0,ARRIVED,597.5240773919595,564.0,1161.5240773919595,
P2183,8589131,8592374,10462.382287589777,11294.400001525879,11385.0,ARRIVED,832.0177139361022,90.5999984741211,922.6177124102232,MINIBUS_1
P2184,8589131,8592374,10475.950584061266,11294.400001525879,11385.0,ARRIVED,818.4494174646134,90.5999984741211,909.0494159387345,MINIBUS_1
P2185,8589131,8592374,10799.684788677656,10985.0,11549.0,ARRIVED,185.3152113223441,564.0,749.3152113223441,
P2186,8588344,8592374,10225.76052166026,11046.0,11549.0,ARRIVED,820.2394783397394,503.0,1323.2394783397394,
P2187,8588344,8592374,10280.067216393583,11046.0,11549.0,ARRIVED,765.9327836064167,503.0,1268.9327836064167,
P2188,8588344,8592374,10339.429287415946,10504.799987792969,10714.20002746582,ARRIVED,165.37070037702324,209.40003967285156,374.7707400498748,MINIBUS_1
P2189,8588344,8592374,10404.982845719856,11046.0,11549.0,ARRIVED,641.0171542801436,503.0,1144.0171542801436,
P2190,8588344,8592374,10417.970565758766,11046.0,11549.0,ARRIVED,628.0294342412344,503.0,1131.0294342412344,
P2191,8588344,8592374,10452.085734657076,11046.0,11549.0,ARRIVED,593.9142653429244,503.0,1096.9142653429244,
P2192,8588344,8592374,10520.673418095947,11046.0,11549.0,ARRIVED,525.3265819040535,503.0,1028.3265819040535,
P2193,8588344,8592374,10770.711869049976,11320.799987792969,11385.0,ARRIVED,550.0881187429932,64.20001220703125,614.2881309500244,MINIBUS_1
P2194,8577786,8592374,10626.469519819853,11127.0,11549.0,ARRIVED,500.5304801801467,422.0,922.5304801801467,
P2195,8577785,8592374,10289.579464138407,10306.0,10671.0,ARRIVED,16.420535861592725,365.0,381.4205358615927,
P2196,8577785,8592374,10310.901678446182,10909.0,11358.0,ARRIVED,598.0983215538181,449.0,1047.098321553818,
P2197,8577785,8592374,10420.76860304295,10909.0,11358.0,ARRIVED,488.2313969570496,449.0,937.2313969570496,
P2198,8577785,8592374,10518.42034353932,10909.0,11358.0,ARRIVED,390.5796564606808,449.0,839.5796564606808,
P2199,8577785,8592374,10610.668622469038,10909.0,11358.0,ARRIVED,298.3313775309616,449.0,747.3313775309616,
P2200,8577785,8592374,10677.961099938379,11328.599975585938,11385.0,ARRIVED,650.638875647559,56.4000244140625,707.0389000616215,MINIBUS_1
P2201,8577785,8592374,10753.177937141914,10909.0,11358.0,ARRIVED,155.8220628580857,449.0,604.8220628580857,
P2202,8577785,8592374,10793.890965584133,10909.0,11358.0,ARRIVED,115.10903441586743,449.0,564.1090344158674,
P2203,8592375,8592374,10310.046538684042,11439.0,12255.0,ARRIVED,1128.9534613159576,816.0,1944.9534613159576,
P2204,8592378,8592374,10302.76046327161,11748.0,12255.0,ARRIVED,1445.2395367283898,507.0,1952.2395367283898,
P2205,8592378,8592374,10347.15764692902,10591.800003051758,10714.20002746582,ARRIVED,244.64235612273842,122.4000244140625,367.0423805368009,MINIBUS_1
P2206,8592378,8592374,10633.726299238097,11748.0,12255.0,ARRIVED,1114.2737007619035,507.0,1621.2737007619035,
P2207,8592377,8592374,10271.968706327805,10763.0,11358.0,ARRIVED,491.0312936721948,595.0,1086.0312936721948,
P2208,8592377,8592374,10312.46945987777,10641.600002288818,10714.20002746582,ARRIVED,329.13054241104874,72.60002517700195,401.7305675880507,MINIBUS_1
P2209,8592377,8592374,10414.573549369812,10763.0,11358.0,ARRIVED,348.4264506301879,595.0,943.4264506301879,
P2210,8592377,8592374,10467.84626188672,11291.999996185303,11385.0,ARRIVED,824.153734298583,93.00000381469727,917.1537381132803,MINIBUS_1
P2211,8589158,8592374,10519.918963914408,11991.0,12559.0,ARRIVED,1471.0810360855921,568.0,2039.0810360855921,
P2212,8589158,8592374,10607.156721998814,11991.0,12559.0,ARRIVED,1383.8432780011863,568.0,1951.8432780011863,
P2213,8589158,8592374,10656.822259643526,11991.0,12559.0,ARRIVED,1334.1777403564738,568.0,1902.1777403564738,
P2214,8587356,8592374,10218.701911816204,10254.0,10607.0,ARRIVED,35.2980881837957,353.0,388.2980881837957,
P2215,8587356,8592374,10540.660454499804,11103.0,11484.0,ARRIVED,562.3395455001955,381.0,943.3395455001955,
P2216,8587356,8592374,10745.640585844685,11103.0,11484.0,ARRIVED,357.3594141553149,381.0,738.3594141553149,
P2217,8589141,8589161,11069.780232214072,11824.0,12352.0,ARRIVED,754.2197677859276,528.0,1282.2197677859276,
P2218,8589141,8589161,11164.796858243602,11824.0,12352.0,ARRIVED,659.2031417563976,528.0,1187.2031417563976,
P2219,8589152,8589161,10849.813281971947,10872.0,11374.0,ARRIVED,22.186718028053292,502.0,524.1867180280533,
P2220,8589138,8592374,10861.721962503669,11382.0,12019.0,ARRIVED,520.2780374963313,637.0,1157.2780374963313,
P2221,8589138,8592374,10960.435052301616,11382.0,12019.0,ARRIVED,421.56494769838355,637.0,1058.5649476983835,
P2222,8589138,8592374,11313.278832991138,12229.799987792969,12279.0,ARRIVED,916.5211548018306,49.20001220703125,965.7211670088618,MINIBUS_2
P2223,8591766,8592374,10893.703281107155,10997.0,11484.0,ARRIVED,103.29671889284509,487.0,590.2967188928451,
P2224,8591766,8592374,10952.505180488492,10997.0,11484.0,ARRIVED,44.49481951150847,487.0,531.4948195115085,
P2225,8591766,8592374,11088.12823926022,11457.0,12019.0,ARRIVED,368.87176073977935,562.0,930.8717607397793,
P2226,8591766,8592374,11114.04822970212,11457.0,12019.0,ARRIVED,342.9517702978792,562.0,904.9517702978792,
P2227,8591766,8592374,11120.071860568014,11457.0,12019.0,ARRIVED,336.928139431986,562.0,898.928139431986,
P2228,8591766,8592374,11155.729269395222,11839.200012207031,11847.599975585938,ARRIVED,683.470742811809,8.39996337890625,691.8707061907153,MINIBUS_1
P2229,8591766,8592374,11220.033374777939,11457.0,12019.0,ARRIVED,236.96662522206134,562.0,798.9666252220613,
P2230,8591766,8592374,11238.428068742387,11457.0,12019.0,ARRIVED,218.57193125761296,562.0,780.571931257613,
P2231,8591766,8592374,11282.247141938322,11457.0,12019.0,ARRIVED,174.75285806167813,562.0,736.7528580616781,
P2232,8591766,8592374,11333.326874070568,11839.200012207031,11847.599975585938,ARRIVED,505.87313813646324,8.39996337890625,514.2731015153695,MINIBUS_1
P2233,8591766,8592374,11339.237335224207,11457.0,12019.0,ARRIVED,117.76266477579338,562.0,679.7626647757934,
P2234,8587255,8592374,11015.713006503893,11251.0,11484.0,ARRIVED,235.28699349610724,233.0,468.28699349610724,
P2235,8587255,8592374,11032.170158548806,11658.599975585938,11672.399963378906,ARRIVED,626.4298170371312,13.79998779296875,640.2298048301,MINIBUS_1
P2236,8587255,8592374,11123.252731125234,11251.0,11484.0,ARRIVED,127.74726887476572,233.0,360.7472688747657,
P2237,8587255,8592374,11232.53738684743,11251.0,11484.0,ARRIVED,18.462613152569247,233.0,251.46261315256925,
P2238,8587255,8592374,11286.895459861023,11754.0,12019.0,ARRIVED,467.1045401389765,265.0,732.1045401389765,
P2239,8589161,8589141,11064.43669167089,11521.0,12088.0,ARRIVED,456.56330832911044,567.0,1023.5633083291104,
P2240,8589161,8589152,10803.690105495447,10934.0,11461.0,ARRIVED,130.30989450455309,527.0,657.3098945045531,
P2241,8589161,8589152,11392.063663735478,11521.0,12040.0,ARRIVED,128.93633626452174,519.0,647.9363362645217,
P2242,8589161,8589138,10819.578812586313,10934.0,11358.0,ARRIVED,114.42118741368722,424.0,538.4211874136872,
P2243,8589161,8589138,11049.209649925808,13142.400024414062,13143.599975585938,ARRIVED,2093.1903744882547,1.199951171875,2094.3903256601297,MINIBUS_1
P2244,8589161,8587255,11072.998942315558,11460.0,11589.0,ARRIVED,387.00105768444155,129.0,516.0010576844415,
P2245,8589161,8504622,11018.110396273298,12538.800037384033,12554.400024414062,ARRIVED,1520.6896411107355,15.599987030029297,1536.2896281407648,MINIBUS_2
P2246,8589161,8592375,11105.219906817178,12470.999988555908,12495.600006103516,ARRIVED,1365.7800817387306,24.600017547607422,1390.380099286338,MINIBUS_2
P2247,8589161,8592377,11043.921640794106,12444.0,13251.0,ARRIVED,1400.0783592058942,807.0,2207.0783592058942,
P2248,8589161,8589270,11397.285622588568,11460.0,11878.0,ARRIVED,62.714377411432,418.0,480.714377411432,
P2249,8589161,8589158,11131.246622814277,11460.0,11965.0,ARRIVED,328.75337718572337,505.0,833.7533771857234,
P2250,8589161,8589158,11240.413935626273,11460.0,11965.0,ARRIVED,219.5860643737269,505.0,724.5860643737269,
P2251,8589161,8589158,11252.285886674119,11460.0,11965.0,ARRIVED,207.71411332588104,505.0,712.714113325881,
P2252,8589161,8589158,11385.265819344011,14410.800052642822,14439.000011444092,ARRIVED,3025.534233298811,28.19995880126953,3053.7341921000807,MINIBUS_1
P2253,8592374,8589141,11062.710269270388,11424.0,12088.0,ARRIVED,361.2897307296116,664.0,1025.2897307296116,
P2254,8592374,8589141,11091.22893175169,11424.0,12088.0,ARRIVED,332.77106824831026,664.0,996.7710682483103,
P2255,8592374,8589141,11310.150633455287,11424.0,12088.0,ARRIVED,113.84936654471312,664.0,777.8493665447131,
P2256,8592374,8589152,10809.359676775763,11424.0,12040.0,ARRIVED,614.6403232242374,616.0,1230.6403232242374,
P2257,8592374,8589138,10979.67534269626,11424.0,11941.0,ARRIVED,444.3246573037395,517.0,961.3246573037395,
P2258,8592374,8589138,11065.606856990189,11424.0,11941.0,ARRIVED,358.39314300981096,517.0,875.393143009811,
P2259,8592374,8589138,11224.04678036414,11935.800037384033,11937.000015258789,ARRIVED,711.7532570198928,1.1999778747558594,712.9532348946486,MINIBUS_1
P2260,8592374,8587255,10860.617344142749,11358.0,11589.0,ARRIVED,497.38265585725094,231.0,728.3826558572509,
P2261,8592374,8587255,10896.289127799706,11358.0,11589.0,ARRIVED,461.71087220029403,231.0,692.710872200294,
P2262,8592374,8587255,10919.321645915521,11358.0,11589.0,ARRIVED,438.678354084479,231.0,669.678354084479,
P2263,8592374,8587255,10978.258582350416,12279.0,12298.200012207031,ARRIVED,1300.741417649584,19.20001220703125,1319.9414298566153,MINIBUS_2
P2264,8592374,8587255,11230.649645715455,11358.0,11589.0,ARRIVED,127.35035428454466,231.0,358.35035428454466,
P2265,8592374,8587255,11336.974916270337,13126.20000076294,13137.600040435791,ARRIVED,1789.225084492602,11.400039672851562,1800.6251241654536,MINIBUS_1
P2266,8592374,8587255,11379.99149366724,11424.0,11619.0,ARRIVED,44.00850633276059,195.0,239.0085063327606,
P2267,8592374,8589130,10867.426624199303,11167.0,12131.0,ARRIVED,299.57337580069725,964.0,1263.5733758006972,
P2268,8592374,8589130,11336.118481595611,11935.800037384033,12405.000049591064,ARRIVED,599.681555788422,469.20001220703125,1068.8815679954532,MINIBUS_1
P2269,8592374,8588344,10910.672664276392,11484.0,12030.0,ARRIVED,573.3273357236085,546.0,1119.3273357236085,
P2270,8592374,8588344,10943.577973002857,11481.000030517578,11589.0,ARRIVED,537.422057514721,107.99996948242188,645.4220269971429,MINIBUS_2
P2271,8592374,8588344,11313.193562482924,11484.0,12030.0,ARRIVED,170.80643751707612,546.0,716.8064375170761,
P2272,8592374,8577786,10954.59270299429,11167.0,11680.0,ARRIVED,212.40729700570955,513.0,725.4072970057096,
P2273,8592374,8577785,10808.579648713261,11847.599975585938,11896.799983978271,ARRIVED,1039.0203268726764,49.200008392333984,1088.2203352650104,MINIBUS_1
P2274,8592374,8577785,10825.528737938315,11847.599975585938,11896.799983978271,ARRIVED,1022.0712376476222,49.200008392333984,1071.2712460399562,MINIBUS_1
P2275,8592374,8577785,11037.961782289569,11167.0,11604.0,ARRIVED,129.03821771043113,437.0,566.0382177104311,
P2276,8592374,8577785,11093.135452578339,13126.20000076294,13856.399978637695,ARRIVED,2033.0645481846004,730.1999778747559,2763.2645260593563,MINIBUS_1
P2277,8592374,8577785,11127.087178823687,13126.20000076294,13856.399978637695,ARRIVED,1999.1128219392522,730.1999778747559,2729.312799814008,MINIBUS_1
P2278,8592374,8577785,11133.780096831273,11167.0,11604.0,ARRIVED,33.21990316872689,437.0,470.2199031687269,
P2279,8592374,8577785,11137.461577780077,11167.0,11604.0,ARRIVED,29.538422219922722,437.0,466.5384222199227,
P2280,8592374,8577785,11385.690131658615,11484.0,11859.0,ARRIVED,98.30986834138457,375.0,473.3098683413846,
P2281,8592374,8504622,10863.058676953871,13899.600040435791,13926.00002670288,ARRIVED,3036.5413634819197,26.399986267089844,3062.9413497490095,MINIBUS_1
P2282,8592374,8504622,10956.172928310281,13899.600040435791,13926.00002670288,ARRIVED,2943.4271121255097,26.399986267089844,2969.8270983925995,MINIBUS_1
P2283,8592374,8504622,11012.096079587687,12279.0,12283.79997253418,ARRIVED,1266.9039204123128,4.7999725341796875,1271.7038929464925,MINIBUS_2
P2284,8592374,8504622,11014.844161053717,13126.20000076294,13178.399959564209,ARRIVED,2111.355839709222,52.19995880126953,2163.5557985104915,MINIBUS_1
P2285,8592374,8504622,11167.86132824607,11424.0,11891.0,ARRIVED,256.1386717539299,467.0,723.1386717539299,
P2286,8592374,8504622,11168.918216136235,11424.0,11891.0,ARRIVED,255.08178386376494,467.0,722.0817838637649,
P2287,8592374,8504622,11312.420424498663,11935.800037384033,11962.800010681152,ARRIVED,623.3796128853701,26.99997329711914,650.3795861824892,MINIBUS_1
P2288,8592374,8589271,10870.889206788652,11424.0,12149.0,ARRIVED,553.1107932113482,725.0,1278.1107932113482,
P2289,8592374,8589271,10966.74984634091,11424.0,12149.0,ARRIVED,457.25015365908985,725.0,1182.2501536590898,
P2290,8592374,8589271,11047.767599064005,11424.0,12149.0,ARRIVED,376.2324009359945,725.0,1101.2324009359945,
P2291,8592374,8589271,11109.39257231805,11424.0,12149.0,ARRIVED,314.60742768195087,725.0,1039.6074276819509,
P2292,8592374,8589271,11382.408991343611,11424.0,12149.0,ARRIVED,41.59100865638902,725.0,766.591008656389,
P2293,8592374,8592375,10902.299145872748,11847.599975585938,11854.800010681152,ARRIVED,945.3008297131892,7.200035095214844,952.500864808404,MINIBUS_1
P2294,8592374,8592375,11140.97241639735,13126.20000076294,13764.000015258789,ARRIVED,1985.2275843655898,637.8000144958496,2623.0275988614394,MINIBUS_1
P2295,8592374,8592377,10918.537959273808,12559.0,13251.0,ARRIVED,1640.4620407261918,692.0,2332.462040726192,
P2296,8592374,8592377,11019.035669840046,11499.599990844727,11542.200012207031,ARRIVED,480.5643210046801,42.60002136230469,523.1643423669848,MINIBUS_2
P2297,8592374,8592377,11073.484381366388,12559.0,13251.0,ARRIVED,1485.5156186336117,692.0,2177.5156186336117,
P2298,8592374,8589270,10825.683451277318,11358.0,11878.0,ARRIVED,532.3165487226815,520.0,1052.3165487226815,
P2299,8592374,8589270,10970.19926880304,11358.0,11878.0,ARRIVED,387.80073119695953,520.0,907.8007311969595,
P2300,8592374,8589270,11025.541336002289,11358.0,11878.0,ARRIVED,332.4586639977115,520.0,852.4586639977115,
P2301,8592374,8589270,11080.062611027019,11358.0,11878.0,ARRIVED,277.93738897298135,520.0,797.9373889729814,
P2302,8592374,8589270,11166.586127084898,11358.0,11878.0,ARRIVED,191.41387291510182,520.0,711.4138729151018,
P2303,8592374,8589158,10804.711224975961,11358.0,11965.0,ARRIVED,553.2887750240388,607.0,1160.2887750240388,
P2304,8592374,8589158,10876.714120446808,13899.600040435791,14439.000011444092,ARRIVED,3022.885919988983,539.3999710083008,3562.285890997284,MINIBUS_1
P2305,8592374,8589158,10883.895899708159,11358.0,11965.0,ARRIVED,474.10410029184095,607.0,1081.104100291841,
P2306,8592374,8589158,10897.883545738832,13899.600040435791,14439.000011444092,ARRIVED,3001.7164946969588,539.3999710083008,3541.1164657052595,MINIBUS_1
P2307,8592374,8589158,10946.13674208928,11358.0,11965.0,ARRIVED,411.86325791071977,607.0,1018.8632579107198,
P2308,8592374,8589158,11005.66085829075,11358.0,11965.0,ARRIVED,352.3391417092498,607.0,959.3391417092498,
P2309,8592374,8589158,11030.617070907832,11358.0,11965.0,ARRIVED,327.3829290921676,607.0,934.3829290921676,
P2310,8592374,8589158,11062.322563940139,11358.0,11965.0,ARRIVED,295.67743605986107,607.0,902.6774360598611,
P2311,8592374,8589158,11069.904503892136,11358.0,11965.0,ARRIVED,288.09549610786416,607.0,895.0954961078642,
P2312,8592374,8589158,11100.011608667224,11358.0,11965.0,ARRIVED,257.9883913327758,607.0,864.9883913327758,
P2313,8592374,8589158,11383.174602526382,14425.20000076294,14439.000011444092,ARRIVED,3042.0253982365575,13.800010681152344,3055.82540891771,MINIBUS_1
P2314,8589130,8592374,10901.946301958298,11763.0,12455.0,ARRIVED,861.0536980417019,692.0,1553.0536980417019,
P2315,8589130,8592374,11113.435774831969,11763.0,12455.0,ARRIVED,649.564225168031,692.0,1341.564225168031,
P2316,8589131,8592374,10801.550755320834,10985.0,11549.0,ARRIVED,183.44924467916644,564.0,747.4492446791664,
P2317,8589131,8592374,11217.634588141804,11888.0,12455.0,ARRIVED,670.3654118581962,567.0,1237.3654118581962,
P2318,8588344,8592374,10806.840613967783,11320.799987792969,11385.0,ARRIVED,513.959373825186,64.20001220703125,578.1593860322173,MINIBUS_1
P2319,8588344,8592374,10819.417636474616,11046.0,11549.0,ARRIVED,226.5823635253837,503.0,729.5823635253837,
P2320,8588344,8592374,11050.682617980965,11958.0,12455.0,ARRIVED,907.317382019035,497.0,1404.317382019035,
P2321,8588344,8592374,11105.76801415182,11958.0,12455.0,ARRIVED,852.2319858481806,497.0,1349.2319858481806,
P2322,8588344,8592374,11106.789326376524,12552.599998474121,13899.600040435791,ARRIVED,1445.8106720975975,1347.00004196167,2792.8107140592674,MINIBUS_1
P2323,8588344,8592374,11128.068627041761,11958.0,12455.0,ARRIVED,829.9313729582391,497.0,1326.931372958239,
P2324,8588344,8592374,11170.763956600358,11958.0,12455.0,ARRIVED,787.2360433996419,497.0,1284.2360433996419,
P2325,8588344,8592374,11255.09330693417,12552.599998474121,13126.20000076294,ARRIVED,1297.5066915399511,573.6000022888184,1871.1066938287695,MINIBUS_1
P2326,8588344,8592374,11349.458128973507,11958.0,12455.0,ARRIVED,608.541871026493,497.0,1105.541871026493,
P2327,8577786,8592374,10856.4985159569,11127.0,11549.0,ARRIVED,270.5014840430995,422.0,692.5014840430995,
P2328,8577786,8592374,10985.276338618702,11127.0,11549.0,ARRIVED,141.72366138129837,422.0,563.7236613812984,
P2329,8577786,8592374,11112.29618972745,11127.0,11549.0,ARRIVED,14.703810272549163,422.0,436.70381027254916,
P2330,8577786,8592374,11199.009347633466,12045.0,12455.0,ARRIVED,845.990652366534,410.0,1255.990652366534,
P2331,8577786,8592374,11229.896068777352,12045.0,12455.0,ARRIVED,815.1039312226476,410.0,1225.1039312226476,
P2332,8577785,8592374,10991.948275588786,11204.0,11549.0,ARRIVED,212.0517244112143,345.0,557.0517244112143,
P2333,8577785,8592374,11060.930153830395,11461.20000076294,11481.000030517578,ARRIVED,400.26984693254417,19.800029754638672,420.06987668718284,MINIBUS_2
P2334,8577785,8592374,11153.373892091784,13856.399978637695,13899.600040435791,ARRIVED,2703.0260865459113,43.2000617980957,2746.226148344007,MINIBUS_1
P2335,8577785,8592374,11179.155292317597,11204.0,11549.0,ARRIVED,24.84470768240317,345.0,369.84470768240317,
P2336,8577785,8592374,11257.634855073607,11942.0,12255.0,ARRIVED,684.3651449263925,313.0,997.3651449263925,
P2337,8577785,8592374,11376.369413371318,13856.399978637695,13899.600040435791,ARRIVED,2480.0305652663774,43.2000617980957,2523.230627064473,MINIBUS_1
P2338,8592378,8592374,11272.527278651993,11748.0,12255.0,ARRIVED,475.4727213480073,507.0,982.4727213480073,
P2339,8592377,8592374,10984.884571242828,11754.0,12255.0,ARRIVED,769.1154287571717,501.0,1270.1154287571717,
P2340,8592377,8592374,11008.245441864301,11481.0,11481.000030517578,ARRIVED,472.75455813569897,3.0517578125e-05,472.7545886532771,MINIBUS_2
P2341,8592377,8592374,11068.913691429283,11754.0,12255.0,ARRIVED,685.0863085707169,501.0,1186.086308570717,
P2342,8592377,8592374,11122.178099247503,13866.60001373291,13899.600040435791,ARRIVED,2744.421914485407,33.00002670288086,2777.4219411882877,MINIBUS_1
P2343,8592377,8592374,11192.839882013415,11754.0,12255.0,ARRIVED,561.1601179865847,501.0,1062.1601179865847,
P2344,8592377,8592374,11383.121214533117,11754.0,12255.0,ARRIVED,370.8787854668826,501.0,871.8787854668826,
P2345,8589158,8592374,10997.493645392833,11991.0,12559.0,ARRIVED,993.5063546071669,568.0,1561.506354607167,
P2346,8589158,8592374,11104.890584149583,11824.200012207031,11847.599975585938,ARRIVED,719.3094280574478,23.39996337890625,742.709391436354,MINIBUS_1
P2347,8589158,8592374,11157.222565583059,11991.0,12559.0,ARRIVED,833.7774344169411,568.0,1401.777434416941,
P2348,8589158,8592374,11364.799970129674,11991.0,12559.0,ARRIVED,626.200029870326,568.0,1194.200029870326,
P2349,8589158,8592374,11398.823585634505,11991.0,12559.0,ARRIVED,592.1764143654946,568.0,1160.1764143654946,
P2350,8587356,8592374,11151.096891795827,12269.40002822876,12279.0,ARRIVED,1118.3031364329327,9.599971771240234,1127.903108204173,MINIBUS_2
P2351,8587356,8592374,11302.223573318597,11606.0,12019.0,ARRIVED,303.7764266814029,413.0,716.7764266814029,
P2352,8587356,8592374,11306.787859984344,11606.0,12019.0,ARRIVED,299.2121400156557,413.0,712.2121400156557,
P2353,8589141,8589161,11543.536489881484,14385.0,14410.800052642822,ARRIVED,2841.463510118516,25.800052642822266,2867.263562761338,MINIBUS_1
P2354,8589141,8589161,11716.804796166158,11824.0,12352.0,ARRIVED,107.19520383384224,528.0,635.1952038338422,
P2355,8589141,8589161,11818.998154078294,11824.0,12352.0,ARRIVED,5.001845921706263,528.0,533.0018459217063,
P2356,8589141,8589161,11944.377487310507,13185.0,13192.799976348877,ARRIVED,1240.6225126894933,7.799976348876953,1248.4224890383703,MINIBUS_1
P2357,8589141,8589161,11950.207761389185,12438.0,13061.0,ARRIVED,487.7922386108148,623.0,1110.7922386108148,
P2358,8589152,8589161,11421.238974949532,11846.0,12352.0,ARRIVED,424.76102505046765,506.0,930.7610250504677,
P2359,8589152,8589161,11563.977810952438,11846.0,12352.0,ARRIVED,282.0221890475623,506.0,788.0221890475623,
P2360,8589152,8589161,11650.537028872957,11846.0,12352.0,ARRIVED,195.4629711270427,506.0,701.4629711270427,
P2361,8589152,8589161,11847.63672997836,12485.0,13061.0,ARRIVED,637.3632700216403,576.0,1213.3632700216403,
P2362,8589152,8589161,11883.43588278951,13164.599990844727,13314.000003814697,ARRIVED,1281.1641080552163,149.4000129699707,1430.564121025187,MINIBUS_1
P2363,8589138,8592374,11796.200370599656,11935.0,12423.0,ARRIVED,138.7996294003442,488.0,626.7996294003442,
P2364,8589138,8592374,11840.789061523117,14390.400016784668,14425.20000076294,ARRIVED,2549.6109552615508,34.799983978271484,2584.4109392398223,MINIBUS_1
P2365,8589138,8592374,11868.330148571999,14483.399967193604,14511.600006103516,ARRIVED,2615.069818621605,28.20003890991211,2643.269857531517,MINIBUS_1
P2366,8589138,8592374,11907.64437009991,14483.399967193604,14511.600006103516,ARRIVED,2575.7555970936937,28.20003890991211,2603.955636003606,MINIBUS_1
P2367,8591766,8592374,11475.117735210724,11996.0,12423.0,ARRIVED,520.8822647892757,427.0,947.8822647892757,
P2368,8591766,8592374,11538.090100041283,11996.0,12423.0,ARRIVED,457.9098999587168,427.0,884.9098999587168,
P2369,8591766,8592374,11549.374703960684,14489.400039672852,14511.600006103516,ARRIVED,2940.0253357121674,22.199966430664062,2962.2253021428314,MINIBUS_1
P2370,8591766,8592374,11654.230141591499,14489.400039672852,14511.600006103516,ARRIVED,2835.1698980813526,22.199966430664062,2857.3698645120166,MINIBUS_1
P2371,8591766,8592374,11856.725168061166,11996.0,12423.0,ARRIVED,139.2748319388338,427.0,566.2748319388338,
P2372,8587255,8592374,11498.3645772965,12587.400024414062,12590.999984741211,ARRIVED,1089.0354471175633,3.5999603271484375,1092.6354074447117,MINIBUS_2
P2373,8587255,8592374,11506.190867513838,13710.600040435791,13753.800003051758,ARRIVED,2204.4091729219526,43.1999626159668,2247.6091355379194,MINIBUS_1
P2374,8587255,8592374,11518.113941378424,13710.600040435791,13753.800003051758,ARRIVED,2192.486099057367,43.1999626159668,2235.686061673334,MINIBUS_1
P2375,8587255,8592374,11523.17055905962,11754.0,12019.0,ARRIVED,230.82944094038066,265.0,495.82944094038066,
P2376,8587255,8592374,11552.941000803728,11754.0,12019.0,ARRIVED,201.05899919627154,265.0,466.05899919627154,
P2377,8587255,8592374,11567.520077454072,11754.0,12019.0,ARRIVED,186.47992254592828,265.0,451.4799225459283,
P2378,8587255,8592374,11597.637078869204,11754.0,12019.0,ARRIVED,156.36292113079617,265.0,421.36292113079617,
P2379,8587255,8592374,11646.25982038666,11754.0,12019.0,ARRIVED,107.74017961333993,265.0,372.74017961333993,
P2380,8587255,8592374,11932.70002267775,12227.0,12423.0,ARRIVED,294.2999773222491,196.0,490.2999773222491,
P2381,8589161,8589138,11459.675138854087,11521.0,11941.0,ARRIVED,61.32486114591302,420.0,481.324861145913,
P2382,8589161,8587255,11560.86000107519,11737.0,11856.0,ARRIVED,176.13999892480933,119.0,295.13999892480933,
P2383,8589161,8589131,11608.487008786451,12201.0,12519.000049591064,ARRIVED,592.512991213549,318.00004959106445,910.5130408046134,MINIBUS_1
P2384,8589161,8577786,11552.957962167256,12201.0,12275.400024414062,ARRIVED,648.0420378327435,74.4000244140625,722.442062246806,MINIBUS_1
P2385,8589161,8577786,11716.606510254001,11878.0,12506.0,ARRIVED,161.39348974599852,628.0,789.3934897459985,
P2386,8589161,8504622,11406.238289939862,11521.0,11891.0,ARRIVED,114.76171006013828,370.0,484.7617100601383,
P2387,8589161,8504622,11704.487411046708,11737.0,12081.0,ARRIVED,32.512588953291925,344.0,376.5125889532919,
P2388,8589161,8589270,11433.752393393224,11460.0,11878.0,ARRIVED,26.247606606775662,418.0,444.24760660677566,
P2389,8589161,8589158,11573.222383310489,12372.0,12910.0,ARRIVED,798.777616689511,538.0,1336.777616689511,
P2390,8589161,8589158,11746.931873817131,12201.0,12240.59997177124,ARRIVED,454.0681261828686,39.599971771240234,493.6680979541088,MINIBUS_1
P2391,8589161,8589158,11769.826412449427,12372.0,12910.0,ARRIVED,602.1735875505728,538.0,1140.1735875505728,
P2392,8589161,8589158,11944.885922593116,12372.0,12910.0,ARRIVED,427.11407740688446,538.0,965.1140774068845,
P2393,8592374,8589141,11703.544841114572,12455.0,13217.0,ARRIVED,751.4551588854283,762.0,1513.4551588854283,
P2394,8592374,8589141,11775.828250146116,12455.0,13217.0,ARRIVED,679.1717498538837,762.0,1441.1717498538837,
P2395,8592374,8589141,11780.924225021967,12455.0,13217.0,ARRIVED,674.0757749780332,762.0,1436.0757749780332,
P2396,8592374,8589141,11837.15886123359,14547.60001373291,18124.20002746582,ARRIVED,2710.4411524993193,3576.60001373291,6287.041166232229,MINIBUS_1
P2397,8592374,8589152,11601.497062147046,12455.0,13172.0,ARRIVED,853.5029378529543,717.0,1570.5029378529543,
P2398,8592374,8589152,11703.99230275571,14511.600006103516,17965.8000831604,ARRIVED,2807.607703347805,3454.2000770568848,6261.80778040469,MINIBUS_1
P2399,8592374,8589152,11713.438603356239,12455.0,13172.0,ARRIVED,741.5613966437613,717.0,1458.5613966437613,
P2400,8592374,8589152,11806.219582531987,12455.0,13172.0,ARRIVED,648.7804174680132,717.0,1365.7804174680132,
P2401,8592374,8589152,11911.726290134604,12455.0,13172.0,ARRIVED,543.2737098653961,717.0,1260.273709865396,
P2402,8592374,8589138,11656.168174891733,12455.0,13103.0,ARRIVED,798.8318251082674,648.0,1446.8318251082674,
P2403,8592374,8589138,11749.533690855715,12455.0,13103.0,ARRIVED,705.4663091442853,648.0,1353.4663091442853,
P2404,8592374,8589138,11935.81136197142,12455.0,13103.0,ARRIVED,519.1886380285796,648.0,1167.1886380285796,
P2405,8592374,8589138,11952.895875576243,12455.0,13103.0,ARRIVED,502.10412442375673,648.0,1150.1041244237567,
P2406,8592374,8587255,11474.396786233014,11549.0,11856.0,ARRIVED,74.6032137669863,307.0,381.6032137669863,
P2407,8592374,8587255,11582.702391874573,12255.0,12504.0,ARRIVED,672.2976081254274,249.0,921.2976081254274,
P2408,8592374,8587255,11655.859948985244,12255.0,12504.0,ARRIVED,599.140051014756,249.0,848.140051014756,
P2409,8592374,8587255,11847.07902258408,13287.599956512451,13710.600040435791,ARRIVED,1440.520933928372,423.00008392333984,1863.5210178517118,MINIBUS_1
P2410,8592374,8589130,11609.399615193159,12019.0,12915.0,ARRIVED,409.60038480684125,896.0,1305.6003848068412,
P2411,8592374,8589130,11661.428025620144,12019.0,12915.0,ARRIVED,357.57197437985633,896.0,1253.5719743798563,
P2412,8592374,8589130,11724.646827902205,12384.0,12405.000049591064,ARRIVED,659.3531720977953,21.000049591064453,680.3532216888598,MINIBUS_1
P2413,8592374,8589130,11746.949921100262,12607.800052642822,12625.799987792969,ARRIVED,860.8501315425601,17.999935150146484,878.8500666927066,MINIBUS_1
P2414,8592374,8589130,11924.56494898725,12607.800052642822,12625.799987792969,ARRIVED,683.235103655572,17.999935150146484,701.2350388057184,MINIBUS_1
P2415,8592374,8589130,11931.333397719533,12019.0,12915.0,ARRIVED,87.66660228046749,896.0,983.6666022804675,
P2416,8592374,8589131,11909.471022215454,12019.0,12713.0,ARRIVED,109.52897778454644,694.0,803.5289777845464,
P2417,8592374,8588344,11499.348170164289,12019.0,12610.0,ARRIVED,519.6518298357114,591.0,1110.6518298357114,
P2418,8592374,8588344,11601.831090591715,12384.0,12552.599998474121,ARRIVED,782.1689094082849,168.5999984741211,950.768907882406,MINIBUS_1
P2419,8592374,8588344,11615.1798671957,12019.0,12610.0,ARRIVED,403.82013280429965,591.0,994.8201328042996,
P2420,8592374,8588344,11800.343801973517,12607.800052642822,12663.00002670288,ARRIVED,807.4562506693055,55.199974060058594,862.6562247293641,MINIBUS_1
P2421,8592374,8577786,11435.072591953507,11484.0,11925.0,ARRIVED,48.92740804649293,441.0,489.9274080464929,
P2422,8592374,8577786,11503.444162014901,12019.0,12506.0,ARRIVED,515.5558379850991,487.0,1002.5558379850991,
P2423,8592374,8577786,11731.613335999422,12267.00002670288,12275.400024414062,ARRIVED,535.386690703459,8.39999771118164,543.7866884146406,MINIBUS_1
P2424,8592374,8577786,11993.68217193344,12019.0,12506.0,ARRIVED,25.31782806655974,487.0,512.3178280665597,
P2425,8592374,8577785,11533.296100345548,13753.800003051758,13856.399978637695,ARRIVED,2220.5039027062103,102.5999755859375,2323.103878292148,MINIBUS_1
P2426,8592374,8577785,11568.930058389104,12019.0,12444.0,ARRIVED,450.0699416108964,425.0,875.0699416108964,
P2427,8592374,8577785,11586.838427813356,12019.0,12444.0,ARRIVED,432.16157218664375,425.0,857.1615721866438,
P2428,8592374,8577785,11990.250735939575,12019.0,12444.0,ARRIVED,28.74926406042505,425.0,453.74926406042505,
P2429,8592374,8504622,11542.726179039515,11859.0,11902.200016021729,ARRIVED,316.27382096048495,43.200016021728516,359.47383698221347,MINIBUS_2
P2430,8592374,8504622,11547.725731547405,14511.600006103516,14564.399967193604,ARRIVED,2963.8742745561103,52.79996109008789,3016.674235646198,MINIBUS_1
P2431,8592374,8504622,11733.341958839535,12455.0,13056.0,ARRIVED,721.6580411604646,601.0,1322.6580411604646,
P2432,8592374,8504622,11790.975144743725,14511.600006103516,14564.399967193604,ARRIVED,2720.624861359791,52.79996109008789,2773.424822449879,MINIBUS_1
P2433,8592374,8504622,11832.89024667923,12455.0,13056.0,ARRIVED,622.1097533207703,601.0,1223.1097533207703,
P2434,8592374,8504622,11911.961035194461,12455.0,13056.0,ARRIVED,543.0389648055389,601.0,1144.0389648055389,
P2435,8592374,8504622,11921.540921813259,13324.800003051758,13340.399990081787,ARRIVED,1403.2590812384988,15.599987030029297,1418.859068268528,MINIBUS_1
P2436,8592374,8589271,11509.164398627336,14511.600006103516,18286.79997253418,ARRIVED,3002.43560747618,3775.199966430664,6777.635573906844,MINIBUS_1
P2437,8592374,8589271,11534.979410877395,11549.0,12313.0,ARRIVED,14.020589122605088,764.0,778.0205891226051,
P2438,8592374,8589271,11561.047026789056,12455.0,13269.0,ARRIVED,893.952973210944,814.0,1707.952973210944,
P2439,8592374,8589271,11586.50273655026,12455.0,13269.0,ARRIVED,868.4972634497408,814.0,1682.4972634497408,
P2440,8592374,8589271,11593.839177130018,12455.0,13269.0,ARRIVED,861.1608228699824,814.0,1675.1608228699824,
P2441,8592374,8589271,11704.619526455775,12455.0,13269.0,ARRIVED,750.3804735442245,814.0,1564.3804735442245,
P2442,8592374,8589271,11933.9645055632,17902.800052642822,18286.79997253418,ARRIVED,5968.835547079621,383.9999198913574,6352.835466970979,MINIBUS_1
P2443,8592374,8589271,11936.171145105498,12455.0,13269.0,ARRIVED,518.828854894502,814.0,1332.828854894502,
P2444,8592374,8589271,11942.451907315994,12455.0,13269.0,ARRIVED,512.5480926840064,814.0,1326.5480926840064,
P2445,8592374,8592375,11828.000123331072,13055.399990081787,13072.799987792969,ARRIVED,1227.3998667507149,17.39999771118164,1244.7998644618965,MINIBUS_1
P2446,8592374,8592375,11926.905628851571,13055.399990081787,13072.799987792969,ARRIVED,1128.4943612302159,17.39999771118164,1145.8943589413975,MINIBUS_1
P2447,8592374,8592378,11853.599190364026,13055.399990081787,13080.0,ARRIVED,1201.800799717761,24.60000991821289,1226.400809635974,MINIBUS_1
P2448,8592374,8592377,11404.494796189892,13753.800003051758,13866.60001373291,ARRIVED,2349.3052068618654,112.80001068115234,2462.1052175430177,MINIBUS_1
P2449,8592374,8592377,11625.976162528515,12559.0,13251.0,ARRIVED,933.0238374714845,692.0,1625.0238374714845,
P2450,8592374,8592377,11789.7368104838,12559.0,13251.0,ARRIVED,769.2631895161994,692.0,1461.2631895161994,
P2451,8592374,8592377,11934.620512805112,13855.800018310547,13866.60001373291,ARRIVED,1921.1795055054354,10.799995422363281,1931.9795009277987,MINIBUS_1
P2452,8592374,8589270,11587.440108792698,12255.0,12831.0,ARRIVED,667.5598912073019,576.0,1243.559891207302,
P2453,8592374,8589270,11625.860643178688,12255.0,12831.0,ARRIVED,629.1393568213116,576.0,1205.1393568213116,
P2454,8592374,8589270,11698.295181173695,12255.0,12831.0,ARRIVED,556.7048188263052,576.0,1132.7048188263052,
P2455,8592374,8589270,11720.762003775175,12255.0,12831.0,ARRIVED,534.2379962248251,576.0,1110.237996224825,
P2456,8592374,8589270,11743.944959223436,14511.600006103516,14531.399967193604,ARRIVED,2767.6550468800797,19.79996109008789,2787.4550079701676,MINIBUS_1
P2457,8592374,8589270,11931.88098182323,12255.0,12831.0,ARRIVED,323.1190181767706,576.0,899.1190181767706,
P2458,8592374,8589158,11674.136333038543,12255.0,12910.0,ARRIVED,580.863666961457,655.0,1235.863666961457,
P2459,8592374,8589158,11756.619249890786,12132.599975585938,12173.399963378906,ARRIVED,375.9807256951517,40.79998779296875,416.78071348812045,MINIBUS_1
P2460,8592374,8589158,11773.57467561767,12132.599975585938,12173.399963378906,ARRIVED,359.02529996826706,40.79998779296875,399.8252877612358,MINIBUS_1
P2461,8592374,8589158,11782.879548218294,12132.599975585938,12173.399963378906,ARRIVED,349.7204273676434,40.79998779296875,390.5204151606122,MINIBUS_1
P2462,8592374,8589158,11922.533722135604,17902.800052642822,17918.400100708008,ARRIVED,5980.266330507218,15.600048065185547,5995.866378572404,MINIBUS_1
P2463,8592374,8589158,11994.579071966096,12255.0,12910.0,ARRIVED,260.4209280339037,655.0,915.4209280339037,
P2464,8589130,8592374,11780.198919957906,11817.0,12590.0,ARRIVED,36.80108004209433,773.0,809.8010800420943,
P2465,8589131,8592374,11849.632939399258,11888.0,12455.0,ARRIVED,38.36706060074175,567.0,605.3670606007418,
P2466,8589131,8592374,11864.096871836433,11888.0,12455.0,ARRIVED,23.90312816356709,567.0,590.9031281635671,
P2467,8588344,8592374,11535.915808083442,11958.0,12455.0,ARRIVED,422.08419191655776,497.0,919.0841919165578,
P2468,8588344,8592374,11559.991628077216,11958.0,12455.0,ARRIVED,398.00837192278414,497.0,895.0083719227841,
P2469,8588344,8592374,11633.055519431538,11958.0,12455.0,ARRIVED,324.9444805684616,497.0,821.9444805684616,
P2470,8588344,8592374,11659.992229098349,12552.599998474121,13126.20000076294,ARRIVED,892.6077693757725,573.6000022888184,1466.2077716645908,MINIBUS_1
P2471,8588344,8592374,11886.377736335795,11958.0,12455.0,ARRIVED,71.6222636642051,497.0,568.6222636642051,
P2472,8588344,8592374,11888.805944040505,11958.0,12455.0,ARRIVED,69.19405595949502,497.0,566.194055959495,
P2473,8588344,8592374,11950.735050239931,12552.599998474121,12607.800052642822,ARRIVED,601.8649482341898,55.20005416870117,657.065002402891,MINIBUS_1
P2474,8588344,8592374,11963.744038666122,12572.0,13218.0,ARRIVED,608.2559613338781,646.0,1254.255961333878,
P2475,8577786,8592374,11432.241935441538,12045.0,12455.0,ARRIVED,612.7580645584621,410.0,1022.7580645584621,
P2476,8577786,8592374,11476.972031246853,12045.0,12455.0,ARRIVED,568.0279687531474,410.0,978.0279687531474,
P2477,8577786,8592374,11590.63065246513,12045.0,12455.0,ARRIVED,454.36934753487003,410.0,864.36934753487,
P2478,8577785,8592374,11423.789478290788,11942.0,12255.0,ARRIVED,518.2105217092121,313.0,831.2105217092121,
P2479,8577785,8592374,11439.366012356973,11942.0,12255.0,ARRIVED,502.63398764302656,313.0,815.6339876430266,
P2480,8577785,8592374,11581.652234029596,11942.0,12255.0,ARRIVED,360.347765970404,313.0,673.347765970404,
P2481,8577785,8592374,11651.090935379909,11942.0,12255.0,ARRIVED,290.90906462009116,313.0,603.9090646200912,
P2482,8577785,8592374,11893.888889015509,11942.0,12255.0,ARRIVED,48.11111098449146,313.0,361.11111098449146,
P2483,8577785,8592374,11909.743285636785,11942.0,12255.0,ARRIVED,32.256714363214996,313.0,345.256714363215,
P2484,8592375,8592374,11532.555453449688,12132.0,13096.0,ARRIVED,599.4445465503122,964.0,1563.4445465503122,
P2485,8592375,8592374,11617.807534410811,12132.0,13096.0,ARRIVED,514.1924655891889,964.0,1478.192465589189,
P2486,8592378,8592374,11850.312783853919,12544.0,13096.0,ARRIVED,693.6872161460815,552.0,1245.6872161460815,
P2487,8592377,8592374,11446.285635905031,13866.60001373291,13899.600040435791,ARRIVED,2420.314377827879,33.00002670288086,2453.31440453076,MINIBUS_1
P2488,8592377,8592374,11520.555117233174,13866.60001373291,13899.600040435791,ARRIVED,2346.044896499736,33.00002670288086,2379.0449232026167,MINIBUS_1
P2489,8592377,8592374,11585.553478409009,13117.200038909912,13126.20000076294,ARRIVED,1531.6465605009034,8.999961853027344,1540.6465223539308,MINIBUS_1
P2490,8589158,8592374,11443.207857480149,11991.0,12559.0,ARRIVED,547.792142519851,568.0,1115.792142519851,
P2491,8589158,8592374,11486.870138987495,11851.800003051758,11859.0,ARRIVED,364.9298640642628,7.1999969482421875,372.129861012505,MINIBUS_2
P2492,8589158,8592374,11541.595730142242,14439.000011444092,14511.600006103516,ARRIVED,2897.4042813018496,72.59999465942383,2970.0042759612734,MINIBUS_1
P2493,8589158,8592374,11645.530290866694,11991.0,12559.0,ARRIVED,345.4697091333055,568.0,913.4697091333055,
P2494,8589158,8592374,11681.878272449285,11991.0,12559.0,ARRIVED,309.12172755071515,568.0,877.1217275507151,
P2495,8589158,8592374,11990.443368205633,11991.0,12559.0,ARRIVED,0.5566317943666945,568.0,568.5566317943667,
P2496,8589141,8589161,12029.557872179646,12438.0,13061.0,ARRIVED,408.44212782035356,623.0,1031.4421278203536,
P2497,8589141,8589161,12564.981052133699,14215.799976348877,14358.599964141846,ARRIVED,1650.8189242151784,142.79998779296875,1793.6189120081472,MINIBUS_1
P2498,8589152,8589161,12498.388644201956,13474.199951171875,13506.60001373291,ARRIVED,975.8113069699193,32.400062561035156,1008.2113695309545,MINIBUS_1
P2499,8589138,8592374,12359.250843783815,13368.599990844727,13426.799953460693,ARRIVED,1009.3491470609115,58.1999626159668,1067.5491096768783,MINIBUS_1
P2500,8589138,8592374,12398.085900169091,12570.0,13168.0,ARRIVED,171.91409983090853,598.0,769.9140998309085,
P2501,8589138,8592374,12400.249990289769,13438.200038909912,13438.800006866455,ARRIVED,1037.9500486201432,0.5999679565429688,1038.5500165766862,MINIBUS_1
P2502,8589138,8592374,12405.293761952073,12570.0,13168.0,ARRIVED,164.7062380479274,598.0,762.7062380479274,
P2503,8591766,8592374,12060.769434375125,14535.60005569458,14547.60001373291,ARRIVED,2474.8306213194555,11.999958038330078,2486.8305793577856,MINIBUS_1
P2504,8591766,8592374,12133.753735339837,12641.0,13168.0,ARRIVED,507.24626466016343,527.0,1034.2462646601634,
P2505,8591766,8592374,12134.50284823901,12641.0,13168.0,ARRIVED,506.49715176099016,527.0,1033.4971517609902,
P2506,8591766,8592374,12189.439852212274,12641.0,13168.0,ARRIVED,451.56014778772624,527.0,978.5601477877262,
P2507,8591766,8592374,12316.048846576849,14925.600051879883,17902.800052642822,ARRIVED,2609.5512053030343,2977.2000007629395,5586.751206065974,MINIBUS_1
P2508,8591766,8592374,12374.512874926542,12641.0,13168.0,ARRIVED,266.4871250734577,527.0,793.4871250734577,
P2509,8591766,8592374,12506.271531642806,17954.399940490723,17958.000030517578,ARRIVED,5448.128408847917,3.6000900268554688,5451.728498874772,MINIBUS_1
P2510,8591766,8592374,12532.800851976821,12641.0,13168.0,ARRIVED,108.19914802317908,527.0,635.1991480231791,
P2511,8587255,8592374,12088.777917793548,12227.0,12423.0,ARRIVED,138.2220822064519,196.0,334.2220822064519,
P2512,8587255,8592374,12112.446792693105,17896.20001220703,17902.800052642822,ARRIVED,5783.7532195139265,6.600040435791016,5790.3532599497175,MINIBUS_1
P2513,8587255,8592374,12139.459889290265,12227.0,12423.0,ARRIVED,87.54011070973502,196.0,283.540110709735,
P2514,8587255,8592374,12238.354221496927,12326.0,12559.0,ARRIVED,87.6457785030725,233.0,320.6457785030725,
P2515,8587255,8592374,12415.514378597289,14338.800052642822,14358.600036621094,ARRIVED,1923.2856740455336,19.799983978271484,1943.085658023805,MINIBUS_1
P2516,8587255,8592374,12469.236092561501,12924.0,13168.0,ARRIVED,454.7639074384988,244.0,698.7639074384988,
P2517,8587255,8592374,12499.11719344278,13285.199951171875,13287.599956512451,ARRIVED,786.0827577290947,2.400005340576172,788.4827630696709,MINIBUS_1
P2518,8589161,8589141,12553.223856920786,12656.0,13217.0,ARRIVED,102.77614307921431,561.0,663.7761430792143,
P2519,8589161,8589152,12334.617850498602,12656.0,13172.0,ARRIVED,321.3821495013981,516.0,837.3821495013981,
P2520,8589161,8589152,12448.857014002997,14358.599964141846,14359.200016021729,ARRIVED,1909.7429501388488,0.6000518798828125,1910.3430020187316,MINIBUS_1
P2521,8589161,8589138,12222.162087990342,12656.0,13103.0,ARRIVED,433.8379120096579,447.0,880.8379120096579,
P2522,8589161,8587255,12327.139701863287,12372.0,12504.0,ARRIVED,44.86029813671303,132.0,176.86029813671303,
P2523,8589161,8589131,12417.184624296464,13061.0,13750.0,ARRIVED,643.8153757035361,689.0,1332.8153757035361,
P2524,8589161,8504622,12149.973437558956,12656.0,13056.0,ARRIVED,506.026562441044,400.0,906.026562441044,
P2525,8589161,8504622,12467.056156725543,12656.0,13056.0,ARRIVED,188.94384327445732,400.0,588.9438432744573,
P2526,8589161,8589271,12338.998293995517,12656.0,13269.0,ARRIVED,317.0017060044829,613.0,930.0017060044829,
P2527,8589161,8589271,12445.790339851335,12656.0,13269.0,ARRIVED,210.20966014866463,613.0,823.2096601486646,
P2528,8589161,8592375,12141.061160964353,12444.0,13389.0,ARRIVED,302.9388390356471,945.0,1247.938839035647,
P2529,8589161,8592377,12204.29007510112,12444.0,13251.0,ARRIVED,239.70992489887976,807.0,1046.7099248988798,
P2530,8589161,8589270,12380.772188024248,13225.0,13642.0,ARRIVED,844.227811975752,417.0,1261.227811975752,
P2531,8589161,8589158,12130.490267011337,12372.0,12910.0,ARRIVED,241.50973298866302,538.0,779.509732988663,
P2532,8589161,8589158,12153.581998735646,12372.0,12910.0,ARRIVED,218.41800126435373,538.0,756.4180012643537,
P2533,8589161,8589158,12232.135075074262,12372.0,12910.0,ARRIVED,139.8649249257378,538.0,677.8649249257378,
P2534,8589161,8589158,12249.537109157674,12372.0,12910.0,ARRIVED,122.46289084232558,538.0,660.4628908423256,
P2535,8589161,8589158,12412.101814159647,13225.0,13754.0,ARRIVED,812.8981858403531,529.0,1341.898185840353,
P2536,8589161,8589158,12510.796785207602,13225.0,13754.0,ARRIVED,714.2032147923983,529.0,1243.2032147923983,
P2537,8592374,8589141,12031.13308835649,12455.0,13217.0,ARRIVED,423.8669116435103,762.0,1185.8669116435103,
P2538,8592374,8589141,12053.608586812174,13438.800006866455,13466.40001296997,ARRIVED,1385.1914200542815,27.600006103515625,1412.791426157797,MINIBUS_1
P2539,8592374,8589141,12118.788011268845,12455.0,13217.0,ARRIVED,336.21198873115463,762.0,1098.2119887311546,
P2540,8592374,8589141,12445.242019402796,12455.0,13217.0,ARRIVED,9.757980597203641,762.0,771.7579805972036,
P2541,8592374,8589152,12090.478848765235,12455.0,13172.0,ARRIVED,364.52115123476506,717.0,1081.521151234765,
P2542,8592374,8589152,12211.862566238007,17958.000030517578,17965.8000831604,ARRIVED,5746.137464279571,7.800052642822266,5753.937516922393,MINIBUS_1
P2543,8592374,8589152,12226.524481069444,14358.600036621094,14386.800010681152,ARRIVED,2132.07555555165,28.199974060058594,2160.2755296117084,MINIBUS_1
P2544,8592374,8589138,12274.45860957457,12455.0,13103.0,ARRIVED,180.5413904254292,648.0,828.5413904254292,
P2545,8592374,8589138,12358.468111135226,12455.0,13103.0,ARRIVED,96.53188886477437,648.0,744.5318888647744,
P2546,8592374,8589138,12578.824746765189,14758.799964904785,14806.799987792969,ARRIVED,2179.975218139596,48.000022888183594,2227.9752410277797,MINIBUS_1
P2547,8592374,8587255,12562.767083419934,13096.0,13339.0,ARRIVED,533.2329165800656,243.0,776.2329165800656,
P2548,8592374,8587255,12594.785635373015,13096.0,13339.0,ARRIVED,501.2143646269851,243.0,744.2143646269851,
P2549,8592374,8589130,12046.93994278377,12633.599975585938,12659.400024414062,ARRIVED,586.6600328021668,25.800048828125,612.4600816302918,MINIBUS_1
P2550,8592374,8589130,12257.655621833768,12423.0,13457.0,ARRIVED,165.34437816623176,1034.0,1199.3443781662318,
P2551,8592374,8589130,12507.619426865522,13168.0,13947.0,ARRIVED,660.3805731344783,779.0,1439.3805731344783,
P2552,8592374,8589131,12238.303156921003,12423.0,13204.0,ARRIVED,184.6968430789966,781.0,965.6968430789966,
P2553,8592374,8588344,12013.648336494927,12019.0,12610.0,ARRIVED,5.351663505072793,591.0,596.3516635050728,
P2554,8592374,8588344,12080.622308798564,12423.0,13151.0,ARRIVED,342.3776912014364,728.0,1070.3776912014364,
P2555,8592374,8588344,12128.189196061132,12423.0,13151.0,ARRIVED,294.81080393886805,728.0,1022.810803938868,
P2556,8592374,8577786,12061.66205381654,12423.0,13013.0,ARRIVED,361.3379461834593,590.0,951.3379461834593,
P2557,8592374,8577786,12226.544182126907,12684.0,12794.399959564209,ARRIVED,457.4558178730931,110.39995956420898,567.8557774373021,MINIBUS_1
P2558,8592374,8577786,12370.832988938178,12684.0,12794.399959564209,ARRIVED,313.16701106182154,110.39995956420898,423.5669706260305,MINIBUS_1
P2559,8592374,8577786,12400.628023080151,12423.0,13013.0,ARRIVED,22.37197691984875,590.0,612.3719769198487,
P2560,8592374,8577786,12434.767880094276,13168.0,13586.0,ARRIVED,733.2321199057242,418.0,1151.2321199057242,
P2561,8592374,8577786,12476.054099630424,13682.400009155273,14054.400009155273,ARRIVED,1206.345909524849,372.0,1578.345909524849,MINIBUS_2
P2562,8592374,8577786,12542.247246940691,13168.0,13586.0,ARRIVED,625.7527530593088,418.0,1043.7527530593088,
P2563,8592374,8577786,12575.621940778783,13682.400009155273,14054.400009155273,ARRIVED,1106.7780683764904,372.0,1478.7780683764904,MINIBUS_2
P2564,8592374,8577786,12578.102833213445,13168.0,13586.0,ARRIVED,589.8971667865553,418.0,1007.8971667865553,
P2565,8592374,8577785,12561.664109041656,13168.0,13516.0,ARRIVED,606.335890958344,348.0,954.335890958344,
P2566,8592374,8504622,12041.325569521738,12455.0,13056.0,ARRIVED,413.67443047826237,601.0,1014.6744304782624,
P2567,8592374,8504622,12042.037277442336,12455.0,13056.0,ARRIVED,412.96272255766416,601.0,1013.9627225576642,
P2568,8592374,8504622,12156.05907656631,13426.799953460693,13438.200012207031,ARRIVED,1270.7408768943842,11.40005874633789,1282.140935640722,MINIBUS_1
P2569,8592374,8504622,12330.607692533693,12455.0,13056.0,ARRIVED,124.3923074663071,601.0,725.3923074663071,
P2570,8592374,8504622,12346.461355983698,12633.599975585938,12649.199951171875,ARRIVED,287.1386196022395,15.5999755859375,302.738595188177,MINIBUS_1
P2571,8592374,8504622,12363.856982271169,12455.0,13056.0,ARRIVED,91.14301772883118,601.0,692.1430177288312,
P2572,8592374,8504622,12519.96140780103,14248.200012207031,14250.000019073486,ARRIVED,1728.2386044060004,1.8000068664550781,1730.0386112724555,MINIBUS_1
P2573,8592374,8589271,12005.73724167545,12455.0,13269.0,ARRIVED,449.2627583245503,814.0,1263.2627583245503,
P2574,8592374,8589271,12127.52588375292,12455.0,13269.0,ARRIVED,327.47411624708,814.0,1141.47411624708,
P2575,8592374,8589271,12173.712930010393,12455.0,13269.0,ARRIVED,281.2870699896066,814.0,1095.2870699896066,
P2576,8592374,8589271,12231.214669187904,12455.0,13269.0,ARRIVED,223.7853308120957,814.0,1037.7853308120957,
P2577,8592374,8589271,12414.778271085232,12455.0,13269.0,ARRIVED,40.22172891476839,814.0,854.2217289147684,
P2578,8592374,8592375,12127.855036832609,12857.400024414062,12913.799987792969,ARRIVED,729.5449875814538,56.39996337890625,785.9449509603601,MINIBUS_1
P2579,8592374,8592378,12260.827608899544,12857.400024414062,13005.599990844727,ARRIVED,596.5724155145181,148.19996643066406,744.7723819451821,MINIBUS_1
P2580,8592374,8592377,12110.235117099615,12559.0,13251.0,ARRIVED,448.7648829003847,692.0,1140.7648829003847,
P2581,8592374,8592377,12489.936447162161,13682.400009155273,13717.800003051758,ARRIVED,1192.4635619931123,35.399993896484375,1227.8635558895967,MINIBUS_2
P2582,8592374,8589270,12015.246005169409,14926.20000076294,14941.200004577637,ARRIVED,2910.9539955935306,15.000003814697266,2925.953999408228,MINIBUS_1
P2583,8592374,8589270,12474.681079167083,13096.0,13642.0,ARRIVED,621.3189208329168,546.0,1167.3189208329168,
P2584,8592374,8589158,12130.575737698367,12255.0,12910.0,ARRIVED,124.42426230163255,655.0,779.4242623016326,
P2585,8592374,8589158,12149.266019541557,12255.0,12910.0,ARRIVED,105.7339804584426,655.0,760.7339804584426,
P2586,8592374,8589158,12285.546626559002,13096.0,13754.0,ARRIVED,810.4533734409979,658.0,1468.453373440998,
P2587,8592374,8589158,12443.713737597496,13096.0,13754.0,ARRIVED,652.2862624025038,658.0,1310.2862624025038,
P2588,8592374,8589158,12472.154931165407,14758.799964904785,14797.200004577637,ARRIVED,2286.645033739378,38.40003967285156,2325.0450734122296,MINIBUS_1
P2589,8589130,8592374,12012.786521946035,12913.0,13764.0,ARRIVED,900.2134780539654,851.0,1751.2134780539654,
P2590,8589130,8592374,12053.38956304547,12913.0,13764.0,ARRIVED,859.6104369545301,851.0,1710.61043695453,
P2591,8589130,8592374,12246.210594037815,12913.0,13764.0,ARRIVED,666.7894059621849,851.0,1517.789405962185,
P2592,8589130,8592374,12460.593703101395,13030.199996948242,13682.400009155273,ARRIVED,569.6062938468476,652.2000122070312,1221.8063060538789,MINIBUS_2
P2593,8589131,8592374,12004.278688430348,12500.0,13218.0,ARRIVED,495.72131156965224,718.0,1213.7213115696522,
P2594,8588344,8592374,12003.258051169634,12552.599998474121,12607.800052642822,ARRIVED,549.3419473044869,55.20005416870117,604.5420014731881,MINIBUS_1
P2595,8588344,8592374,12014.285883879254,12552.599998474121,12607.800052642822,ARRIVED,538.3141145948666,55.20005416870117,593.5141687635678,MINIBUS_1
P2596,8588344,8592374,12015.294001634673,12663.00002670288,13055.399990081787,ARRIVED,647.706025068208,392.39996337890625,1040.1059884471142,MINIBUS_1
P2597,8588344,8592374,12075.057622067128,12572.0,13218.0,ARRIVED,496.94237793287175,646.0,1142.9423779328718,
P2598,8588344,8592374,12267.35620361031,12572.0,13218.0,ARRIVED,304.64379638968967,646.0,950.6437963896897,
P2599,8588344,8592374,12345.674499795223,12572.0,13218.0,ARRIVED,226.3255002047772,646.0,872.3255002047772,
P2600,8588344,8592374,12469.222518578645,12572.0,13218.0,ARRIVED,102.77748142135533,646.0,748.7774814213553,
P2601,8588344,8592374,12470.177531993168,12572.0,13218.0,ARRIVED,101.82246800683242,646.0,747.8224680068324,
P2602,8588344,8592374,12525.957497854008,13228.199996948242,13682.400009155273,ARRIVED,702.2424990942345,454.20001220703125,1156.4425113012658,MINIBUS_2
P2603,8588344,8592374,12569.913011039389,13228.199996948242,13682.400009155273,ARRIVED,658.2869859088532,454.20001220703125,1112.4869981158845,MINIBUS_2
P2604,8577786,8592374,12012.492216741834,12045.0,12455.0,ARRIVED,32.507783258166455,410.0,442.50778325816646,
P2605,8577786,8592374,12204.724179313896,12708.0,13218.0,ARRIVED,503.27582068610354,510.0,1013.2758206861035,
P2606,8577786,8592374,12321.32565652526,12708.0,13218.0,ARRIVED,386.67434347474045,510.0,896.6743434747405,
P2607,8577786,8592374,12562.792892092219,13054.200012207031,13055.399990081787,ARRIVED,491.40712011481264,1.1999778747558594,492.6070979895685,MINIBUS_1
P2608,8577785,8592374,12016.179170719559,13096.20000076294,13126.20000076294,ARRIVED,1080.0208300433806,30.0,1110.0208300433806,MINIBUS_1
P2609,8577785,8592374,12120.664606032271,13096.20000076294,13126.20000076294,ARRIVED,975.5353947306685,30.0,1005.5353947306685,MINIBUS_1
P2610,8577785,8592374,12139.585491472095,12192.0,12590.0,ARRIVED,52.41450852790513,398.0,450.4145085279051,
P2611,8577785,8592374,12345.466721676286,12729.0,13096.0,ARRIVED,383.5332783237136,367.0,750.5332783237136,
P2612,8577785,8592374,12440.429820718417,12729.0,13096.0,ARRIVED,288.5701792815835,367.0,655.5701792815835,
P2613,8577785,8592374,12457.532841216924,12729.0,13096.0,ARRIVED,271.46715878307623,367.0,638.4671587830762,
P2614,8592375,8592374,12365.284815312347,13411.0,14149.0,ARRIVED,1045.7151846876532,738.0,1783.7151846876532,
P2615,8592375,8592374,12403.130900257089,13411.0,14149.0,ARRIVED,1007.8690997429112,738.0,1745.8690997429112,
P2616,8592378,8592374,12145.978192967628,13788.599998474121,13855.800018310547,ARRIVED,1642.6218055064928,67.20001983642578,1709.8218253429186,MINIBUS_1
P2617,8592377,8592374,12212.846418470659,12584.0,13096.0,ARRIVED,371.15358152934095,512.0,883.153581529341,
P2618,8589158,8592374,12087.11165098003,12830.0,13338.0,ARRIVED,742.8883490199696,508.0,1250.8883490199696,
P2619,8589158,8592374,12162.972942310209,14797.200004577637,14926.20000076294,ARRIVED,2634.2270622674278,128.99999618530273,2763.2270584527305,MINIBUS_1
P2620,8589158,8592374,12338.009722463063,12830.0,13338.0,ARRIVED,491.99027753693736,508.0,999.9902775369374,
P2621,8589158,8592374,12355.772964152724,12830.0,13338.0,ARRIVED,474.22703584727606,508.0,982.227035847276,
P2622,8589158,8592374,12454.732541502814,12830.0,13338.0,ARRIVED,375.26745849718645,508.0,883.2674584971865,
P2623,8589158,8592374,12553.507986030194,12830.0,13338.0,ARRIVED,276.49201396980607,508.0,784.4920139698061,
P2624,8589158,8592374,12565.22446795211,12830.0,13338.0,ARRIVED,264.77553204789,508.0,772.77553204789,
P2625,8589141,8589161,12729.500207312156,13020.0,13587.0,ARRIVED,290.4997926878441,567.0,857.4997926878441,
P2626,8589141,8589161,12738.105754505035,14255.999977111816,14313.000015258789,ARRIVED,1517.894222606781,57.000038146972656,1574.8942607537538,MINIBUS_1
P2627,8589141,8589161,12748.934630953387,16273.800064086914,16275.599979400635,ARRIVED,3524.8654331335274,1.7999153137207031,3526.665348447248,MINIBUS_1
P2628,8589141,8589161,12783.50976834744,13020.0,13587.0,ARRIVED,236.4902316525604,567.0,803.4902316525604,
P2629,8589141,8589161,12789.0113759148,13020.0,13587.0,ARRIVED,230.98862408519926,567.0,797.9886240851993,
P2630,8589141,8589161,13015.686928201338,13020.0,13587.0,ARRIVED,4.3130717986623495,567.0,571.3130717986623,
P2631,8589152,8589161,12636.56189737944,14583.000011444092,14632.20002746582,ARRIVED,1946.438114064651,49.200016021728516,1995.6381300863795,MINIBUS_1
P2632,8589152,8589161,13088.654387119674,14270.0,14729.0,ARRIVED,1181.3456128803264,459.0,1640.3456128803264,
P2633,8589152,8589161,13130.69575217321,13954.20002746582,14187.60001373291,ARRIVED,823.504275292611,233.39998626708984,1056.904261559701,MINIBUS_1
P2634,8589138,8592374,12671.579712527715,13136.0,13732.0,ARRIVED,464.42028747228505,596.0,1060.420287472285,
P2635,8589138,8592374,12788.005766067929,13136.0,13732.0,ARRIVED,347.99423393207144,596.0,943.9942339320714,
P2636,8589138,8592374,12861.485721949111,13136.0,13732.0,ARRIVED,274.5142780508886,596.0,870.5142780508886,
P2637,8589138,8592374,13029.308126461648,13136.0,13732.0,ARRIVED,106.6918735383515,596.0,702.6918735383515,
P2638,8589138,8592374,13160.120354365228,14340.0,14835.0,ARRIVED,1179.8796456347718,495.0,1674.8796456347718,
P2639,8591766,8592374,12605.7551096948,12641.0,13168.0,ARRIVED,35.2448903052009,527.0,562.2448903052009,
P2640,8591766,8592374,12621.091369317995,12641.0,13168.0,ARRIVED,19.908630682004514,527.0,546.9086306820045,
P2641,8591766,8592374,12626.518604572508,14227.800018310547,14248.200012207031,ARRIVED,1601.2814137380392,20.399993896484375,1621.6814076345236,MINIBUS_1
P2642,8591766,8592374,12724.82610050684,12925.0,13338.0,ARRIVED,200.1738994931602,413.0,613.1738994931602,
P2643,8591766,8592374,12730.431220817754,14591.399974822998,14758.799964904785,ARRIVED,1860.9687540052437,167.3999900817871,2028.3687440870308,MINIBUS_1
P2644,8591766,8592374,12911.488598599153,12925.0,13338.0,ARRIVED,13.511401400846808,413.0,426.5114014008468,
P2645,8591766,8592374,12983.220011022791,13225.0,13732.0,ARRIVED,241.77998897720863,507.0,748.7799889772086,
P2646,8591766,8592374,13058.087612047073,13225.0,13732.0,ARRIVED,166.91238795292702,507.0,673.912387952927,
P2647,8591766,8592374,13140.548713586879,13225.0,13732.0,ARRIVED,84.45128641312112,507.0,591.4512864131211,
P2648,8591766,8592374,13159.279756397995,14199.0,14200.199966430664,ARRIVED,1039.7202436020052,1.1999664306640625,1040.9202100326693,MINIBUS_1
P2649,8591766,8592374,13181.30581539169,13225.0,13732.0,ARRIVED,43.694184608310024,507.0,550.69418460831,
P2650,8587255,8592374,12690.016253286673,12924.0,13168.0,ARRIVED,233.9837467133275,244.0,477.9837467133275,
P2651,8587255,8592374,12713.603396097047,12924.0,13168.0,ARRIVED,210.39660390295285,244.0,454.39660390295285,
P2652,8587255,8592374,12725.970750467955,12924.0,13168.0,ARRIVED,198.02924953204456,244.0,442.02924953204456,
P2653,8587255,8592374,13077.01692259621,13137.0,13338.0,ARRIVED,59.98307740378914,201.0,260.98307740378914,
P2654,8587255,8592374,13079.23962408181,13137.0,13338.0,ARRIVED,57.76037591818931,201.0,258.7603759181893,
P2655,8589161,8589152,12776.351491825095,16246.200012207031,16252.200012207031,ARRIVED,3469.8485203819364,6.0,3475.8485203819364,MINIBUS_1
P2656,8589161,8589152,12849.22671044327,14187.60001373291,14218.199977874756,ARRIVED,1338.3733032896398,30.599964141845703,1368.9732674314855,MINIBUS_1
P2657,8589161,8589152,12927.921375532957,13335.0,13943.0,ARRIVED,407.0786244670435,608.0,1015.0786244670435,
P2658,8589161,8589138,13114.738909702322,13335.0,13848.0,ARRIVED,220.26109029767758,513.0,733.2610902976776,
P2659,8589161,8589131,13188.70980919945,14729.0,15461.0,ARRIVED,1540.2901908005497,732.0,2272.2901908005497,
P2660,8589161,8577786,12739.48843901066,13061.0,13586.0,ARRIVED,321.51156098934007,525.0,846.5115609893401,
P2661,8589161,8504622,12658.711079930421,13335.0,13781.0,ARRIVED,676.288920069579,446.0,1122.288920069579,
P2662,8589161,8504622,12677.532715330759,13335.0,13781.0,ARRIVED,657.467284669241,446.0,1103.467284669241,
P2663,8589161,8504622,12981.274328775082,14187.60001373291,14194.799976348877,ARRIVED,1206.3256849578283,7.199962615966797,1213.5256475737951,MINIBUS_1
P2664,8589161,8504622,13110.035597355183,13506.60001373291,13530.600036621094,ARRIVED,396.56441637772696,24.000022888183594,420.56443926591055,MINIBUS_1
P2665,8589161,8589271,13125.275550308354,13335.0,14065.0,ARRIVED,209.72444969164644,730.0,939.7244496916464,
P2666,8589161,8589271,13172.661147741423,13335.0,14065.0,ARRIVED,162.3388522585774,730.0,892.3388522585774,
P2667,8589161,8592375,12749.57866444204,13239.0,13928.0,ARRIVED,489.42133555795954,689.0,1178.4213355579595,
P2668,8589161,8592375,12955.229071148737,13239.0,13928.0,ARRIVED,283.7709288512633,689.0,972.7709288512633,
P2669,8589161,8592377,12626.291427682956,13657.800003051758,13717.800003051758,ARRIVED,1031.5085753688018,60.0,1091.5085753688018,MINIBUS_2
P2670,8589161,8592377,12969.392505413469,13239.0,13822.0,ARRIVED,269.6074945865312,583.0,852.6074945865312,
P2671,8589161,8592377,13035.198257541697,14632.20002746582,14635.200012207031,ARRIVED,1597.0017699241234,2.9999847412109375,1600.0017546653344,MINIBUS_1
P2672,8589161,8589270,12815.937733952684,13225.0,13642.0,ARRIVED,409.06226604731637,417.0,826.0622660473164,
P2673,8589161,8589158,12870.902919321332,13225.0,13754.0,ARRIVED,354.09708067866814,529.0,883.0970806786681,
P2674,8589161,8589158,12898.659948106648,13225.0,13754.0,ARRIVED,326.3400518933522,529.0,855.3400518933522,
P2675,8589161,8589158,12974.755964328888,13225.0,13754.0,ARRIVED,250.24403567111221,529.0,779.2440356711122,
P2676,8589161,8589158,13052.651325417935,14986.800025939941,15050.399993896484,ARRIVED,1934.148700522006,63.59996795654297,1997.748668478549,MINIBUS_1
P2677,8589161,8589158,13080.014601843672,13225.0,13754.0,ARRIVED,144.9853981563283,529.0,673.9853981563283,
P2678,8592374,8589141,12753.545272047713,13218.0,13995.0,ARRIVED,464.4547279522867,777.0,1241.4547279522867,
P2679,8592374,8589141,12779.944330878847,13218.0,13995.0,ARRIVED,438.0556691211532,777.0,1215.0556691211532,
P2680,8592374,8589141,12837.05003119282,13218.0,13995.0,ARRIVED,380.9499688071792,777.0,1157.9499688071792,
P2681,8592374,8589141,12851.028959662837,13218.0,13995.0,ARRIVED,366.9710403371628,777.0,1143.9710403371628,
P2682,8592374,8589141,12974.706070553299,13218.0,13995.0,ARRIVED,243.29392944670144,777.0,1020.2939294467014,
P2683,8592374,8589141,12990.880268715086,14200.199966430664,14215.799976348877,ARRIVED,1209.3196977155785,15.60000991821289,1224.9197076337914,MINIBUS_1
P2684,8592374,8589152,12852.872155738594,13218.0,13943.0,ARRIVED,365.1278442614057,725.0,1090.1278442614057,
P2685,8592374,8589152,12935.32006878677,13242.599990844727,13252.799976348877,ARRIVED,307.27992205795636,10.19998550415039,317.47990756210675,MINIBUS_1
P2686,8592374,8589152,13079.334605023425,13218.0,13943.0,ARRIVED,138.66539497657504,725.0,863.665394976575,
P2687,8592374,8589138,12801.914726057576,13218.0,13848.0,ARRIVED,416.08527394242446,630.0,1046.0852739424245,
P2688,8592374,8589138,12849.85576864792,13218.0,13848.0,ARRIVED,368.14423135208017,630.0,998.1442313520802,
P2689,8592374,8589138,12968.84241709312,13218.0,13848.0,ARRIVED,249.15758290688063,630.0,879.1575829068806,
P2690,8592374,8587255,12772.237186379596,13096.0,13339.0,ARRIVED,323.7628136204039,243.0,566.7628136204039,
P2691,8592374,8587255,12947.552848188065,13398.0,13585.800003051758,ARRIVED,450.4471518119353,187.8000030517578,638.2471548636931,MINIBUS_2
P2692,8592374,8589130,12974.010351794723,13168.0,13947.0,ARRIVED,193.98964820527726,779.0,972.9896482052773,
P2693,8592374,8589131,12624.913426448238,13168.0,13750.0,ARRIVED,543.0865735517618,582.0,1125.0865735517618,
P2694,8592374,8589131,12821.298121398293,13168.0,13750.0,ARRIVED,346.701878601707,582.0,928.701878601707,
P2695,8592374,8589131,13158.556917733316,14687.400024414062,14738.399978637695,ARRIVED,1528.8431066807461,50.99995422363281,1579.843060904379,MINIBUS_1
P2696,8592374,8588344,12755.537303968817,13168.0,13692.0,ARRIVED,412.46269603118344,524.0,936.4626960311834,
P2697,8592374,8588344,12785.948366480092,13168.0,13692.0,ARRIVED,382.05163351990814,524.0,906.0516335199081,
P2698,8592374,8588344,13052.052231794494,13168.0,13692.0,ARRIVED,115.94776820550578,524.0,639.9477682055058,
P2699,8592374,8577786,12611.25915745213,13168.0,13586.0,ARRIVED,556.7408425478698,418.0,974.7408425478698,
P2700,8592374,8577786,12689.167449712942,13168.0,13586.0,ARRIVED,478.83255028705753,418.0,896.8325502870575,
P2701,8592374,8577786,12713.059091314928,13168.0,13586.0,ARRIVED,454.9409086850719,418.0,872.9409086850719,
P2702,8592374,8577786,12764.521597391602,13168.0,13586.0,ARRIVED,403.478402608398,418.0,821.478402608398,
P2703,8592374,8577786,12766.802416334684,13682.400009155273,14054.400009155273,ARRIVED,915.5975928205899,372.0,1287.5975928205899,MINIBUS_2
P2704,8592374,8577786,12830.724356887624,13782.600006103516,14054.400009155273,ARRIVED,951.8756492158918,271.8000030517578,1223.6756522676496,MINIBUS_2
P2705,8592374,8577786,12930.503628931663,13168.0,13586.0,ARRIVED,237.49637106833688,418.0,655.4963710683369,
P2706,8592374,8577786,13051.314395205047,13782.600006103516,14054.400009155273,ARRIVED,731.2856108984688,271.8000030517578,1003.0856139502266,MINIBUS_2
P2707,8592374,8577786,13187.45544167934,13732.0,14149.0,ARRIVED,544.5445583206601,417.0,961.5445583206601,
P2708,8592374,8577785,12640.443572223046,13168.0,13516.0,ARRIVED,527.5564277769536,348.0,875.5564277769536,
P2709,8592374,8577785,12661.840414035187,13682.400009155273,13687.800003051758,ARRIVED,1020.5595951200867,5.399993896484375,1025.959589016571,MINIBUS_2
P2710,8592374,8577785,12979.743868384257,13168.0,13516.0,ARRIVED,188.25613161574256,348.0,536.2561316157426,
P2711,8592374,8577785,13008.132057935407,13168.0,13516.0,ARRIVED,159.86794206459308,348.0,507.8679420645931,
P2712,8592374,8504622,12784.85725765198,13218.0,13781.0,ARRIVED,433.14274234801996,563.0,996.14274234802,
P2713,8592374,8504622,12854.34745075334,13218.0,13781.0,ARRIVED,363.6525492466608,563.0,926.6525492466608,
P2714,8592374,8589271,12612.806250450425,13218.0,14065.0,ARRIVED,605.1937495495749,847.0,1452.193749549575,
P2715,8592374,8589271,12657.939275390847,13218.0,14065.0,ARRIVED,560.0607246091531,847.0,1407.060724609153,
P2716,8592374,8589271,12785.030666439365,13218.0,14065.0,ARRIVED,432.9693335606353,847.0,1279.9693335606353,
P2717,8592374,8589271,12838.879848531433,13218.0,14065.0,ARRIVED,379.1201514685672,847.0,1226.1201514685672,
P2718,8592374,8589271,13168.414444199818,15475.200012207031,16773.599975585938,ARRIVED,2306.7855680072134,1298.3999633789062,3605.1855313861197,MINIBUS_2
P2719,8592374,8589271,13176.899267058043,15475.200012207031,16773.599975585938,ARRIVED,2298.3007451489884,1298.3999633789062,3596.7007085278947,MINIBUS_2
P2720,8592374,8592375,12823.42828681297,13338.0,13928.0,ARRIVED,514.5717131870297,590.0,1104.5717131870297,
P2721,8592374,8592375,13087.840095887126,13963.200012207031,13977.000019073486,ARRIVED,875.3599163199051,13.800006866455078,889.1599231863602,MINIBUS_1
P2722,8592374,8592375,13161.656521430963,14038.800003051758,14113.800010681152,ARRIVED,877.1434816207948,75.00000762939453,952.1434892501893,MINIBUS_1
P2723,8592374,8592377,12636.140319376858,13338.0,13822.0,ARRIVED,701.8596806231417,484.0,1185.8596806231417,
P2724,8592374,8592377,12928.42367611795,13782.600006103516,13945.800003051758,ARRIVED,854.1763299855647,163.1999969482422,1017.3763269338069,MINIBUS_2
P2725,8592374,8592377,13066.262661766239,13338.0,13822.0,ARRIVED,271.73733823376097,484.0,755.737338233761,
P2726,8592374,8589270,12808.398600429837,13096.0,13642.0,ARRIVED,287.60139957016327,546.0,833.6013995701633,
P2727,8592374,8589270,12847.161481371688,13096.0,13642.0,ARRIVED,248.83851862831216,546.0,794.8385186283122,
P2728,8592374,8589270,12987.363618484966,13096.0,13642.0,ARRIVED,108.63638151503437,546.0,654.6363815150344,
P2729,8592374,8589158,12647.153211727335,13209.600040435791,13234.800010681152,ARRIVED,562.4468287084565,25.199970245361328,587.6467989538178,MINIBUS_1
P2730,8592374,8589158,12930.396810084181,13096.0,13754.0,ARRIVED,165.6031899158188,658.0,823.6031899158188,
P2731,8592374,8589158,12980.55286057511,13096.0,13754.0,ARRIVED,115.44713942489034,658.0,773.4471394248903,
P2732,8592374,8589158,12993.39179925187,13096.0,13754.0,ARRIVED,102.6082007481291,658.0,760.6082007481291,
P2733,8592374,8589158,13034.505966924498,13096.0,13754.0,ARRIVED,61.49403307550165,658.0,719.4940330755016,
P2734,8589130,8592374,12696.313006464972,12913.0,13764.0,ARRIVED,216.6869935350278,851.0,1067.6869935350278,
P2735,8589131,8592374,13132.685111628212,13656.0,14239.0,ARRIVED,523.3148883717877,583.0,1106.3148883717877,
P2736,8588344,8592374,12606.209202014006,13228.199996948242,13682.400009155273,ARRIVED,621.990794934236,454.20001220703125,1076.1908071412672,MINIBUS_2
P2737,8588344,8592374,12698.30762404372,13143.0,13764.0,ARRIVED,444.69237595627965,621.0,1065.6923759562796,
P2738,8588344,8592374,12724.968898033401,13143.0,13764.0,ARRIVED,418.0311019665987,621.0,1039.0311019665987,
P2739,8588344,8592374,12834.07647131684,13228.199996948242,13682.400009155273,ARRIVED,394.123525631403,454.20001220703125,848.3235378384343,MINIBUS_2
P2740,8588344,8592374,12875.831513230822,13143.0,13764.0,ARRIVED,267.16848676917834,621.0,888.1684867691783,
P2741,8588344,8592374,12923.267690306693,13228.199996948242,13398.0,ARRIVED,304.9323066415491,169.8000030517578,474.7323096933069,MINIBUS_2
P2742,8588344,8592374,13030.744115203872,13143.0,13764.0,ARRIVED,112.25588479612816,621.0,733.2558847961282,
P2743,8588344,8592374,13065.162324022307,13143.0,13764.0,ARRIVED,77.83767597769292,621.0,698.8376759776929,
P2744,8588344,8592374,13106.97794618018,14752.800033569336,14758.799964904785,ARRIVED,1645.822087389155,5.999931335449219,1651.8220187246043,MINIBUS_1
P2745,8588344,8592374,13140.685818324599,13143.0,13764.0,ARRIVED,2.3141816754014144,621.0,623.3141816754014,
P2746,8588344,8592374,13173.387457922976,14683.200008392334,14687.400024414062,ARRIVED,1509.812550469358,4.200016021728516,1514.0125664910865,MINIBUS_1
P2747,8577786,8592374,12875.738737254936,13246.0,13764.0,ARRIVED,370.2612627450635,518.0,888.2612627450635,
P2748,8577786,8592374,12950.581058556048,13746.0,13782.600006103516,ARRIVED,795.4189414439516,36.600006103515625,832.0189475474672,MINIBUS_2
P2749,8577786,8592374,13074.393178194909,13246.0,13764.0,ARRIVED,171.60682180509139,518.0,689.6068218050914,
P2750,8577785,8592374,12631.394315773427,12729.0,13096.0,ARRIVED,97.60568422657343,367.0,464.60568422657343,
P2751,8577785,8592374,12663.90125811067,12729.0,13096.0,ARRIVED,65.09874188932918,367.0,432.0987418893292,
P2752,8577785,8592374,12934.826040442402,13337.0,13764.0,ARRIVED,402.1739595575982,427.0,829.1739595575982,
P2753,8577785,8592374,13063.392990943392,13337.0,13764.0,ARRIVED,273.60700905660815,427.0,700.6070090566081,
P2754,8577785,8592374,13149.47544217266,13337.0,13764.0,ARRIVED,187.5245578273407,427.0,614.5245578273407,
P2755,8592375,8592374,12614.868621371466,13411.0,14149.0,ARRIVED,796.1313786285336,738.0,1534.1313786285336,
P2756,8592375,8592374,13096.17071702718,13411.0,14149.0,ARRIVED,314.8292829728198,738.0,1052.8292829728198,
P2757,8592378,8592374,12994.553409299695,13582.0,14149.0,ARRIVED,587.446590700305,567.0,1154.446590700305,
P2758,8592377,8592374,12610.623118894777,13006.800010681152,13055.399990081787,ARRIVED,396.17689178637556,48.599979400634766,444.77687118701033,MINIBUS_1
P2759,8592377,8592374,12637.479625120757,13617.0,14149.0,ARRIVED,979.5203748792428,532.0,1511.5203748792428,
P2760,8592377,8592374,13013.821923549345,13717.800003051758,13782.600006103516,ARRIVED,703.9780795024126,64.80000305175781,768.7780825541704,MINIBUS_2
P2761,8592377,8592374,13079.50079902476,13617.0,14149.0,ARRIVED,537.4992009752405,532.0,1069.4992009752405,
P2762,8592377,8592374,13158.08074136402,13617.0,14149.0,ARRIVED,458.91925863598044,532.0,990.9192586359804,
P2763,8592377,8592374,13164.849463530216,13617.0,14149.0,ARRIVED,452.15053646978413,532.0,984.1505364697841,
P2764,8592377,8592374,13169.635716376028,13717.800003051758,13782.600006103516,ARRIVED,548.1642866757302,64.80000305175781,612.964289727488,MINIBUS_2
P2765,8589158,8592374,12696.549407805898,13234.800010681152,13242.599990844727,ARRIVED,538.2506028752541,7.799980163574219,546.0505830388283,MINIBUS_1
P2766,8589158,8592374,12785.38846741518,12830.0,13338.0,ARRIVED,44.61153258482045,508.0,552.6115325848205,
P2767,8589158,8592374,12820.208033322338,12830.0,13338.0,ARRIVED,9.791966677661549,508.0,517.7919666776615,
P2768,8589158,8592374,12990.897358937826,13816.0,14364.0,ARRIVED,825.1026410621744,548.0,1373.1026410621744,
P2769,8589158,8592374,13013.92326109319,13816.0,14364.0,ARRIVED,802.0767389068096,548.0,1350.0767389068096,
P2770,8589158,8592374,13040.253318383537,13816.0,14364.0,ARRIVED,775.7466816164633,548.0,1323.7466816164633,
P2771,8589158,8592374,13117.441544382755,13816.0,14364.0,ARRIVED,698.5584556172453,548.0,1246.5584556172453,
P2772,8589158,8592374,13159.599586462462,15050.399993896484,15050.400039672852,ARRIVED,1890.8004074340224,4.57763671875e-05,1890.8004532103896,MINIBUS_1
P2773,8589158,8592374,13195.137720442706,13816.0,14364.0,ARRIVED,620.8622795572937,548.0,1168.8622795572937,
P2774,8587356,8592374,13126.301168275899,13648.799976348877,13687.799987792969,ARRIVED,522.4988080729781,39.0000114440918,561.4988195170699,MINIBUS_1
P2775,8589141,8589161,13763.67103462088,14227.0,14729.0,ARRIVED,463.32896537911984,502.0,965.3289653791198,
P2776,8589141,8589161,13787.002953251944,14227.0,14729.0,ARRIVED,439.99704674805616,502.0,941.9970467480562,
P2777,8589152,8589161,13206.544665285961,14270.0,14729.0,ARRIVED,1063.455334714039,459.0,1522.455334714039,
P2778,8589152,8589161,13269.231002852624,14982.600051879883,14986.800025939941,ARRIVED,1713.3690490272584,4.199974060058594,1717.569023087317,MINIBUS_1
P2779,8589152,8589161,13648.298871489453,14270.0,14729.0,ARRIVED,621.7011285105473,459.0,1080.7011285105473,
P2780,8589152,8589161,13704.452286005378,14270.0,14729.0,ARRIVED,565.5477139946215,459.0,1024.5477139946215,
P2781,8589152,8589161,13725.314916508576,14270.0,14729.0,ARRIVED,544.6850834914239,459.0,1003.6850834914239,
P2782,8589138,8592374,13202.50481492477,13937.399963378906,13963.200012207031,ARRIVED,734.8951484541358,25.800048828125,760.6951972822608,MINIBUS_1
P2783,8589138,8592374,13224.648732929669,14340.0,14835.0,ARRIVED,1115.3512670703312,495.0,1610.3512670703312,
P2784,8589138,8592374,13636.727009523087,14438.400009155273,14544.0,ARRIVED,801.6729996321865,105.59999084472656,907.272990476913,MINIBUS_2
P2785,8591766,8592374,13446.67385388202,13925.0,14364.0,ARRIVED,478.3261461179809,439.0,917.3261461179809,
P2786,8591766,8592374,13639.442382555226,13925.0,14364.0,ARRIVED,285.5576174447742,439.0,724.5576174447742,
P2787,8591766,8592374,13754.383131133101,13925.0,14364.0,ARRIVED,170.61686886689859,439.0,609.6168688668986,
P2788,8591766,8592374,13759.75832650096,13925.0,14364.0,ARRIVED,165.2416734990402,439.0,604.2416734990402,
P2789,8587255,8592374,13386.763115817062,13465.0,13732.0,ARRIVED,78.2368841829375,267.0,345.2368841829375,
P2790,8587255,8592374,13547.249029806095,14127.0,14364.0,ARRIVED,579.7509701939052,237.0,816.7509701939052,
P2791,8587255,8592374,13618.274098385491,14127.0,14364.0,ARRIVED,508.725901614509,237.0,745.725901614509,
P2792,8587255,8592374,13644.788148875836,16105.800003051758,16116.0,ARRIVED,2461.011854175922,10.199996948242188,2471.2118511241642,MINIBUS_2
P2793,8589161,8589138,13284.619309850297,13335.0,13848.0,ARRIVED,50.38069014970279,513.0,563.3806901497028,
P2794,8589161,8589138,13412.494374062306,13918.0,14349.0,ARRIVED,505.5056259376943,431.0,936.5056259376943,
P2795,8589161,8589138,13531.494900275904,13918.0,14349.0,ARRIVED,386.505099724096,431.0,817.505099724096,
P2796,8589161,8587255,13303.45506839972,13335.0,13497.0,ARRIVED,31.544931600279597,162.0,193.5449316002796,
P2797,8589161,8587255,13337.947839456681,13918.0,14028.0,ARRIVED,580.0521605433187,110.0,690.0521605433187,
P2798,8589161,8589131,13212.565174290454,14729.0,15461.0,ARRIVED,1516.4348257095462,732.0,2248.434825709546,
P2799,8589161,8577786,13427.354061250222,13587.0,14149.0,ARRIVED,159.645938749778,562.0,721.645938749778,
P2800,8589161,8504622,13402.20712054043,13918.0,14296.0,ARRIVED,515.79287945957,378.0,893.79287945957,
P2801,8589161,8592375,13204.569910969778,13239.0,13928.0,ARRIVED,34.43008903022201,689.0,723.430089030222,
P2802,8589161,8592375,13243.7735267994,14250.0,15011.0,ARRIVED,1006.2264732006006,761.0,1767.2264732006006,
P2803,8589161,8592375,13387.85376449099,14313.000015258789,14318.399974822998,ARRIVED,925.1462507677988,5.399959564208984,930.5462103320078,MINIBUS_1
P2804,8589161,8589270,13508.039304997521,16275.599979400635,16296.599975585938,ARRIVED,2767.560674403114,20.999996185302734,2788.5606705884165,MINIBUS_1
P2805,8589161,8589158,13234.811786167296,14260.0,14827.0,ARRIVED,1025.1882138327037,567.0,1592.1882138327037,
P2806,8589161,8589158,13507.24273651836,14260.0,14827.0,ARRIVED,752.7572634816406,567.0,1319.7572634816406,
P2807,8592374,8589141,13239.099161901715,13764.0,14474.0,ARRIVED,524.900838098285,710.0,1234.900838098285,
P2808,8592374,8589141,13324.455689040604,13764.0,14474.0,ARRIVED,439.54431095939617,710.0,1149.5443109593962,
P2809,8592374,8589141,13335.712157248894,15475.200012207031,16153.799987792969,ARRIVED,2139.487854958137,678.5999755859375,2818.0878305440747,MINIBUS_2
P2810,8592374,8589141,13438.089692270067,13764.0,14474.0,ARRIVED,325.91030772993327,710.0,1035.9103077299333,
P2811,8592374,8589141,13525.430889076404,14329.800018310547,14434.800003051758,ARRIVED,804.3691292341427,104.99998474121094,909.3691139753537,MINIBUS_2
P2812,8592374,8589141,13544.93025592195,14329.800018310547,14434.800003051758,ARRIVED,784.8697623885964,104.99998474121094,889.8697471298074,MINIBUS_2
P2813,8592374,8589141,13617.869624613033,13764.0,14474.0,ARRIVED,146.130375386967,710.0,856.130375386967,
P2814,8592374,8589141,13668.697466017486,14130.0,14134.800018310547,ARRIVED,461.30253398251443,4.800018310546875,466.1025522930613,MINIBUS_2
P2815,8592374,8589141,13760.921309353103,13764.0,14474.0,ARRIVED,3.0786906468965753,710.0,713.0786906468966,
P2816,8592374,8589152,13201.421978665965,13218.0,13943.0,ARRIVED,16.57802133403493,725.0,741.5780213340349,
P2817,8592374,8589152,13439.974779383636,13764.0,14421.0,ARRIVED,324.0252206163641,657.0,981.0252206163641,
P2818,8592374,8589152,13648.028596047954,14130.0,14218.800018310547,ARRIVED,481.9714039520459,88.80001831054688,570.7714222625928,MINIBUS_2
P2819,8592374,8589152,13724.054955011025,13764.0,14421.0,ARRIVED,39.945044988975496,657.0,696.9450449889755,
P2820,8592374,8589152,13733.119711655938,14130.0,14218.800018310547,ARRIVED,396.88028834406214,88.80001831054688,485.680306654609,MINIBUS_2
P2821,8592374,8587255,13245.772723738248,13764.0,14028.0,ARRIVED,518.2272762617522,264.0,782.2272762617522,
P2822,8592374,8587255,13310.915928388862,13764.0,14028.0,ARRIVED,453.0840716111379,264.0,717.0840716111379,
P2823,8592374,8587255,13344.767870788295,13764.0,14028.0,ARRIVED,419.2321292117049,264.0,683.2321292117049,
P2824,8592374,8587255,13488.139892279574,14125.200012207031,14127.0,ARRIVED,637.060119927457,1.79998779296875,638.8601077204257,MINIBUS_1
P2825,8592374,8587255,13516.178388234588,13764.0,14028.0,ARRIVED,247.82161176541194,264.0,511.82161176541194,
P2826,8592374,8587255,13589.571349253867,13764.0,14028.0,ARRIVED,174.42865074613292,264.0,438.4286507461329,
P2827,8592374,8587255,13788.582259439407,14323.800003051758,14338.800052642822,ARRIVED,535.2177436123511,15.000049591064453,550.2177932034156,MINIBUS_1
P2828,8592374,8589130,13281.419001960117,13732.0,14442.0,ARRIVED,450.5809980398826,710.0,1160.5809980398826,
P2829,8592374,8589130,13372.278607401593,13732.0,14442.0,ARRIVED,359.72139259840696,710.0,1069.721392598407,
P2830,8592374,8589130,13509.910204489992,14329.800018310547,15001.800003051758,ARRIVED,819.889813820555,671.9999847412109,1491.889798561766,MINIBUS_2
P2831,8592374,8589130,13510.890536676588,14329.800018310547,15001.800003051758,ARRIVED,818.9094816339584,671.9999847412109,1490.9094663751694,MINIBUS_2
P2832,8592374,8589130,13524.517738933973,13732.0,14442.0,ARRIVED,207.4822610660267,710.0,917.4822610660267,
P2833,8592374,8589131,13220.269702703774,14642.399967193604,14664.000030517578,ARRIVED,1422.1302644898296,21.60006332397461,1443.7303278138043,MINIBUS_1
P2834,8592374,8589131,13526.997827589717,14329.800018310547,15019.200012207031,ARRIVED,802.8021907208295,689.3999938964844,1492.2021846173138,MINIBUS_2
P2835,8592374,8588344,13252.607939576548,13732.0,14228.0,ARRIVED,479.39206042345177,496.0,975.3920604234518,
P2836,8592374,8588344,13329.743912401449,13732.0,14228.0,ARRIVED,402.25608759855095,496.0,898.256087598551,
P2837,8592374,8588344,13469.988058760391,13732.0,14228.0,ARRIVED,262.01194123960886,496.0,758.0119412396089,
P2838,8592374,8577786,13555.710701541744,13732.0,14149.0,ARRIVED,176.28929845825587,417.0,593.2892984582559,
P2839,8592374,8577786,13723.885096567325,13732.0,14149.0,ARRIVED,8.114903432675419,417.0,425.1149034326754,
P2840,8592374,8577786,13735.210472483379,15298.800018310547,15339.000015258789,ARRIVED,1563.589545827168,40.19999694824219,1603.7895427754102,MINIBUS_2
P2841,8592374,8577785,13288.024612263558,13338.0,13738.0,ARRIVED,49.97538773644192,400.0,449.9753877364419,
P2842,8592374,8577785,13394.058246907145,13732.0,14085.0,ARRIVED,337.9417530928549,353.0,690.9417530928549,
P2843,8592374,8577785,13402.457791284554,13986.599964141846,14014.800048828125,ARRIVED,584.1421728572914,28.200084686279297,612.3422575435707,MINIBUS_1
P2844,8592374,8577785,13437.79665485357,13732.0,14085.0,ARRIVED,294.20334514643037,353.0,647.2033451464304,
P2845,8592374,8577785,13698.31274516345,13732.0,14085.0,ARRIVED,33.68725483654998,353.0,386.68725483655,
P2846,8592374,8577785,13799.156233029487,14544.0,14668.200012207031,ARRIVED,744.8437669705127,124.20001220703125,869.0437791775439,MINIBUS_2
P2847,8592374,8504622,13248.453928015684,13687.799987792969,13707.600036621094,ARRIVED,439.3460597772846,19.800048828125,459.1461086054096,MINIBUS_1
P2848,8592374,8504622,13441.142808083858,13764.0,14296.0,ARRIVED,322.85719191614226,532.0,854.8571919161423,
P2849,8592374,8504622,13579.37265059753,13764.0,14296.0,ARRIVED,184.62734940246992,532.0,716.6273494024699,
P2850,8592374,8504622,13611.16140685215,13764.0,14296.0,ARRIVED,152.83859314784968,532.0,684.8385931478497,
P2851,8592374,8504622,13623.661264392485,13764.0,14296.0,ARRIVED,140.33873560751454,532.0,672.3387356075145,
P2852,8592374,8504622,13652.696256745416,16776.599990844727,16776.600051879883,ARRIVED,3123.903734099311,6.103515625e-05,3123.903795134467,MINIBUS_1
P2853,8592374,8589271,13308.911329403569,15475.200012207031,16773.599975585938,ARRIVED,2166.2886828034625,1298.3999633789062,3464.6886461823688,MINIBUS_2
P2854,8592374,8589271,13404.218177912782,15475.200012207031,16773.599975585938,ARRIVED,2070.981834294249,1298.3999633789062,3369.3817976731552,MINIBUS_2
P2855,8592374,8589271,13517.632562563265,16116.0,16773.599975585938,ARRIVED,2598.3674374367347,657.5999755859375,3255.967413022672,MINIBUS_2
P2856,8592374,8589271,13574.601422678057,14130.0,14152.200012207031,ARRIVED,555.3985773219429,22.20001220703125,577.5985895289741,MINIBUS_2
P2857,8592374,8589271,13780.303879285724,14239.0,14952.0,ARRIVED,458.6961207142758,713.0,1171.6961207142758,
P2858,8592374,8592375,13231.036152680126,13338.0,13928.0,ARRIVED,106.96384731987382,590.0,696.9638473198738,
P2859,8592374,8592375,13265.583169348465,13338.0,13928.0,ARRIVED,72.41683065153484,590.0,662.4168306515348,
P2860,8592374,8592375,13458.014170589502,15050.400039672852,15094.199954986572,ARRIVED,1592.3858690833495,43.7999153137207,1636.1857843970702,MINIBUS_1
P2861,8592374,8592378,13384.339138360629,14364.0,14969.0,ARRIVED,979.6608616393714,605.0,1584.6608616393714,
P2862,8592374,8592377,13440.721437992748,14364.0,14896.0,ARRIVED,923.2785620072518,532.0,1455.2785620072518,
P2863,8592374,8592377,13488.183035291495,13865.999965667725,13866.60001373291,ARRIVED,377.8169303762297,0.6000480651855469,378.41697844141527,MINIBUS_1
P2864,8592374,8592377,13494.352622182296,14364.0,14896.0,ARRIVED,869.6473778177042,532.0,1401.6473778177042,
P2865,8592374,8592377,13512.255146358986,14364.0,14896.0,ARRIVED,851.7448536410138,532.0,1383.7448536410138,
P2866,8592374,8592377,13729.550285782707,14544.0,14698.200012207031,ARRIVED,814.4497142172931,154.20001220703125,968.6497264243244,MINIBUS_2
P2867,8592374,8592377,13766.672088424712,14364.0,14896.0,ARRIVED,597.3279115752885,532.0,1129.3279115752885,
P2868,8592374,8589270,13316.091886879263,15475.200012207031,15475.799991607666,ARRIVED,2159.108125327768,0.5999794006347656,2159.7081047284028,MINIBUS_2
P2869,8592374,8589270,13531.539903925119,14149.0,14714.0,ARRIVED,617.4600960748812,565.0,1182.4600960748812,
P2870,8592374,8589270,13551.568406330887,14149.0,14714.0,ARRIVED,597.4315936691128,565.0,1162.4315936691128,
P2871,8592374,8589270,13638.483907957907,14149.0,14714.0,ARRIVED,510.5160920420931,565.0,1075.516092042093,
P2872,8592374,8589270,13749.105571249047,14130.0,14242.800003051758,ARRIVED,380.894428750953,112.80000305175781,493.6944318027108,MINIBUS_2
P2873,8592374,8589158,13342.14434632897,14149.0,14827.0,ARRIVED,806.8556536710294,678.0,1484.8556536710294,
P2874,8592374,8589158,13357.840475705776,14149.0,14827.0,ARRIVED,791.159524294224,678.0,1469.159524294224,
P2875,8592374,8589158,13495.28901631488,14149.0,14827.0,ARRIVED,653.7109836851196,678.0,1331.7109836851196,
P2876,8592374,8589158,13593.664986716622,14149.0,14827.0,ARRIVED,555.3350132833784,678.0,1233.3350132833784,
P2877,8592374,8589158,13661.301638768971,14149.0,14827.0,ARRIVED,487.6983612310287,678.0,1165.6983612310287,
P2878,8592374,8589158,13761.50166483284,14149.0,14827.0,ARRIVED,387.4983351671599,678.0,1065.49833516716,
P2879,8589130,8592374,13237.240335562712,16026.0,16866.0,ARRIVED,2788.759664437288,840.0,3628.759664437288,
P2880,8589130,8592374,13511.218233702506,16026.0,16866.0,ARRIVED,2514.781766297494,840.0,3354.781766297494,
P2881,8589130,8592374,13697.15593038975,16026.0,16866.0,ARRIVED,2328.84406961025,840.0,3168.84406961025,
P2882,8589131,8592374,13303.121964130967,13656.0,14239.0,ARRIVED,352.87803586903283,583.0,935.8780358690328,
P2883,8588344,8592374,13263.228834275149,13716.0,14239.0,ARRIVED,452.771165724851,523.0,975.771165724851,
P2884,8588344,8592374,13269.605347614124,13716.0,14239.0,ARRIVED,446.3946523858758,523.0,969.3946523858758,
P2885,8588344,8592374,13312.282540609864,13716.0,14239.0,ARRIVED,403.71745939013636,523.0,926.7174593901364,
P2886,8588344,8592374,13413.143069414327,13716.0,14239.0,ARRIVED,302.85693058567267,523.0,825.8569305856727,
P2887,8588344,8592374,13526.038253996847,13716.0,14239.0,ARRIVED,189.96174600315317,523.0,712.9617460031532,
P2888,8588344,8592374,13574.781059238123,15021.0,15475.200012207031,ARRIVED,1446.218940761877,454.20001220703125,1900.4189529689083,MINIBUS_2
P2889,8588344,8592374,13735.594901767083,15035.0,15678.0,ARRIVED,1299.4050982329172,643.0,1942.4050982329172,
P2890,8588344,8592374,13757.846467654805,15035.0,15678.0,ARRIVED,1277.1535323451953,643.0,1920.1535323451953,
P2891,8588344,8592374,13795.607040118772,15021.0,15475.200012207031,ARRIVED,1225.3929598812283,454.20001220703125,1679.5929720882596,MINIBUS_2
P2892,8577786,8592374,13577.639321365024,13804.0,14239.0,ARRIVED,226.36067863497556,435.0,661.3606786349756,
P2893,8577786,8592374,13770.54732095807,15339.000015258789,15475.200012207031,ARRIVED,1568.4526943007186,136.1999969482422,1704.6526912489608,MINIBUS_2
P2894,8577785,8592374,13209.296352899619,14014.800048828125,14038.800003051758,ARRIVED,805.5036959285062,23.999954223632812,829.503650152139,MINIBUS_1
P2895,8577785,8592374,13409.540681695657,14013.0,15475.200012207031,ARRIVED,603.4593183043435,1462.2000122070312,2065.6593305113747,MINIBUS_2
P2896,8577785,8592374,13448.198134083315,13741.0,14149.0,ARRIVED,292.8018659166846,408.0,700.8018659166846,
P2897,8577785,8592374,13467.839960589736,13741.0,14149.0,ARRIVED,273.1600394102643,408.0,681.1600394102643,
P2898,8577785,8592374,13495.200763245679,13741.0,14149.0,ARRIVED,245.7992367543211,408.0,653.7992367543211,
P2899,8577785,8592374,13549.32383552296,13741.0,14149.0,ARRIVED,191.6761644770395,408.0,599.6761644770395,
P2900,8577785,8592374,13578.251103149381,13741.0,14149.0,ARRIVED,162.74889685061862,408.0,570.7488968506186,
P2901,8577785,8592374,13616.900854616793,13741.0,14149.0,ARRIVED,124.09914538320663,408.0,532.0991453832066,
P2902,8577785,8592374,13631.400944693401,13741.0,14149.0,ARRIVED,109.59905530659853,408.0,517.5990553065985,
P2903,8577785,8592374,13666.52374887276,13741.0,14149.0,ARRIVED,74.47625112724018,408.0,482.4762511272402,
P2904,8577785,8592374,13751.453291017677,15466.800003051758,15475.200012207031,ARRIVED,1715.346712034081,8.400009155273438,1723.7467211893545,MINIBUS_2
P2905,8592375,8592374,13412.873764602413,14113.800010681152,14125.200012207031,ARRIVED,700.9262460787395,11.400001525878906,712.3262476046184,MINIBUS_1
P2906,8592377,8592374,13376.728341231888,13617.0,14149.0,ARRIVED,240.2716587681116,532.0,772.2716587681116,
P2907,8592377,8592374,13427.161857718722,13617.0,14149.0,ARRIVED,189.83814228127812,532.0,721.8381422812781,
P2908,8592377,8592374,13597.70016555727,14635.200012207031,14642.399967193604,ARRIVED,1037.4998466497618,7.199954986572266,1044.699801636334,MINIBUS_1
P2909,8592377,8592374,13618.306573516968,15468.0,15475.200012207031,ARRIVED,1849.6934264830325,7.20001220703125,1856.8934386900637,MINIBUS_2
P2910,8592377,8592374,13635.76002716412,14410.0,14948.0,ARRIVED,774.2399728358796,538.0,1312.2399728358796,
P2911,8592377,8592374,13688.76975021759,14410.0,14948.0,ARRIVED,721.2302497824094,538.0,1259.2302497824094,
P2912,8589158,8592374,13235.353108346768,13816.0,14364.0,ARRIVED,580.6468916532322,548.0,1128.6468916532322,
P2913,8589158,8592374,13243.520917896345,13816.0,14364.0,ARRIVED,572.479082103655,548.0,1120.479082103655,
P2914,8589158,8592374,13261.174539749,13816.0,14364.0,ARRIVED,554.8254602510005,548.0,1102.8254602510005,
P2915,8589158,8592374,13505.823060886898,13816.0,14364.0,ARRIVED,310.176939113102,548.0,858.176939113102,
P2916,8589158,8592374,13631.389303552538,13816.0,14364.0,ARRIVED,184.61069644746203,548.0,732.610696447462,
P2917,8589158,8592374,13667.884229465364,16760.400024414062,16776.599990844727,ARRIVED,3092.5157949486984,16.199966430664062,3108.7157613793624,MINIBUS_1
P2918,8589158,8592374,13769.177472519894,13816.0,14364.0,ARRIVED,46.822527480106146,548.0,594.8225274801061,
P2919,8587356,8592374,13732.737650846855,14287.200012207031,14329.800018310547,ARRIVED,554.4623613601761,42.600006103515625,597.0623674636918,MINIBUS_2
P2920,8589141,8589161,13840.03503607056,14434.800003051758,14484.0,ARRIVED,594.7649669811981,49.19999694824219,643.9649639294403,MINIBUS_2
P2921,8589141,8589161,14027.918199622027,16977.000003814697,16980.600036621094,ARRIVED,2949.0818041926705,3.6000328063964844,2952.681836999067,MINIBUS_1
P2922,8589141,8589161,14114.4508222301,14227.0,14729.0,ARRIVED,112.54917776990078,502.0,614.5491777699008,
P2923,8589152,8589161,13823.305765508629,14270.0,14729.0,ARRIVED,446.6942344913714,459.0,905.6942344913714,
P2924,8589152,8589161,14002.42282901112,14270.0,14729.0,ARRIVED,267.5771709888795,459.0,726.5771709888795,
P2925,8589138,8592374,14386.14790229456,15551.0,16253.0,ARRIVED,1164.8520977054395,702.0,1866.8520977054395,
P2926,8591766,8592374,13845.67126668518,13925.0,14364.0,ARRIVED,79.32873331482006,439.0,518.32873331482,
P2927,8591766,8592374,13942.198725677541,14408.0,14835.0,ARRIVED,465.801274322459,427.0,892.801274322459,
P2928,8591766,8592374,13959.562052799378,14408.0,14835.0,ARRIVED,448.43794720062215,427.0,875.4379472006221,
P2929,8591766,8592374,14303.833302075533,14408.0,14835.0,ARRIVED,104.16669792446737,427.0,531.1666979244674,
P2930,8587255,8592374,13818.266182952151,14527.800003051758,14544.0,ARRIVED,709.5338200996066,16.199996948242188,725.7338170478488,MINIBUS_2
P2931,8587255,8592374,13831.180908796314,14127.0,14364.0,ARRIVED,295.8190912036862,237.0,532.8190912036862,
P2932,8587255,8592374,13840.108683064764,14127.0,14364.0,ARRIVED,286.8913169352363,237.0,523.8913169352363,
P2933,8587255,8592374,14080.286995576187,15412.200004577637,15412.200012207031,ARRIVED,1331.9130090014496,7.62939453125e-06,1331.9130166308441,MINIBUS_1
P2934,8587255,8592374,14101.807486389884,14127.0,14364.0,ARRIVED,25.192513610116293,237.0,262.1925136101163,
P2935,8587255,8592374,14155.641717045353,16711.79995727539,16753.199996948242,ARRIVED,2556.1582402300373,41.40003967285156,2597.558279902889,MINIBUS_1
P2936,8587255,8592374,14215.216792285215,14612.0,14835.0,ARRIVED,396.783207714785,223.0,619.783207714785,
P2937,8587255,8592374,14306.598931658671,14612.0,14835.0,ARRIVED,305.40106834132894,223.0,528.4010683413289,
P2938,8587255,8592374,14314.042771351422,14612.0,14835.0,ARRIVED,297.95722864857817,223.0,520.9572286485782,
P2939,8587255,8592374,14339.75917253845,14612.0,14835.0,ARRIVED,272.24082746155,223.0,495.24082746155,
P2940,8589161,8589138,13809.79595941565,16980.600036621094,16989.0,ARRIVED,3170.8040772054446,8.39996337890625,3179.204040584351,MINIBUS_1
P2941,8589161,8589138,14007.805950624443,14350.0,14751.0,ARRIVED,342.19404937555737,401.0,743.1940493755574,
P2942,8589161,8587255,13960.922999986544,14260.0,14380.0,ARRIVED,299.0770000134562,120.0,419.0770000134562,
P2943,8589161,8589131,14302.409956499041,14729.0,15461.0,ARRIVED,426.5900435009589,732.0,1158.590043500959,
P2944,8589161,8589131,14339.72146977903,14729.0,15461.0,ARRIVED,389.2785302209704,732.0,1121.2785302209704,
P2945,8589161,8504622,13820.22454712097,13918.0,14296.0,ARRIVED,97.77545287903013,378.0,475.7754528790301,
P2946,8589161,8504622,14010.238788541017,14350.0,14704.0,ARRIVED,339.76121145898287,354.0,693.7612114589829,
P2947,8589161,8504622,14100.611945002338,14971.800067901611,14972.399993896484,ARRIVED,871.1881228992734,0.5999259948730469,871.7880488941464,MINIBUS_1
P2948,8589161,8504622,14225.352289933324,14350.0,14704.0,ARRIVED,124.64771006667615,354.0,478.64771006667615,
P2949,8589161,8504622,14274.858708211701,14350.0,14704.0,ARRIVED,75.14129178829899,354.0,429.141291788299,
P2950,8589161,8592375,14149.655648939233,14250.0,15011.0,ARRIVED,100.34435106076671,761.0,861.3443510607667,
P2951,8589161,8592375,14192.932976799457,16657.799991607666,16671.000076293945,ARRIVED,2464.867014808209,13.200084686279297,2478.0670994944885,MINIBUS_1
P2952,8589161,8592377,14007.92667302587,15229.199996948242,15241.200012207031,ARRIVED,1221.2733239223726,12.000015258789062,1233.2733391811616,MINIBUS_2
P2953,8589161,8589270,14085.180013107341,14260.0,14714.0,ARRIVED,174.81998689265856,454.0,628.8199868926586,
P2954,8589161,8589270,14192.296446918737,14260.0,14714.0,ARRIVED,67.70355308126273,454.0,521.7035530812627,
P2955,8589161,8589270,14298.339905454393,15088.0,15530.0,ARRIVED,789.6600945456066,442.0,1231.6600945456066,
P2956,8589161,8589158,13851.44742706706,14260.0,14827.0,ARRIVED,408.55257293294017,567.0,975.5525729329402,
P2957,8589161,8589158,14094.400604333952,14260.0,14827.0,ARRIVED,165.5993956660477,567.0,732.5993956660477,
P2958,8589161,8589158,14132.822255809637,14260.0,14827.0,ARRIVED,127.17774419036323,567.0,694.1777441903632,
P2959,8589161,8589158,14197.513176944492,15831.0,15859.799991607666,ARRIVED,1633.4868230555076,28.799991607666016,1662.2868146631736,MINIBUS_2
P2960,8589161,8589158,14301.913042706394,15088.0,15611.0,ARRIVED,786.0869572936062,523.0,1309.0869572936062,
P2961,8592374,8589141,14135.53819416638,16944.000076293945,16977.000003814697,ARRIVED,2808.4618821275653,32.99992752075195,2841.4618096483173,MINIBUS_1
P2962,8592374,8589141,14164.50950501603,14239.0,14898.0,ARRIVED,74.49049498396926,659.0,733.4904949839693,
P2963,8592374,8589141,14219.9480290381,14239.0,14898.0,ARRIVED,19.051970961900224,659.0,678.0519709619002,
P2964,8592374,8589141,14240.174599954094,15678.0,16425.0,ARRIVED,1437.8254000459056,747.0,2184.8254000459056,
P2965,8592374,8589141,14329.339524256955,15678.0,16425.0,ARRIVED,1348.660475743045,747.0,2095.660475743045,
P2966,8592374,8589152,14185.035971268366,14239.0,14848.0,ARRIVED,53.964028731634244,609.0,662.9640287316342,
P2967,8592374,8589138,13920.951561270487,14239.0,14751.0,ARRIVED,318.0484387295128,512.0,830.0484387295128,
P2968,8592374,8589138,14090.141076997716,18085.20001220703,18112.800003051758,ARRIVED,3995.0589352093157,27.599990844726562,4022.6589260540422,MINIBUS_1
P2969,8592374,8587255,14073.925389265536,14149.0,14380.0,ARRIVED,75.07461073446393,231.0,306.07461073446393,
P2970,8592374,8587255,14074.535891282343,15411.60001373291,15412.200004577637,ARRIVED,1337.064122450567,0.5999908447265625,1337.6641132952936,MINIBUS_1
P2971,8592374,8587255,14138.82757308374,14149.0,14380.0,ARRIVED,10.17242691626052,231.0,241.17242691626052,
P2972,8592374,8587255,14230.126059483711,15151.200012207031,15226.800018310547,ARRIVED,921.07395272332,75.60000610351562,996.6739588268356,MINIBUS_2
P2973,8592374,8587255,14273.625455686388,16702.79998779297,16711.79995727539,ARRIVED,2429.174532106581,8.999969482421875,2438.174501589003,MINIBUS_1
P2974,8592374,8587255,14310.726825902375,14948.0,15191.0,ARRIVED,637.2731740976251,243.0,880.2731740976251,
P2975,8592374,8587255,14317.146300728973,14948.0,15191.0,ARRIVED,630.8536992710269,243.0,873.8536992710269,
P2976,8592374,8589130,13850.750525559286,14835.0,15661.0,ARRIVED,984.249474440714,826.0,1810.249474440714,
P2977,8592374,8589130,13859.711703462213,14868.000030517578,15001.800003051758,ARRIVED,1008.2883270553648,133.7999725341797,1142.0882995895445,MINIBUS_2
P2978,8592374,8589130,13903.484605706986,14835.0,15661.0,ARRIVED,931.5153942930137,826.0,1757.5153942930137,
P2979,8592374,8589130,14173.326907451108,14938.200012207031,15001.800003051758,ARRIVED,764.8731047559231,63.59999084472656,828.4730956006497,MINIBUS_2
P2980,8592374,8589131,13964.960126561564,14835.0,15461.0,ARRIVED,870.0398734384362,626.0,1496.0398734384362,
P2981,8592374,8589131,14099.453946965239,14835.0,15461.0,ARRIVED,735.5460530347609,626.0,1361.546053034761,
P2982,8592374,8588344,13837.30827197367,14835.0,15403.0,ARRIVED,997.6917280263297,568.0,1565.6917280263297,
P2983,8592374,8588344,13877.72983172968,14835.0,15403.0,ARRIVED,957.2701682703191,568.0,1525.2701682703191,
P2984,8592374,8588344,13935.25043345636,14835.0,15403.0,ARRIVED,899.74956654364,568.0,1467.74956654364,
P2985,8592374,8588344,13966.85996421041,14835.0,15403.0,ARRIVED,868.1400357895891,568.0,1436.140035789589,
P2986,8592374,8588344,14046.362149200248,14835.0,15403.0,ARRIVED,788.6378507997524,568.0,1356.6378507997524,
P2987,8592374,8577786,13919.426972114818,14835.0,15319.0,ARRIVED,915.5730278851825,484.0,1399.5730278851825,
P2988,8592374,8577786,13985.794147000881,14835.0,15319.0,ARRIVED,849.2058529991191,484.0,1333.205852999119,
P2989,8592374,8577786,14326.337144711113,14716.800003051758,14845.199996948242,ARRIVED,390.46285834064474,128.39999389648438,518.8628522371291,MINIBUS_2
P2990,8592374,8577786,14332.546894617186,14835.0,15319.0,ARRIVED,502.4531053828141,484.0,986.4531053828141,
P2991,8592374,8577786,14362.05589118154,14835.0,15319.0,ARRIVED,472.9441088184594,484.0,956.9441088184594,
P2992,8592374,8577785,13959.32473165612,14364.0,14819.0,ARRIVED,404.6752683438808,455.0,859.6752683438808,
P2993,8592374,8577785,13966.051593536777,15298.800018310547,15466.800003051758,ARRIVED,1332.7484247737702,167.99998474121094,1500.7484095149812,MINIBUS_2
P2994,8592374,8577785,14052.035444296542,15298.800018310547,15466.800003051758,ARRIVED,1246.7645740140051,167.99998474121094,1414.764558755216,MINIBUS_2
P2995,8592374,8577785,14226.603415955846,14364.0,14819.0,ARRIVED,137.39658404415422,455.0,592.3965840441542,
P2996,8592374,8504622,13901.649761289496,14239.0,14704.0,ARRIVED,337.3502387105036,465.0,802.3502387105036,
P2997,8592374,8504622,13940.2988708032,15779.999969482422,15789.600051879883,ARRIVED,1839.701098679221,9.600082397460938,1849.301181076682,MINIBUS_1
P2998,8592374,8504622,13950.117515629114,14239.0,14704.0,ARRIVED,288.88248437088623,465.0,753.8824843708862,
P2999,8592374,8504622,14005.824097938596,14239.0,14704.0,ARRIVED,233.17590206140449,465.0,698.1759020614045,
P3000,8592374,8504622,14019.60723894117,14239.0,14704.0,ARRIVED,219.39276105883073,465.0,684.3927610588307,
P3001,8592374,8504622,14314.537267750899,14942.399974822998,14956.200012207031,ARRIVED,627.8627070720995,13.800037384033203,641.6627444561327,MINIBUS_1
P3002,8592374,8504622,14379.005520596353,16321.200012207031,16325.40002822876,ARRIVED,1942.1944916106786,4.200016021728516,1946.394507632407,MINIBUS_1
P3003,8592374,8589271,13981.716796142233,14239.0,14952.0,ARRIVED,257.28320385776715,713.0,970.2832038577671,
P3004,8592374,8589271,14067.848385800035,18085.20001220703,18286.79997253418,ARRIVED,4017.3516264069967,201.59996032714844,4218.951586734145,MINIBUS_1
P3005,8592374,8589271,14114.237507064865,18121.79997253418,18286.79997253418,ARRIVED,4007.5624654693147,165.0,4172.562465469315,MINIBUS_1
P3006,8592374,8589271,14323.130212795468,15678.0,16488.0,ARRIVED,1354.8697872045323,810.0,2164.8697872045323,
P3007,8592374,8592375,14079.455003382567,14364.0,15011.0,ARRIVED,284.54499661743284,647.0,931.5449966174328,
P3008,8592374,8592375,14091.48076360326,15412.200012207031,15420.60007095337,ARRIVED,1320.7192486037711,8.40005874633789,1329.119307350109,MINIBUS_1
P3009,8592374,8592375,14300.344497174548,14716.800003051758,14833.200012207031,ARRIVED,416.45550587720936,116.40000915527344,532.8555150324828,MINIBUS_2
P3010,8592374,8592378,13873.382430335085,14868.000030517578,14916.0,ARRIVED,994.6176001824933,47.999969482421875,1042.6175696649152,MINIBUS_2
P3011,8592374,8592378,14003.202400196085,15108.000015258789,15115.800003051758,ARRIVED,1104.7976150627037,7.79998779296875,1112.5976028556724,MINIBUS_2
P3012,8592374,8592377,13803.387820270762,14364.0,14896.0,ARRIVED,560.612179729238,532.0,1092.612179729238,
P3013,8592374,8592377,14036.264968533258,14364.0,14896.0,ARRIVED,327.73503146674193,532.0,859.7350314667419,
P3014,8592374,8592377,14143.268831177953,14364.0,14896.0,ARRIVED,220.73116882204704,532.0,752.731168822047,
P3015,8592374,8592377,14241.93305968573,14364.0,14896.0,ARRIVED,122.06694031426923,532.0,654.0669403142692,
P3016,8592374,8592377,14243.120031829994,14364.0,14896.0,ARRIVED,120.87996817000567,532.0,652.8799681700057,
P3017,8592374,8589270,13874.335593483996,15921.599990844727,15936.0,ARRIVED,2047.26439736073,14.400009155273438,2061.6644065160035,MINIBUS_2
P3018,8592374,8589270,14004.034696116887,14149.0,14714.0,ARRIVED,144.96530388311294,565.0,709.9653038831129,
P3019,8592374,8589270,14192.540419666308,14948.0,15530.0,ARRIVED,755.4595803336924,582.0,1337.4595803336924,
P3020,8592374,8589270,14394.66987582284,14948.0,15530.0,ARRIVED,553.3301241771605,582.0,1135.3301241771605,
P3021,8592374,8589158,13863.15647028995,16753.199996948242,16760.400024414062,ARRIVED,2890.0435266582917,7.2000274658203125,2897.243554124112,MINIBUS_1
P3022,8592374,8589158,13905.686331415172,14149.0,14827.0,ARRIVED,243.3136685848276,678.0,921.3136685848276,
P3023,8592374,8589158,14161.743976472131,14948.0,15611.0,ARRIVED,786.2560235278688,663.0,1449.2560235278688,
P3024,8592374,8589158,14247.371500673938,14948.0,15611.0,ARRIVED,700.6284993260615,663.0,1363.6284993260615,
P3025,8592374,8589158,14276.874508293204,14827.199981689453,14869.800048828125,ARRIVED,550.3254733962494,42.600067138671875,592.9255405349213,MINIBUS_1
P3026,8592374,8589158,14288.141693443693,14948.0,15611.0,ARRIVED,659.8583065563071,663.0,1322.858306556307,
P3027,8589130,8592374,13912.425413146619,16026.0,16866.0,ARRIVED,2113.5745868533813,840.0,2953.5745868533813,
P3028,8589130,8592374,14182.473434162666,16026.0,16866.0,ARRIVED,1843.5265658373337,840.0,2683.5265658373337,
P3029,8589130,8592374,14341.578392949468,16026.0,16866.0,ARRIVED,1684.4216070505317,840.0,2524.4216070505317,
P3030,8589130,8592374,14397.030057085487,15259.799964904785,15294.599975585938,ARRIVED,862.7699078192982,34.800010681152344,897.5699185004505,MINIBUS_1
P3031,8589131,8592374,13815.650583286395,15019.200012207031,15298.800018310547,ARRIVED,1203.5494289206363,279.6000061035156,1483.149435024152,MINIBUS_2
P3032,8589131,8592374,13948.979084233088,14967.0,15678.0,ARRIVED,1018.0209157669124,711.0,1729.0209157669124,
P3033,8589131,8592374,14146.73244509978,14967.0,15678.0,ARRIVED,820.2675549002197,711.0,1531.2675549002197,
P3034,8589131,8592374,14289.928515959025,15019.200012207031,15108.000015258789,ARRIVED,729.2714962480059,88.80000305175781,818.0714992997637,MINIBUS_2
P3035,8588344,8592374,13925.701760017648,15035.0,15678.0,ARRIVED,1109.2982399823522,643.0,1752.2982399823522,
P3036,8588344,8592374,14031.065713078406,15035.0,15678.0,ARRIVED,1003.9342869215943,643.0,1646.9342869215943,
P3037,8588344,8592374,14033.893302141585,15021.0,15298.800018310547,ARRIVED,987.1066978584149,277.8000183105469,1264.9067161689618,MINIBUS_2
P3038,8588344,8592374,14049.309825044958,15035.0,15678.0,ARRIVED,985.6901749550416,643.0,1628.6901749550416,
P3039,8588344,8592374,14104.251317566474,15035.0,15678.0,ARRIVED,930.7486824335265,643.0,1573.7486824335265,
P3040,8588344,8592374,14299.296602862763,15035.0,15678.0,ARRIVED,735.7033971372366,643.0,1378.7033971372366,
P3041,8577786,8592374,14108.091500297016,15148.0,15678.0,ARRIVED,1039.908499702984,530.0,1569.908499702984,
P3042,8577786,8592374,14168.302937574515,15148.0,15678.0,ARRIVED,979.6970624254845,530.0,1509.6970624254845,
P3043,8577786,8592374,14261.828071316857,14845.199996948242,14868.000030517578,ARRIVED,583.3719256313852,22.800033569335938,606.1719592007212,MINIBUS_2
P3044,8577786,8592374,14367.863263948195,15148.0,15678.0,ARRIVED,780.1367360518052,530.0,1310.1367360518052,
P3045,8577786,8592374,14396.401465660332,14845.199996948242,14868.000030517578,ARRIVED,448.79853128791,22.800033569335938,471.59856485724595,MINIBUS_2
P3046,8577785,8592374,14093.56329560013,15230.0,15678.0,ARRIVED,1136.43670439987,448.0,1584.43670439987,
P3047,8577785,8592374,14121.100785425195,15132.000003814697,15151.200012207031,ARRIVED,1010.8992183895025,19.200008392333984,1030.0992267818365,MINIBUS_2
P3048,8577785,8592374,14148.537747027109,15230.0,15678.0,ARRIVED,1081.4622529728913,448.0,1529.4622529728913,
P3049,8577785,8592374,14157.243872534325,15230.0,15678.0,ARRIVED,1072.7561274656746,448.0,1520.7561274656746,
P3050,8592375,8592374,14233.43739689452,15029.0,15801.0,ARRIVED,795.5626031054799,772.0,1567.5626031054799,
P3051,8592377,8592374,13853.00841109162,15241.200012207031,15298.800018310547,ARRIVED,1388.1916011154117,57.600006103515625,1445.7916072189273,MINIBUS_2
P3052,8592377,8592374,13974.45321897621,14410.0,14948.0,ARRIVED,435.54678102378966,538.0,973.5467810237897,
P3053,8592377,8592374,13979.39974465409,14410.0,14948.0,ARRIVED,430.6002553459093,538.0,968.6002553459093,
P3054,8592377,8592374,14005.24279501369,14410.0,14948.0,ARRIVED,404.75720498631017,538.0,942.7572049863102,
P3055,8592377,8592374,14227.656792790141,15386.999988555908,15411.60001373291,ARRIVED,1159.3431957657667,24.600025177001953,1183.9432209427687,MINIBUS_1
P3056,8589158,8592374,13853.971516871106,14651.0,15196.0,ARRIVED,797.0284831288936,545.0,1342.0284831288936,
P3057,8589158,8592374,13913.084618028626,14651.0,15196.0,ARRIVED,737.9153819713738,545.0,1282.9153819713738,
P3058,8589158,8592374,14008.411356023504,15859.799991607666,15921.599990844727,ARRIVED,1851.3886355841623,61.79999923706055,1913.1886348212229,MINIBUS_2
P3059,8589158,8592374,14008.441485238094,14651.0,15196.0,ARRIVED,642.5585147619058,545.0,1187.5585147619058,
P3060,8589158,8592374,14042.950917103934,14651.0,15196.0,ARRIVED,608.0490828960665,545.0,1153.0490828960665,
P3061,8589158,8592374,14072.136742528288,14651.0,15196.0,ARRIVED,578.8632574717121,545.0,1123.8632574717121,
P3062,8589158,8592374,14108.177516436383,14651.0,15196.0,ARRIVED,542.8224835636174,545.0,1087.8224835636174,
P3063,8589158,8592374,14313.103990165684,14651.0,15196.0,ARRIVED,337.8960098343159,545.0,882.8960098343159,
P3064,8589158,8592374,14354.110386727392,14651.0,15196.0,ARRIVED,296.8896132726077,545.0,841.8896132726077,
P3065,8589158,8592374,14380.685506689017,14651.0,15196.0,ARRIVED,270.3144933109834,545.0,815.3144933109834,
P3066,8589141,8589161,14598.428841541925,14821.0,15382.0,ARRIVED,222.57115845807493,561.0,783.5711584580749,
P3067,8589141,8589161,14838.765873574856,15434.0,16011.0,ARRIVED,595.2341264251445,577.0,1172.2341264251445,
P3068,8589152,8589161,14416.009504770462,17965.8000831604,18018.00008392334,ARRIVED,3549.7905783899387,52.20000076293945,3601.990579152878,MINIBUS_1
P3069,8589138,8592374,14583.887027162791,17977.79998779297,18085.20001220703,ARRIVED,3393.9129606301776,107.4000244140625,3501.31298504424,MINIBUS_1
P3070,8589138,8592374,14675.199650076065,15808.799987792969,15817.800052642822,ARRIVED,1133.6003377169036,9.000064849853516,1142.600402566757,MINIBUS_1
P3071,8589138,8592374,14758.228029708494,15551.0,16253.0,ARRIVED,792.7719702915056,702.0,1494.7719702915056,
P3072,8589138,8592374,14956.149940433534,16989.0,16992.60004043579,ARRIVED,2032.8500595664664,3.6000404357910156,2036.4501000022574,MINIBUS_1
P3073,8591766,8592374,14457.044895024992,14740.0,15196.0,ARRIVED,282.955104975008,456.0,738.955104975008,
P3074,8591766,8592374,14623.268638400728,18119.99998474121,18121.79997253418,ARRIVED,3496.7313463404826,1.79998779296875,3498.5313341334513,MINIBUS_1
P3075,8591766,8592374,14635.488478203768,14740.0,15196.0,ARRIVED,104.51152179623205,456.0,560.511521796232,
P3076,8591766,8592374,14713.053090559726,14740.0,15196.0,ARRIVED,26.946909440273885,456.0,482.9469094402739,
P3077,8587255,8592374,14576.589741700787,14612.0,14835.0,ARRIVED,35.41025829921273,223.0,258.4102582992127,
P3078,8587255,8592374,14604.956723508398,14612.0,14835.0,ARRIVED,7.043276491602228,223.0,230.04327649160223,
P3079,8587255,8592374,14688.48083319644,16298.400024414062,16303.800033569336,ARRIVED,1609.919191217623,5.4000091552734375,1615.3192003728964,MINIBUS_1
P3080,8587255,8592374,14720.410834906088,18082.800064086914,18085.20001220703,ARRIVED,3362.389229180826,2.3999481201171875,3364.7891773009433,MINIBUS_1
P3081,8587255,8592374,14783.637490219216,16513.79998779297,16531.79999923706,ARRIVED,1730.1624975737523,18.000011444091797,1748.162509017844,MINIBUS_1
P3082,8587255,8592374,14965.37864646244,15253.0,15529.0,ARRIVED,287.6213535375591,276.0,563.6213535375591,
P3083,8589161,8589141,14555.340456360436,15789.0,16425.0,ARRIVED,1233.6595436395637,636.0,1869.6595436395637,
P3084,8589161,8589152,14938.729007981403,15789.0,16372.0,ARRIVED,850.2709920185971,583.0,1433.270992018597,
P3085,8589161,8589138,14818.215512676903,15789.0,16283.0,ARRIVED,970.784487323097,494.0,1464.784487323097,
P3086,8589161,8587255,14892.4390750522,15088.0,15191.0,ARRIVED,195.56092494780023,103.0,298.56092494780023,
P3087,8589161,8589131,14821.837065787324,15382.0,16098.0,ARRIVED,560.1629342126762,716.0,1276.1629342126762,
P3088,8589161,8589131,14938.287925000895,15382.0,16098.0,ARRIVED,443.7120749991045,716.0,1159.7120749991045,
P3089,8589161,8577786,14868.217747707275,15422.400020599365,15424.799987792969,ARRIVED,554.1822728920906,2.3999671936035156,556.5822400856941,MINIBUS_1
P3090,8589161,8577786,14952.520182888715,15382.0,15944.0,ARRIVED,429.47981711128523,562.0,991.4798171112852,
P3091,8589161,8592375,14676.286511348233,15078.0,15846.0,ARRIVED,401.71348865176697,768.0,1169.713488651767,
P3092,8589161,8592375,14763.660606751138,15078.0,15846.0,ARRIVED,314.3393932488616,768.0,1082.3393932488616,
P3093,8589161,8592377,14471.681904318013,15078.0,15713.0,ARRIVED,606.318095681987,635.0,1241.318095681987,
P3094,8589161,8589270,14521.695536468242,15088.0,15530.0,ARRIVED,566.3044635317583,442.0,1008.3044635317583,
P3095,8589161,8589270,14696.521557948905,18018.00008392334,18026.999954223633,ARRIVED,3321.478525974435,8.999870300292969,3330.478396274728,MINIBUS_1
P3096,8589161,8589158,14496.630570458958,15088.0,15611.0,ARRIVED,591.3694295410423,523.0,1114.3694295410423,
P3097,8589161,8589158,14813.251015080266,15088.0,15611.0,ARRIVED,274.74898491973363,523.0,797.7489849197336,
P3098,8589161,8589158,14935.128733580312,15496.800003051758,15562.200012207031,ARRIVED,561.6712694714461,65.40000915527344,627.0712786267195,MINIBUS_2
P3099,8589161,8589158,14972.579857840099,15088.0,15611.0,ARRIVED,115.42014215990093,523.0,638.4201421599009,
P3100,8592374,8589141,14506.73131573763,15678.0,16425.0,ARRIVED,1171.2686842623698,747.0,1918.2686842623698,
P3101,8592374,8589141,14530.660518059676,15678.0,16425.0,ARRIVED,1147.3394819403238,747.0,1894.3394819403238,
P3102,8592374,8589141,14672.5399529087,16992.60004043579,16995.599952697754,ARRIVED,2320.06008752709,2.9999122619628906,2323.059999789053,MINIBUS_1
P3103,8592374,8589141,14797.659253611155,15678.0,16425.0,ARRIVED,880.3407463888452,747.0,1627.3407463888452,
P3104,8592374,8589141,14985.792574597093,15678.0,16425.0,ARRIVED,692.2074254029067,747.0,1439.2074254029067,
P3105,8592374,8589152,14886.663079269567,15678.0,16372.0,ARRIVED,791.3369207304331,694.0,1485.3369207304331,
P3106,8592374,8589138,14484.198272394045,15678.0,16283.0,ARRIVED,1193.8017276059545,605.0,1798.8017276059545,
P3107,8592374,8589138,14526.517139657166,15678.0,16283.0,ARRIVED,1151.482860342834,605.0,1756.482860342834,
P3108,8592374,8589138,14634.496941816342,15678.0,16283.0,ARRIVED,1043.5030581836581,605.0,1648.5030581836581,
P3109,8592374,8589130,14792.260533168648,14835.0,15661.0,ARRIVED,42.73946683135182,826.0,868.7394668313518,
P3110,8592374,8589130,14815.571278735339,14835.0,15661.0,ARRIVED,19.428721264661363,826.0,845.4287212646614,
P3111,8592374,8589131,14565.160110921268,14835.0,15461.0,ARRIVED,269.8398890787321,626.0,895.8398890787321,
P3112,8592374,8589131,14567.966281647852,15328.199981689453,15331.800067901611,ARRIVED,760.233700041601,3.600086212158203,763.8337862537592,MINIBUS_1
P3113,8592374,8589131,14743.196939924304,14835.0,15461.0,ARRIVED,91.80306007569561,626.0,717.8030600756956,
P3114,8592374,8589131,14757.346174443315,14835.0,15461.0,ARRIVED,77.65382555668475,626.0,703.6538255566848,
P3115,8592374,8589131,14992.84461100698,15529.0,16098.0,ARRIVED,536.1553889930201,569.0,1105.15538899302,
P3116,8592374,8588344,14528.276074425312,15361.800064086914,15367.199954986572,ARRIVED,833.5239896616022,5.399890899658203,838.9238805612604,MINIBUS_1
P3117,8592374,8588344,14718.230252727546,14835.0,15403.0,ARRIVED,116.76974727245397,568.0,684.769747272454,
P3118,8592374,8577786,14562.662734802669,15294.599975585938,15323.400024414062,ARRIVED,731.9372407832689,28.800048828125,760.7372896113939,MINIBUS_1
P3119,8592374,8577786,14648.049866488758,15817.800052642822,15817.800064086914,ARRIVED,1169.750186154064,1.1444091796875e-05,1169.7501975981559,MINIBUS_1
P3120,8592374,8577786,14904.793598250524,15529.0,15944.0,ARRIVED,624.2064017494758,415.0,1039.2064017494758,
P3121,8592374,8577785,14425.51212865713,14835.0,15255.0,ARRIVED,409.48787134286977,420.0,829.4878713428698,
P3122,8592374,8577785,14577.340885249296,14835.0,15255.0,ARRIVED,257.65911475070425,420.0,677.6591147507042,
P3123,8592374,8577785,14644.29896431907,15151.799987792969,15207.000045776367,ARRIVED,507.5010234738984,55.20005798339844,562.7010814572968,MINIBUS_1
P3124,8592374,8577785,14653.93988300312,14835.0,15255.0,ARRIVED,181.06011699687951,420.0,601.0601169968795,
P3125,8592374,8577785,14874.793550873177,15445.800064086914,15523.799987792969,ARRIVED,571.006513213737,77.99992370605469,649.0064369197917,MINIBUS_1
P3126,8592374,8504622,14421.337788126692,15678.0,16224.0,ARRIVED,1256.6622118733085,546.0,1802.6622118733085,
P3127,8592374,8504622,14622.15970098598,15678.0,16224.0,ARRIVED,1055.8402990140203,546.0,1601.8402990140203,
P3128,8592374,8504622,14852.561892801845,15678.0,16224.0,ARRIVED,825.4381071981552,546.0,1371.4381071981552,
P3129,8592374,8589271,14446.240909698048,15678.0,16488.0,ARRIVED,1231.7590903019518,810.0,2041.7590903019518,
P3130,8592374,8589271,14797.678655105608,18271.800064086914,18286.79997253418,ARRIVED,3474.1214089813056,14.999908447265625,3489.1213174285713,MINIBUS_1
P3131,8592374,8589271,14855.674294415609,15678.0,16488.0,ARRIVED,822.3257055843915,810.0,1632.3257055843915,
P3132,8592374,8589271,14976.231818264843,15694.800018310547,15696.0,ARRIVED,718.5682000457036,1.199981689453125,719.7681817351568,MINIBUS_2
P3133,8592374,8589271,14984.005960805225,15678.0,16488.0,ARRIVED,693.9940391947748,810.0,1503.9940391947748,
P3134,8592374,8589271,14990.736909172374,15678.0,16488.0,ARRIVED,687.263090827626,810.0,1497.263090827626,
P3135,8592374,8592375,14576.355188192309,15137.400020599365,15139.200012207031,ARRIVED,561.0448324070567,1.7999916076660156,562.8448240147227,MINIBUS_1
P3136,8592374,8592375,14665.187377901846,15196.0,15846.0,ARRIVED,530.812622098154,650.0,1180.812622098154,
P3137,8592374,8592375,14728.556873075584,15196.0,15846.0,ARRIVED,467.443126924416,650.0,1117.443126924416,
P3138,8592374,8592378,14400.240974799437,15573.000045776367,15599.400016784668,ARRIVED,1172.7590709769302,26.39997100830078,1199.159041985231,MINIBUS_1
P3139,8592374,8592377,14416.513259177227,15381.59998703003,15386.999988555908,ARRIVED,965.0867278528021,5.400001525878906,970.486729378681,MINIBUS_1
P3140,8592374,8592377,14459.025610209137,16692.599975585938,16701.60004043579,ARRIVED,2233.5743653768004,9.000064849853516,2242.574430226654,MINIBUS_1
P3141,8592374,8592377,14556.654696929194,15196.0,15713.0,ARRIVED,639.345303070806,517.0,1156.345303070806,
P3142,8592374,8592377,14689.31752175242,15196.0,15713.0,ARRIVED,506.68247824757964,517.0,1023.6824782475796,
P3143,8592374,8592377,14777.01699971913,16675.20002746582,16686.0,ARRIVED,1898.1830277466906,10.799972534179688,1908.9830002808703,MINIBUS_1
P3144,8592374,8592377,14854.359065931698,15874.200012207031,15925.200012207031,ARRIVED,1019.8409462753334,51.0,1070.8409462753334,MINIBUS_1
P3145,8592374,8589270,14605.209781305814,14948.0,15530.0,ARRIVED,342.7902186941865,582.0,924.7902186941865,
P3146,8592374,8589270,14609.952155890684,14948.0,15530.0,ARRIVED,338.04784410931643,582.0,920.0478441093164,
P3147,8592374,8589270,14722.437671308608,14948.0,15530.0,ARRIVED,225.5623286913924,582.0,807.5623286913924,
P3148,8592374,8589158,14435.875737699911,14948.0,15611.0,ARRIVED,512.124262300089,663.0,1175.124262300089,
P3149,8592374,8589158,14445.808760563457,16303.800033569336,16316.400020599365,ARRIVED,1857.9912730058786,12.599987030029297,1870.591260035908,MINIBUS_1
P3150,8592374,8589158,14587.849638904378,14948.0,15611.0,ARRIVED,360.15036109562243,663.0,1023.1503610956224,
P3151,8592374,8589158,14680.993586578097,14948.0,15611.0,ARRIVED,267.00641342190283,663.0,930.0064134219028,
P3152,8592374,8589158,14765.463296268254,16531.79999923706,16535.99998855591,ARRIVED,1766.336702968807,4.199989318847656,1770.5366922876547,MINIBUS_1
P3153,8592374,8589158,14770.969816135224,14948.0,15611.0,ARRIVED,177.0301838647756,663.0,840.0301838647756,
P3154,8592374,8589158,14786.110146344177,14948.0,15611.0,ARRIVED,161.88985365582266,663.0,824.8898536558227,
P3155,8592374,8589158,14883.541703319223,14948.0,15611.0,ARRIVED,64.4582966807775,663.0,727.4582966807775,
P3156,8592374,8589158,14906.838852269168,15604.800003051758,15647.400009155273,ARRIVED,697.9611507825903,42.600006103515625,740.5611568861059,MINIBUS_2
P3157,8592374,8589158,14976.97091747466,15801.0,16405.0,ARRIVED,824.0290825253396,604.0,1428.0290825253396,
P3158,8589130,8592374,14500.016120110273,16026.0,16866.0,ARRIVED,1525.9838798897272,840.0,2365.983879889727,
P3159,8589131,8592374,14954.430586071803,14967.0,15678.0,ARRIVED,12.56941392819681,711.0,723.5694139281968,
P3160,8588344,8592374,14406.960291771073,15035.0,15678.0,ARRIVED,628.0397082289273,643.0,1271.0397082289273,
P3161,8588344,8592374,14416.577001880849,15367.199954986572,15381.59998703003,ARRIVED,950.6229531057234,14.400032043457031,965.0229851491804,MINIBUS_1
P3162,8588344,8592374,14474.760982438813,15335.400039672852,15361.800064086914,ARRIVED,860.6390572340388,26.4000244140625,887.0390816481013,MINIBUS_1
P3163,8588344,8592374,14489.778380329897,15035.0,15678.0,ARRIVED,545.2216196701029,643.0,1188.2216196701029,
P3164,8588344,8592374,14817.965762318154,15867.0,15874.200012207031,ARRIVED,1049.0342376818462,7.20001220703125,1056.2342498888775,MINIBUS_1
P3165,8588344,8592374,14832.759474863156,15035.0,15678.0,ARRIVED,202.24052513684364,643.0,845.2405251368436,
P3166,8588344,8592374,14890.050202151811,15035.0,15678.0,ARRIVED,144.9497978481886,643.0,787.9497978481886,
P3167,8588344,8592374,14928.85709476283,15035.0,15678.0,ARRIVED,106.14290523716954,643.0,749.1429052371695,
P3168,8577786,8592374,14427.63102085082,15148.0,15678.0,ARRIVED,720.3689791491797,530.0,1250.3689791491797,
P3169,8577786,8592374,14540.165862693933,15148.0,15678.0,ARRIVED,607.8341373060666,530.0,1137.8341373060666,
P3170,8577786,8592374,14604.401233807637,15323.400024414062,15328.199981689453,ARRIVED,718.9987906064252,4.799957275390625,723.7987478818159,MINIBUS_1
P3171,8577785,8592374,14404.971875386804,15230.0,15678.0,ARRIVED,825.0281246131963,448.0,1273.0281246131963,
P3172,8577785,8592374,14699.001174859379,15230.0,15678.0,ARRIVED,530.9988251406212,448.0,978.9988251406212,
P3173,8577785,8592374,14913.768325448405,15230.0,15678.0,ARRIVED,316.23167455159455,448.0,764.2316745515946,
P3174,8577785,8592374,14956.15358837129,16687.800003051758,16692.599975585938,ARRIVED,1731.6464146804683,4.7999725341796875,1736.446387214648,MINIBUS_1
P3175,8592375,8592374,14419.02665033269,15029.0,15801.0,ARRIVED,609.9733496673107,772.0,1381.9733496673107,
P3176,8592378,8592374,14848.682339276718,15541.799987792969,15573.000045776367,ARRIVED,693.1176485162505,31.200057983398438,724.3177064996489,MINIBUS_1
P3177,8592377,8592374,14467.549731004434,15777.599952697754,15779.999969482422,ARRIVED,1310.05022169332,2.4000167846679688,1312.450238477988,MINIBUS_1
P3178,8592377,8592374,14477.856670840196,16701.60004043579,16702.79998779297,ARRIVED,2223.743369595595,1.1999473571777344,2224.943316952773,MINIBUS_1
P3179,8589158,8592374,14406.012706387073,14651.0,15196.0,ARRIVED,244.9872936129268,545.0,789.9872936129268,
P3180,8589158,8592374,14565.603959874135,16316.400020599365,16321.200012207031,ARRIVED,1750.7960607252298,4.799991607666016,1755.5960523328959,MINIBUS_1
P3181,8589158,8592374,14653.311367963428,15562.200012207031,15604.800003051758,ARRIVED,908.8886442436033,42.59999084472656,951.4886350883298,MINIBUS_2
P3182,8587356,8592374,14569.417539932127,16942.200004577637,16944.000076293945,ARRIVED,2372.78246464551,1.8000717163085938,2374.5825363618187,MINIBUS_1
P3183,8589141,8589161,15027.257453700415,18124.20002746582,18142.800037384033,ARRIVED,3096.9425737654055,18.60000991821289,3115.5425836836184,MINIBUS_1
P3184,8589141,8589161,15231.178612536476,15434.0,16011.0,ARRIVED,202.82138746352393,577.0,779.8213874635239,
P3185,8589141,8589161,15246.801832014202,16995.599952697754,17016.000003814697,ARRIVED,1748.798120683552,20.40005111694336,1769.1981718004954,MINIBUS_1
P3186,8589141,8589161,15275.622661291785,15434.0,16011.0,ARRIVED,158.37733870821467,577.0,735.3773387082147,
P3187,8589141,8589161,15482.613150689971,16006.0,16542.0,ARRIVED,523.386849310029,536.0,1059.386849310029,
P3188,8589141,8589161,15565.613423636229,16006.0,16542.0,ARRIVED,440.3865763637714,536.0,976.3865763637714,
P3189,8589152,8589161,15244.543428135636,15486.0,16011.0,ARRIVED,241.45657186436438,525.0,766.4565718643644,
P3190,8589152,8589161,15333.266239026638,15789.0,15831.0,ARRIVED,455.7337609733622,42.0,497.7337609733622,MINIBUS_2
P3191,8589138,8592374,15037.082357210948,15551.0,16253.0,ARRIVED,513.9176427890525,702.0,1215.9176427890525,
P3192,8589138,8592374,15267.70902653168,15551.0,16253.0,ARRIVED,283.29097346831986,702.0,985.2909734683199,
P3193,8589138,8592374,15440.130651373584,16213.800052642822,16219.199981689453,ARRIVED,773.6694012692387,5.399929046630859,779.0693303158696,MINIBUS_1
P3194,8589138,8592374,15533.671275032444,15551.0,16253.0,ARRIVED,17.3287249675559,702.0,719.3287249675559,
P3195,8591766,8592374,15246.06384969906,16559.399940490723,16588.79998779297,ARRIVED,1313.336090791663,29.400047302246094,1342.7361380939092,MINIBUS_1
P3196,8587255,8592374,15112.30660571534,15253.0,15529.0,ARRIVED,140.69339428466083,276.0,416.6933942846608,
P3197,8587255,8592374,15174.550561764163,15253.0,15529.0,ARRIVED,78.44943823583708,276.0,354.4494382358371,
P3198,8587255,8592374,15205.169701188506,18235.20001220703,18271.800064086914,ARRIVED,3030.030311018525,36.60005187988281,3066.630362898408,MINIBUS_1
P3199,8587255,8592374,15240.832327185071,15253.0,15529.0,ARRIVED,12.167672814928665,276.0,288.16767281492866,
P3200,8587255,8592374,15319.177789886848,15871.0,16206.0,ARRIVED,551.8222101131523,335.0,886.8222101131523,
P3201,8587255,8592374,15374.104625558988,15871.0,16206.0,ARRIVED,496.8953744410119,335.0,831.8953744410119,
P3202,8589161,8589141,15275.600103759964,15789.0,16425.0,ARRIVED,513.3998962400365,636.0,1149.3998962400365,
P3203,8589161,8589141,15556.110943749989,15789.0,16425.0,ARRIVED,232.88905625001098,636.0,868.889056250011,
P3204,8589161,8587255,15571.413264767805,15789.0,15937.0,ARRIVED,217.58673523219477,148.0,365.58673523219477,
P3205,8589161,8577786,15023.471480473521,15382.0,15944.0,ARRIVED,358.5285195264787,562.0,920.5285195264787,
P3206,8589161,8504622,15215.693320481432,15696.0,15697.200012207031,ARRIVED,480.30667951856776,1.20001220703125,481.506691725599,MINIBUS_1
P3207,8589161,8504622,15368.067398267334,15789.0,16224.0,ARRIVED,420.9326017326657,435.0,855.9326017326657,
P3208,8589161,8504622,15574.316717337499,15789.0,16224.0,ARRIVED,214.68328266250137,435.0,649.6832826625014,
P3209,8589161,8589271,15007.708562810174,15789.0,16488.0,ARRIVED,781.291437189826,699.0,1480.291437189826,
P3210,8589161,8592375,15355.155820331229,15996.0,16791.0,ARRIVED,640.8441796687712,795.0,1435.8441796687712,
P3211,8589161,8592377,15089.270956697985,15996.0,16680.0,ARRIVED,906.7290433020153,684.0,1590.7290433020153,
P3212,8589161,8592377,15436.589513917588,15996.0,16680.0,ARRIVED,559.4104860824118,684.0,1243.4104860824118,
P3213,8589161,8589270,15310.153195845596,15943.0,16348.0,ARRIVED,632.8468041544038,405.0,1037.8468041544038,
P3214,8589161,8589158,15109.254822113826,15943.0,16405.0,ARRIVED,833.7451778861741,462.0,1295.7451778861741,
P3215,8592374,8589141,15137.172923349099,15678.0,16425.0,ARRIVED,540.8270766509013,747.0,1287.8270766509013,
P3216,8592374,8589141,15384.304600123985,15678.0,16425.0,ARRIVED,293.69539987601456,747.0,1040.6953998760146,
P3217,8592374,8589141,15401.676156168833,15678.0,16425.0,ARRIVED,276.3238438311673,747.0,1023.3238438311673,
P3218,8592374,8589141,15477.624346946486,15678.0,16425.0,ARRIVED,200.37565305351382,747.0,947.3756530535138,
P3219,8592374,8589141,15539.236937536702,16403.999992370605,16406.99998474121,ARRIVED,864.7630548339039,2.9999923706054688,867.7630472045093,MINIBUS_1
P3220,8592374,8589152,15394.819674122939,15678.0,16372.0,ARRIVED,283.1803258770615,694.0,977.1803258770615,
P3221,8592374,8589152,15411.1350647767,15678.0,16372.0,ARRIVED,266.86493522330056,694.0,960.8649352233006,
P3222,8592374,8589152,15426.203691285631,17601.599990844727,17656.79997253418,ARRIVED,2175.3962995590955,55.199981689453125,2230.5962812485486,MINIBUS_1
P3223,8592374,8589138,15071.800968247542,16201.800064086914,16213.800052642822,ARRIVED,1129.9990958393719,11.999988555908203,1141.99908439528,MINIBUS_1
P3224,8592374,8589138,15403.26848619278,15678.0,16283.0,ARRIVED,274.73151380722084,605.0,879.7315138072208,
P3225,8592374,8587255,15357.824902619885,15678.0,15937.0,ARRIVED,320.1750973801154,259.0,579.1750973801154,
P3226,8592374,8587255,15384.551504425664,15678.0,15937.0,ARRIVED,293.44849557433554,259.0,552.4484955743355,
P3227,8592374,8587255,15412.354031177263,16588.79998779297,16620.599975585938,ARRIVED,1176.4459566157057,31.79998779296875,1208.2459444086744,MINIBUS_1
P3228,8592374,8587255,15575.109145382843,16219.199981689453,16226.400024414062,ARRIVED,644.0908363066101,7.200042724609375,651.2908790312194,MINIBUS_1
P3229,8592374,8589130,15107.227919982552,15529.0,16301.0,ARRIVED,421.7720800174484,772.0,1193.7720800174484,
P3230,8592374,8589130,15186.412704127946,15529.0,16301.0,ARRIVED,342.5872958720538,772.0,1114.5872958720538,
P3231,8592374,8589130,15373.04379476797,15601.200004577637,15604.199981689453,ARRIVED,228.15620980966742,2.9999771118164062,231.15618692148382,MINIBUS_1
P3232,8592374,8589131,15544.068729861823,16253.0,16908.0,ARRIVED,708.9312701381768,655.0,1363.9312701381768,
P3233,8592374,8588344,15004.565430285587,15529.0,16034.0,ARRIVED,524.4345697144126,505.0,1029.4345697144126,
P3234,8592374,8588344,15028.51550676887,15860.400020599365,15867.0,ARRIVED,831.884513830495,6.599979400634766,838.4844932311298,MINIBUS_1
P3235,8592374,8588344,15216.564458951168,15817.800064086914,15821.399967193604,ARRIVED,601.2356051357456,3.599903106689453,604.835508242435,MINIBUS_1
P3236,8592374,8588344,15560.165660475755,16057.799987792969,16077.59998703003,ARRIVED,497.6343273172133,19.799999237060547,517.4343265542739,MINIBUS_1
P3237,8592374,8577786,15041.009901305195,15529.0,15944.0,ARRIVED,487.99009869480506,415.0,902.990098694805,
P3238,8592374,8577786,15272.96232657491,15529.0,15944.0,ARRIVED,256.03767342508945,415.0,671.0376734250895,
P3239,8592374,8577786,15281.66738170568,15529.0,15944.0,ARRIVED,247.33261829432013,415.0,662.3326182943201,
P3240,8592374,8577786,15350.825783946235,15529.0,15944.0,ARRIVED,178.17421605376512,415.0,593.1742160537651,
P3241,8592374,8577786,15456.550831035485,15529.0,15944.0,ARRIVED,72.44916896451468,415.0,487.4491689645147,
P3242,8592374,8577786,15579.816827223936,16253.0,16742.0,ARRIVED,673.1831727760637,489.0,1162.1831727760637,
P3243,8592374,8577785,15087.653160461554,15196.0,15626.0,ARRIVED,108.34683953844615,430.0,538.3468395384461,
P3244,8592374,8577785,15277.356214776719,15707.999988555908,15733.79999923706,ARRIVED,430.64377377918936,25.800010681152344,456.4437844603417,MINIBUS_1
P3245,8592374,8577785,15453.432575058767,16206.0,16585.0,ARRIVED,752.5674249412332,379.0,1131.5674249412332,
P3246,8592374,8504622,15122.759347845262,15678.0,16224.0,ARRIVED,555.2406521547382,546.0,1101.2406521547382,
P3247,8592374,8504622,15158.802666305304,15678.0,16224.0,ARRIVED,519.1973336946958,546.0,1065.1973336946958,
P3248,8592374,8504622,15169.41635501102,15678.0,16224.0,ARRIVED,508.58364498897936,546.0,1054.5836449889794,
P3249,8592374,8504622,15184.657082251253,15649.200016021729,15690.599975585938,ARRIVED,464.54293377047543,41.399959564208984,505.9428933346844,MINIBUS_1
P3250,8592374,8504622,15215.179504351156,15678.0,16224.0,ARRIVED,462.82049564884437,546.0,1008.8204956488444,
P3251,8592374,8504622,15298.404674657819,15678.0,16224.0,ARRIVED,379.59532534218124,546.0,925.5953253421812,
P3252,8592374,8504622,15518.646959504573,15678.0,16224.0,ARRIVED,159.3530404954272,546.0,705.3530404954272,
P3253,8592374,8589271,15233.413440150145,15678.0,16488.0,ARRIVED,444.5865598498549,810.0,1254.586559849855,
P3254,8592374,8589271,15298.256190682265,15678.0,16488.0,ARRIVED,379.7438093177352,810.0,1189.7438093177352,
P3255,8592374,8589271,15376.048005066174,15678.0,16488.0,ARRIVED,301.9519949338264,810.0,1111.9519949338264,
P3256,8592374,8589271,15451.100578571633,15678.0,16488.0,ARRIVED,226.89942142836662,810.0,1036.8994214283666,
P3257,8592374,8589271,15483.05602098893,15678.0,16488.0,ARRIVED,194.94397901107004,810.0,1004.94397901107,
P3258,8592374,8589271,15492.531604875538,15678.0,16488.0,ARRIVED,185.4683951244624,810.0,995.4683951244624,
P3259,8592374,8592378,15109.51033312526,15196.0,15797.0,ARRIVED,86.48966687474058,601.0,687.4896668747406,
P3260,8592374,8592378,15138.196156647278,15196.0,15797.0,ARRIVED,57.80384335272174,601.0,658.8038433527217,
P3261,8592374,8592377,15058.22720788942,15196.0,15713.0,ARRIVED,137.77279211057976,517.0,654.7727921105798,
P3262,8592374,8592377,15412.199962150109,15738.60007095337,15777.599952697754,ARRIVED,326.4001088032601,38.999881744384766,365.39999054764485,MINIBUS_1
P3263,8592374,8589270,15582.548764725325,16098.599952697754,16121.999969482422,ARRIVED,516.051187972429,23.40001678466797,539.451204757097,MINIBUS_1
P3264,8592374,8589158,15108.462015508552,15801.0,16405.0,ARRIVED,692.5379844914478,604.0,1296.5379844914478,
P3265,8592374,8589158,15170.983728627201,15801.0,16405.0,ARRIVED,630.0162713727987,604.0,1234.0162713727987,
P3266,8592374,8589158,15270.56819005249,15801.0,16405.0,ARRIVED,530.4318099475095,604.0,1134.4318099475095,
P3267,8592374,8589158,15330.27899052586,15801.0,16405.0,ARRIVED,470.7210094741404,604.0,1074.7210094741404,
P3268,8592374,8589158,15351.182377596882,17581.800037384033,17592.599994659424,ARRIVED,2230.617659787151,10.799957275390625,2241.4176170625415,MINIBUS_1
P3269,8592374,8589158,15422.089185613444,15801.0,16405.0,ARRIVED,378.910814386556,604.0,982.910814386556,
P3270,8592374,8589158,15497.290663104257,15801.0,16405.0,ARRIVED,303.70933689574304,604.0,907.709336895743,
P3271,8589130,8592374,15398.99769405645,16026.0,16866.0,ARRIVED,627.0023059435498,840.0,1467.0023059435498,
P3272,8589131,8592374,15036.104040538401,15564.0,16127.0,ARRIVED,527.895959461599,563.0,1090.895959461599,
P3273,8589131,8592374,15418.654782461044,15564.0,16127.0,ARRIVED,145.3452175389557,563.0,708.3452175389557,
P3274,8588344,8592374,15192.450486380978,15821.399967193604,15860.400020599365,ARRIVED,628.9494808126256,39.00005340576172,667.9495342183873,MINIBUS_1
P3275,8588344,8592374,15408.803342356174,15628.0,16127.0,ARRIVED,219.19665764382626,499.0,718.1966576438263,
P3276,8588344,8592374,15413.66643409453,16077.59998703003,16079.999988555908,ARRIVED,663.9335529354994,2.4000015258789062,666.3335544613783,MINIBUS_1
P3277,8588344,8592374,15560.955209047168,15628.0,16127.0,ARRIVED,67.04479095283205,499.0,566.044790952832,
P3278,8588344,8592374,15564.248893215688,15628.0,16127.0,ARRIVED,63.75110678431156,499.0,562.7511067843116,
P3279,8577786,8592374,15156.308255611713,15720.0,16127.0,ARRIVED,563.6917443882867,407.0,970.6917443882867,
P3280,8577786,8592374,15188.365669091632,15720.0,16127.0,ARRIVED,531.6343309083677,407.0,938.6343309083677,
P3281,8577786,8592374,15462.697120762992,15720.0,16127.0,ARRIVED,257.3028792370078,407.0,664.3028792370078,
P3282,8577786,8592374,15464.375080828675,15720.0,16127.0,ARRIVED,255.62491917132502,407.0,662.624919171325,
P3283,8577786,8592374,15501.303702354631,16090.8000831604,16098.599952697754,ARRIVED,589.4963808057691,7.799869537353516,597.2962503431227,MINIBUS_1
P3284,8577785,8592374,15150.374330340504,15230.0,15678.0,ARRIVED,79.62566965949554,448.0,527.6256696594955,
P3285,8577785,8592374,15448.529182034677,15512.0,15801.0,ARRIVED,63.47081796532257,289.0,352.47081796532257,
P3286,8577785,8592374,15595.22496158546,15802.0,16127.0,ARRIVED,206.77503841454018,325.0,531.7750384145402,
P3287,8592375,8592374,15300.863039520473,15865.0,16804.0,ARRIVED,564.1369604795273,939.0,1503.1369604795273,
P3288,8592375,8592374,15301.634190185438,16671.000076293945,16675.20002746582,ARRIVED,1369.3658861085078,4.199951171875,1373.5658372803828,MINIBUS_1
P3289,8592375,8592374,15378.44280841979,16130.999992370605,16201.800064086914,ARRIVED,752.5571839508157,70.8000717163086,823.3572556671243,MINIBUS_1
P3290,8592377,8592374,15081.050597170934,15389.0,15801.0,ARRIVED,307.94940282906646,412.0,719.9494028290665,
P3291,8592377,8592374,15277.82829893027,15389.0,15801.0,ARRIVED,111.17170106973026,412.0,523.1717010697303,
P3292,8592377,8592374,15388.506774365283,15389.0,15801.0,ARRIVED,0.4932256347165094,412.0,412.4932256347165,
P3293,8592377,8592374,15400.06747513436,16233.0,16804.0,ARRIVED,832.9325248656405,571.0,1403.9325248656405,
P3294,8592377,8592374,15432.049475121468,15925.200012207031,15931.800033569336,ARRIVED,493.150537085563,6.6000213623046875,499.75055844786766,MINIBUS_1
P3295,8589158,8592374,15193.600041995665,15520.0,16206.0,ARRIVED,326.3999580043346,686.0,1012.3999580043346,
P3296,8589158,8592374,15531.32964755978,17592.599994659424,17601.599990844727,ARRIVED,2061.270347099644,8.999996185302734,2070.2703432849466,MINIBUS_1
P3297,8589158,8592374,15550.088852130391,16392.0,16985.0,ARRIVED,841.9111478696086,593.0,1434.9111478696086,
P3298,8587356,8592374,15140.982972225975,15707.400024414062,15707.999988555908,ARRIVED,566.4170521880878,0.5999641418457031,567.0170163299335,MINIBUS_1
P3299,8587356,8592374,15148.092857487478,15732.0,16206.0,ARRIVED,583.9071425125221,474.0,1057.9071425125221,
P3300,8589141,8589161,15650.528736830727,16406.99998474121,16473.0,ARRIVED,756.4712479104837,66.00001525878906,822.4712631692728,MINIBUS_1
P3301,8589141,8589161,16161.528756268674,16618.0,17183.0,ARRIVED,456.47124373132647,565.0,1021.4712437313265,
P3302,8589138,8592374,15842.27017204504,16748.0,17286.0,ARRIVED,905.7298279549595,538.0,1443.7298279549595,
P3303,8591766,8592374,15600.643601449598,15602.0,16206.0,ARRIVED,1.3563985504024458,604.0,605.3563985504024,
P3304,8591766,8592374,15766.15650504782,17027.40003967285,17028.60007095337,ARRIVED,1261.2435346250313,1.2000312805175781,1262.443565905549,MINIBUS_1
P3305,8591766,8592374,16046.184483300625,16171.0,16662.0,ARRIVED,124.81551669937471,491.0,615.8155166993747,
P3306,8591766,8592374,16064.244244599558,16171.0,16662.0,ARRIVED,106.75575540044156,491.0,597.7557554004416,
P3307,8591766,8592374,16076.372061204414,16171.0,16662.0,ARRIVED,94.62793879558558,491.0,585.6279387955856,
P3308,8591766,8592374,16142.689123680751,16171.0,16662.0,ARRIVED,28.310876319248564,491.0,519.3108763192486,
P3309,8587255,8592374,15693.807650332026,15871.0,16206.0,ARRIVED,177.19234966797376,335.0,512.1923496679738,
P3310,8587255,8592374,15783.762692135422,15871.0,16206.0,ARRIVED,87.23730786457782,335.0,422.2373078645778,
P3311,8587255,8592374,15802.018673496705,15871.0,16206.0,ARRIVED,68.98132650329535,335.0,403.98132650329535,
P3312,8587255,8592374,15802.113452241229,16399.79998779297,16403.999992370605,ARRIVED,597.6865355517402,4.200004577636719,601.886540129377,MINIBUS_1
P3313,8587255,8592374,16001.489695383843,16432.0,16662.0,ARRIVED,430.51030461615665,230.0,660.5103046161566,
P3314,8587255,8592374,16012.487563851713,16432.0,16662.0,ARRIVED,419.5124361482867,230.0,649.5124361482867,
P3315,8587255,8592374,16133.0529599967,16791.600036621094,16804.800033569336,ARRIVED,658.5470766243943,13.199996948242188,671.7470735726365,MINIBUS_1
P3316,8589161,8589141,15740.410409276386,16655.400009155273,16689.599975585938,ARRIVED,914.989599878887,34.19996643066406,949.1895663095511,MINIBUS_2
P3317,8589161,8589152,15649.180810796617,15789.0,16372.0,ARRIVED,139.81918920338285,583.0,722.8191892033828,
P3318,8589161,8589138,15707.426997438948,17016.000003814697,17022.60004043579,ARRIVED,1308.5730063757492,6.60003662109375,1315.173042996843,MINIBUS_1
P3319,8589161,8587255,15815.061291207248,15943.0,16044.0,ARRIVED,127.93870879275164,101.0,228.93870879275164,
P3320,8589161,8587255,16188.55264236886,16787.400024414062,16791.600036621094,ARRIVED,598.8473820452018,4.20001220703125,603.0473942522331,MINIBUS_1
P3321,8589161,8589131,15712.718991627265,16011.0,16908.0,ARRIVED,298.2810083727345,897.0,1195.2810083727345,
P3322,8589161,8577786,15816.272394447104,16011.0,16742.0,ARRIVED,194.72760555289642,731.0,925.7276055528964,
P3323,8589161,8504622,15651.69344579458,15789.0,16224.0,ARRIVED,137.30655420541916,435.0,572.3065542054192,
P3324,8589161,8504622,16001.232228336115,16298.0,16638.0,ARRIVED,296.76777166388456,340.0,636.7677716638846,
P3325,8589161,8504622,16042.386695785288,16298.0,16638.0,ARRIVED,255.61330421471212,340.0,595.6133042147121,
P3326,8589161,8589271,15770.378255364449,15789.0,16488.0,ARRIVED,18.621744635551295,699.0,717.6217446355513,
P3327,8589161,8592375,15782.315332252625,17368.800048828125,17404.20001602173,ARRIVED,1586.4847165755,35.399967193603516,1621.8846837691035,MINIBUS_1
P3328,8589161,8589270,15731.223036020698,18142.800037384033,18146.399982452393,ARRIVED,2411.5770013633355,3.599945068359375,2415.176946431695,MINIBUS_1
P3329,8589161,8589158,15618.361146689562,16473.0,16474.8000831604,ARRIVED,854.6388533104382,1.8000831604003906,856.4389364708386,MINIBUS_1
P3330,8589161,8589158,15717.725014160747,15943.0,16405.0,ARRIVED,225.27498583925262,462.0,687.2749858392526,
P3331,8589161,8589158,15967.603954308346,17800.800064086914,17840.999980926514,ARRIVED,1833.196109778568,40.19991683959961,1873.3960266181675,MINIBUS_1
P3332,8589161,8589158,16183.02690745335,18179.399982452393,18204.600036621094,ARRIVED,1996.3730749990427,25.200054168701172,2021.573129167744,MINIBUS_1
P3333,8592374,8589141,15649.805892871482,15678.0,16425.0,ARRIVED,28.194107128518226,747.0,775.1941071285182,
P3334,8592374,8589141,15721.034187673231,16866.0,17575.0,ARRIVED,1144.965812326769,709.0,1853.965812326769,
P3335,8592374,8589141,15737.330094579112,16866.0,17575.0,ARRIVED,1128.6699054208875,709.0,1837.6699054208875,
P3336,8592374,8589141,15927.752368247167,16253.400024414062,16273.800064086914,ARRIVED,325.6476561668951,20.400039672851562,346.04769583974667,MINIBUS_1
P3337,8592374,8589141,16032.89564485247,17505.599975585938,17523.600051879883,ARRIVED,1472.704330733468,18.000076293945312,1490.7044070274133,MINIBUS_1
P3338,8592374,8589152,15657.254886008242,15678.0,16372.0,ARRIVED,20.745113991757535,694.0,714.7451139917575,
P3339,8592374,8589152,15735.697022081613,16436.400009155273,16461.0,ARRIVED,700.7029870736606,24.599990844726562,725.3029779183871,MINIBUS_2
P3340,8592374,8589152,15817.054820070272,16127.0,16763.0,ARRIVED,309.9451799297276,636.0,945.9451799297276,
P3341,8592374,8589152,15822.270728855481,16127.0,16763.0,ARRIVED,304.72927114451886,636.0,940.7292711445189,
P3342,8592374,8589152,15905.691607211062,16127.0,16763.0,ARRIVED,221.30839278893836,636.0,857.3083927889384,
P3343,8592374,8587255,15746.052840908496,16487.400024414062,16513.79998779297,ARRIVED,741.3471835055661,26.39996337890625,767.7471468844724,MINIBUS_1
P3344,8592374,8587255,15867.630930901343,16127.0,16401.0,ARRIVED,259.36906909865684,274.0,533.3690690986568,
P3345,8592374,8587255,15873.892869184172,16127.0,16401.0,ARRIVED,253.107130815828,274.0,527.107130815828,
P3346,8592374,8589130,15602.619117510281,16253.0,17080.0,ARRIVED,650.3808824897187,827.0,1477.3808824897187,
P3347,8592374,8589130,16181.796795581055,16253.0,17080.0,ARRIVED,71.20320441894546,827.0,898.2032044189455,
P3348,8592374,8589131,15725.535239632252,16237.799987792969,16252.200012207031,ARRIVED,512.2647481607164,14.4000244140625,526.6647725747789,MINIBUS_2
P3349,8592374,8588344,15604.938676105703,16079.999988555908,16088.40002822876,ARRIVED,475.06131245020515,8.400039672851562,483.4613521230567,MINIBUS_1
P3350,8592374,8588344,15779.118464600844,16253.0,16840.0,ARRIVED,473.88153539915584,587.0,1060.8815353991558,
P3351,8592374,8588344,15938.346132118219,16253.0,16840.0,ARRIVED,314.6538678817815,587.0,901.6538678817815,
P3352,8592374,8588344,15987.864223747178,16253.0,16840.0,ARRIVED,265.1357762528223,587.0,852.1357762528223,
P3353,8592374,8588344,16099.898012899554,16253.0,16840.0,ARRIVED,153.10198710044642,587.0,740.1019871004464,
P3354,8592374,8577786,15794.814626095389,16253.0,16742.0,ARRIVED,458.18537390461097,489.0,947.185373904611,
P3355,8592374,8577786,15794.922193461285,16253.0,16742.0,ARRIVED,458.07780653871487,489.0,947.0778065387149,
P3356,8592374,8577785,15635.95105986452,16206.0,16585.0,ARRIVED,570.0489401354807,379.0,949.0489401354807,
P3357,8592374,8577785,15689.156164502921,15931.800033569336,16056.0,ARRIVED,242.64386906641448,124.19996643066406,366.84383549707854,MINIBUS_1
P3358,8592374,8577785,15750.31816230348,16206.0,16585.0,ARRIVED,455.68183769652023,379.0,834.6818376965202,
P3359,8592374,8577785,15758.028937813817,16382.399978637695,16413.599979400635,ARRIVED,624.3710408238785,31.200000762939453,655.571041586818,MINIBUS_2
P3360,8592374,8577785,15784.29048228275,16206.0,16585.0,ARRIVED,421.7095177172505,379.0,800.7095177172505,
P3361,8592374,8504622,15645.43834459713,15678.0,16224.0,ARRIVED,32.56165540286929,546.0,578.5616554028693,
P3362,8592374,8504622,15660.139292494412,15678.0,16224.0,ARRIVED,17.860707505587925,546.0,563.8607075055879,
P3363,8592374,8504622,15673.71836109926,18212.400016784668,18225.600051879883,ARRIVED,2538.6816556854083,13.200035095214844,2551.881690780623,MINIBUS_1
P3364,8592374,8504622,15826.243012975821,16127.0,16638.0,ARRIVED,300.75698702417867,511.0,811.7569870241787,
P3365,8592374,8504622,16057.609144847029,16612.20001220703,16654.20001220703,ARRIVED,554.5908673600024,42.0,596.5908673600024,MINIBUS_2
P3366,8592374,8504622,16093.248546957668,16127.0,16638.0,ARRIVED,33.75145304233229,511.0,544.7514530423323,
P3367,8592374,8504622,16095.784292243185,17416.79999923706,17454.60004043579,ARRIVED,1321.015706993876,37.80004119873047,1358.8157481926064,MINIBUS_1
P3368,8592374,8504622,16126.075985019022,16127.0,16638.0,ARRIVED,0.9240149809775176,511.0,511.9240149809775,
P3369,8592374,8504622,16133.057049942423,16866.0,17383.0,ARRIVED,732.942950057577,517.0,1249.942950057577,
P3370,8592374,8504622,16146.153825106858,16866.0,17383.0,ARRIVED,719.8461748931422,517.0,1236.8461748931422,
P3371,8592374,8589271,15639.18881368279,15678.0,16488.0,ARRIVED,38.81118631721074,810.0,848.8111863172107,
P3372,8592374,8589271,15748.022597276075,16757.399967193604,16773.599975585938,ARRIVED,1009.377369917529,16.200008392333984,1025.577378309863,MINIBUS_2
P3373,8592374,8589271,15791.875291375569,16900.79995727539,16909.79997253418,ARRIVED,1108.9246658998218,9.000015258789062,1117.9246811586108,MINIBUS_1
P3374,8592374,8592378,16101.94191406593,16206.0,16762.0,ARRIVED,104.05808593406982,556.0,660.0580859340698,
P3375,8592374,8592377,15695.977464737458,16206.0,16680.0,ARRIVED,510.0225352625421,474.0,984.0225352625421,
P3376,8592374,8592377,15802.132893435806,16260.0,16294.800003051758,ARRIVED,457.8671065641938,34.80000305175781,492.66710961595163,MINIBUS_2
P3377,8592374,8592377,16062.214452967273,16206.0,16680.0,ARRIVED,143.78554703272675,474.0,617.7855470327268,
P3378,8592374,8592377,16182.378741292205,16206.0,16680.0,ARRIVED,23.621258707795278,474.0,497.6212587077953,
P3379,8592374,8589270,16176.819525644432,17044.79998779297,17070.60004043579,ARRIVED,867.9804621485364,25.800052642822266,893.7805147913587,MINIBUS_1
P3380,8592374,8589158,15682.25601657658,17853.600051879883,17856.00001144409,ARRIVED,2171.344035303302,2.3999595642089844,2173.743994867511,MINIBUS_1
P3381,8592374,8589158,15692.244297463765,17028.60007095337,17031.599990844727,ARRIVED,1336.355773489604,2.999919891357422,1339.3556933809614,MINIBUS_1
P3382,8592374,8589158,15714.617300760656,15801.0,16405.0,ARRIVED,86.38269923934422,604.0,690.3826992393442,
P3383,8592374,8589158,15767.969725141793,15801.0,16405.0,ARRIVED,33.03027485820712,604.0,637.0302748582071,
P3384,8592374,8589158,15791.062441144997,15801.0,16405.0,ARRIVED,9.937558855002862,604.0,613.9375588550029,
P3385,8592374,8589158,16000.262845831445,16804.0,17488.0,ARRIVED,803.7371541685552,684.0,1487.7371541685552,
P3386,8592374,8589158,16017.494375242431,17677.20001602173,17688.000061035156,ARRIVED,1659.705640779297,10.800045013427734,1670.5056857927248,MINIBUS_1
P3387,8592374,8589158,16078.31264890474,16804.0,17488.0,ARRIVED,725.6873510952591,684.0,1409.6873510952591,
P3388,8592374,8589158,16171.376780084773,16804.0,17488.0,ARRIVED,632.6232199152273,684.0,1316.6232199152273,
P3389,8589130,8592374,15744.89960762178,16255.799987792969,16260.0,ARRIVED,510.90038017118786,4.20001220703125,515.1003923782191,MINIBUS_2
P3390,8589131,8592374,15852.020621823174,16168.0,16866.0,ARRIVED,315.9793781768258,698.0,1013.9793781768258,
P3391,8589131,8592374,16025.702597171761,16168.0,16866.0,ARRIVED,142.29740282823877,698.0,840.2974028282388,
P3392,8589131,8592374,16046.585004885143,16168.0,16866.0,ARRIVED,121.41499511485745,698.0,819.4149951148574,
P3393,8588344,8592374,15747.3338428469,16229.0,16866.0,ARRIVED,481.66615715310036,637.0,1118.6661571531004,
P3394,8588344,8592374,15829.047029110729,16201.199996948242,16237.799987792969,ARRIVED,372.15296783751364,36.59999084472656,408.7529586822402,MINIBUS_2
P3395,8588344,8592374,15982.02635281837,16754.399978637695,16757.399967193604,ARRIVED,772.3736258193258,2.999988555908203,775.373614375234,MINIBUS_2
P3396,8588344,8592374,16040.418497079678,16229.0,16866.0,ARRIVED,188.58150292032224,637.0,825.5815029203222,
P3397,8588344,8592374,16051.225940234253,17670.00001525879,17677.20001602173,ARRIVED,1618.7740750245357,7.200000762939453,1625.9740757874752,MINIBUS_1
P3398,8588344,8592374,16052.403116519965,16229.0,16866.0,ARRIVED,176.5968834800351,637.0,813.5968834800351,
P3399,8588344,8592374,16083.370394567388,16229.0,16866.0,ARRIVED,145.62960543261215,637.0,782.6296054326122,
P3400,8588344,8592374,16185.995828224326,16229.0,16866.0,ARRIVED,43.00417177567397,637.0,680.004171775674,
P3401,8577786,8592374,15670.12517945075,15720.0,16127.0,ARRIVED,49.87482054925022,407.0,456.8748205492502,
P3402,8577786,8592374,15807.023695779362,16326.0,16866.0,ARRIVED,518.9763042206378,540.0,1058.9763042206378,
P3403,8577786,8592374,15916.35533262249,16326.0,16866.0,ARRIVED,409.6446673775099,540.0,949.6446673775099,
P3404,8577786,8592374,16022.059174632677,16326.0,16866.0,ARRIVED,303.94082536732276,540.0,843.9408253673228,
P3405,8577786,8592374,16074.682749736912,16570.800018310547,16612.20001220703,ARRIVED,496.11726857363465,41.399993896484375,537.517262470119,MINIBUS_2
P3406,8577786,8592374,16104.005174168535,17503.79995727539,17505.599975585938,ARRIVED,1399.794783106856,1.800018310546875,1401.5948014174028,MINIBUS_1
P3407,8577786,8592374,16147.807732657951,16326.0,16866.0,ARRIVED,178.19226734204858,540.0,718.1922673420486,
P3408,8577786,8592374,16159.192161819701,17032.79999923706,17044.79998779297,ARRIVED,873.6078374173594,11.999988555908203,885.6078259732676,MINIBUS_1
P3409,8577785,8592374,15601.109218408785,16056.0,16057.799987792969,ARRIVED,454.8907815912153,1.79998779296875,456.690769384184,MINIBUS_1
P3410,8577785,8592374,15719.53359438061,16413.599979400635,16436.400009155273,ARRIVED,694.0663850200253,22.800029754638672,716.866414774664,MINIBUS_2
P3411,8577785,8592374,15765.17515386737,15802.0,16127.0,ARRIVED,36.82484613262932,325.0,361.8248461326293,
P3412,8577785,8592374,16199.250227479497,16369.0,16804.0,ARRIVED,169.74977252050303,435.0,604.749772520503,
P3413,8592375,8592374,15854.631502178876,16297.800018310547,16382.399978637695,ARRIVED,443.1685161316709,84.59996032714844,527.7684764588194,MINIBUS_2
P3414,8592375,8592374,16120.383255847897,16814.0,17564.0,ARRIVED,693.6167441521029,750.0,1443.616744152103,
P3415,8592375,8592374,16125.475703325912,16814.0,17564.0,ARRIVED,688.524296674088,750.0,1438.524296674088,
P3416,8592378,8592374,15619.510481238322,17571.0,17581.800037384033,ARRIVED,1951.4895187616785,10.800037384033203,1962.2895561457117,MINIBUS_1
P3417,8592377,8592374,15933.94690874863,16233.0,16804.0,ARRIVED,299.05309125136955,571.0,870.0530912513696,
P3418,8592377,8592374,16048.97304434,16233.0,16804.0,ARRIVED,184.02695565999966,571.0,755.0269556599997,
P3419,8592377,8592374,16166.62943915064,16233.0,16804.0,ARRIVED,66.37056084936012,571.0,637.3705608493601,
P3420,8589158,8592374,15673.420789786855,16392.0,16985.0,ARRIVED,718.5792102131454,593.0,1311.5792102131454,
P3421,8589158,8592374,15829.708357547279,17840.999980926514,17853.600051879883,ARRIVED,2011.2916233792348,12.60007095336914,2023.891694332604,MINIBUS_1
P3422,8589158,8592374,15836.578573993123,16392.0,16985.0,ARRIVED,555.4214260068766,593.0,1148.4214260068766,
P3423,8589158,8592374,15844.91303257812,16474.8000831604,16487.400024414062,ARRIVED,629.8870505822797,12.59994125366211,642.4869918359418,MINIBUS_1
P3424,8589158,8592374,15936.57359177296,16392.0,16985.0,ARRIVED,455.42640822704016,593.0,1048.4264082270402,
P3425,8589158,8592374,16056.223899380482,16392.0,16985.0,ARRIVED,335.7761006195178,593.0,928.7761006195178,
P3426,8587356,8592374,15666.331471552003,15732.0,16206.0,ARRIVED,65.66852844799723,474.0,539.6685284479972,
P3427,8589141,8589161,16250.009913661022,16618.0,17183.0,ARRIVED,367.99008633897756,565.0,932.9900863389776,
P3428,8589141,8589161,16476.07615253478,16618.0,17183.0,ARRIVED,141.9238474652193,565.0,706.9238474652193,
P3429,8589141,8589161,16771.968962004063,17783.99998474121,17800.800064086914,ARRIVED,1012.0310227371483,16.800079345703125,1028.8311020828514,MINIBUS_1
P3430,8589152,8589161,16488.48602018646,16669.0,17183.0,ARRIVED,180.51397981353875,514.0,694.5139798135388,
P3431,8589152,8589161,16671.307621090447,17656.79997253418,17662.800064086914,ARRIVED,985.4923514437323,6.000091552734375,991.4924429964667,MINIBUS_1
P3432,8589138,8592374,16406.668378996434,16870.200008392334,16890.599990844727,ARRIVED,463.5316293959004,20.399982452392578,483.93161184829296,MINIBUS_1
P3433,8591766,8592374,16393.94652663703,16504.0,16985.0,ARRIVED,110.05347336296836,481.0,591.0534733629684,
P3434,8591766,8592374,16457.36517113452,17768.400024414062,17773.200004577637,ARRIVED,1311.0348532795433,4.799980163574219,1315.8348334431175,MINIBUS_1
P3435,8591766,8592374,16488.74210912045,16899.600025177002,16900.79995727539,ARRIVED,410.8579160565532,1.1999320983886719,412.0578481549419,MINIBUS_1
P3436,8591766,8592374,16551.26381388331,17529.60007095337,17530.800052642822,ARRIVED,978.3362570700592,1.199981689453125,979.5362387595123,MINIBUS_1
P3437,8591766,8592374,16761.257806153106,18160.800003051758,18178.20001602173,ARRIVED,1399.542196898652,17.400012969970703,1416.9422098686227,MINIBUS_1
P3438,8591766,8592374,16792.253186462476,17482.200088500977,17488.200004577637,ARRIVED,689.9469020385004,5.999916076660156,695.9468181151606,MINIBUS_1
P3439,8587255,8592374,16396.847500901575,16432.0,16662.0,ARRIVED,35.152499098425324,230.0,265.1524990984253,
P3440,8587255,8592374,16449.18516638865,17476.79997253418,17476.79998779297,ARRIVED,1027.6148061455315,1.52587890625e-05,1027.6148214043205,MINIBUS_1
P3441,8587255,8592374,16572.522123625393,16909.20001220703,16947.600021362305,ARRIVED,336.6778885816384,38.40000915527344,375.07789773691184,MINIBUS_2
P3442,8587255,8592374,16606.347049682674,16909.20001220703,16947.600021362305,ARRIVED,302.8529625243573,38.40000915527344,341.2529716796307,MINIBUS_2
P3443,8587255,8592374,16620.23399262405,16726.0,16985.0,ARRIVED,105.76600737595072,259.0,364.7660073759507,
P3444,8589161,8589141,16262.529118676683,16986.0,17575.0,ARRIVED,723.4708813233174,589.0,1312.4708813233174,
P3445,8589161,8589141,16452.49203441856,16986.0,17575.0,ARRIVED,533.5079655814407,589.0,1122.5079655814407,
P3446,8589161,8589152,16455.219449662753,16986.0,17529.0,ARRIVED,530.7805503372474,543.0,1073.7805503372474,
P3447,8589161,8587255,16387.411147952775,16908.0,17086.0,ARRIVED,520.5888520472254,178.0,698.5888520472254,
P3448,8589161,8587255,16412.516045279874,16908.0,17086.0,ARRIVED,495.48395472012635,178.0,673.4839547201263,
P3449,8589161,8589131,16559.779351460897,16924.20001220703,16981.20001220703,ARRIVED,364.4206607461347,57.0,421.4206607461347,MINIBUS_2
P3450,8589161,8589131,16623.497766862085,17183.0,17812.0,ARRIVED,559.502233137915,629.0,1188.502233137915,
P3451,8589161,8577786,16219.002712886268,16542.0,17120.0,ARRIVED,322.99728711373245,578.0,900.9972871137325,
P3452,8589161,8504622,16244.777186794292,16298.0,16638.0,ARRIVED,53.22281320570801,340.0,393.222813205708,
P3453,8589161,8504622,16285.63029771274,16632.60004043579,16648.799991607666,ARRIVED,346.96974272305124,16.199951171875,363.16969389492624,MINIBUS_1
P3454,8589161,8504622,16343.586437160624,16986.0,17383.0,ARRIVED,642.413562839376,397.0,1039.413562839376,
P3455,8589161,8592377,16504.135008857163,16924.20001220703,16954.800018310547,ARRIVED,420.06500334986777,30.600006103515625,450.6650094533834,MINIBUS_2
P3456,8589161,8592377,16750.101538221606,17335.800037384033,17341.800064086914,ARRIVED,585.6984991624267,6.000026702880859,591.6985258653076,MINIBUS_1
P3457,8589161,8589270,16593.10407171783,16908.0,17380.0,ARRIVED,314.89592828217064,472.0,786.8959282821706,
P3458,8589161,8589158,16399.812138001915,16908.0,17488.0,ARRIVED,508.1878619980853,580.0,1088.1878619980853,
P3459,8589161,8589158,16459.255886187235,16908.0,17488.0,ARRIVED,448.74411381276514,580.0,1028.7441138127651,
P3460,8592374,8589141,16227.90579817476,16866.0,17575.0,ARRIVED,638.0942018252408,709.0,1347.0942018252408,
P3461,8592374,8589141,16733.592651471317,17165.400009155273,17230.79999923706,ARRIVED,431.80735768395607,65.39999008178711,497.2073477657432,MINIBUS_2
P3462,8592374,8589141,16735.837788464825,17165.400009155273,17230.79999923706,ARRIVED,429.56222069044816,65.39999008178711,494.96221077223527,MINIBUS_2
P3463,8592374,8589152,16281.103373324491,16804.800033569336,16847.400024414062,ARRIVED,523.6966602448447,42.59999084472656,566.2966510895712,MINIBUS_1
P3464,8592374,8589152,16400.352268652787,16866.0,17529.0,ARRIVED,465.64773134721327,663.0,1128.6477313472133,
P3465,8592374,8589152,16569.455628327865,17051.400024414062,17219.400024414062,ARRIVED,481.94439608619723,168.0,649.9443960861972,MINIBUS_2
P3466,8592374,8589152,16683.850198213906,17165.400009155273,17219.400024414062,ARRIVED,481.54981094136747,54.00001525878906,535.5498262001565,MINIBUS_2
P3467,8592374,8589152,16791.026532545144,16866.0,17529.0,ARRIVED,74.97346745485629,663.0,737.9734674548563,
P3468,8592374,8589138,16547.39050268869,17051.400024414062,17208.599990844727,ARRIVED,504.0095217253729,157.19996643066406,661.209488156037,MINIBUS_2
P3469,8592374,8587255,16257.52547645333,16804.0,17086.0,ARRIVED,546.4745235466708,282.0,828.4745235466708,
P3470,8592374,8587255,16445.60554059347,16804.0,17086.0,ARRIVED,358.39445940652877,282.0,640.3944594065288,
P3471,8592374,8587255,16621.594786859245,16804.0,17086.0,ARRIVED,182.40521314075522,282.0,464.4052131407552,
P3472,8592374,8587255,16713.918661450178,16804.0,17086.0,ARRIVED,90.08133854982225,282.0,372.08133854982225,
P3473,8592374,8589130,16275.31202526331,17286.0,18038.0,ARRIVED,1010.6879747366893,752.0,1762.6879747366893,
P3474,8592374,8589130,16305.905993498951,16947.600021362305,17021.400024414062,ARRIVED,641.6940278633538,73.80000305175781,715.4940309151116,MINIBUS_2
P3475,8592374,8589130,16354.015114676373,17286.0,18038.0,ARRIVED,931.9848853236272,752.0,1683.9848853236272,
P3476,8592374,8589130,16376.316241086019,17286.0,18038.0,ARRIVED,909.6837589139814,752.0,1661.6837589139814,
P3477,8592374,8589130,16606.13084294385,17254.199996948242,17278.79997253418,ARRIVED,648.0691540043917,24.5999755859375,672.6691295903292,MINIBUS_1
P3478,8592374,8588344,16461.62859363358,17665.79997253418,17670.00001525879,ARRIVED,1204.171378900599,4.200042724609375,1208.3714216252083,MINIBUS_1
P3479,8592374,8588344,16472.31841983647,17286.0,17740.0,ARRIVED,813.6815801635312,454.0,1267.6815801635312,
P3480,8592374,8577786,16497.810912948626,16662.0,17120.0,ARRIVED,164.18908705137437,458.0,622.1890870513744,
P3481,8592374,8577786,16585.67570594691,16662.0,17120.0,ARRIVED,76.32429405309085,458.0,534.3242940530909,
P3482,8592374,8577786,16717.90949055162,17286.0,17652.0,ARRIVED,568.0905094483787,366.0,934.0905094483787,
P3483,8592374,8577785,16351.987508947355,17530.800052642822,17563.800037384033,ARRIVED,1178.812543695467,32.99998474121094,1211.812528436678,MINIBUS_1
P3484,8592374,8504622,16210.402808158244,16866.0,17383.0,ARRIVED,655.5971918417563,517.0,1172.5971918417563,
P3485,8592374,8504622,16235.845263969743,16866.0,17383.0,ARRIVED,630.1547360302575,517.0,1147.1547360302575,
P3486,8592374,8504622,16305.585361703375,17773.200004577637,17775.000049591064,ARRIVED,1467.6146428742613,1.8000450134277344,1469.414687887689,MINIBUS_1
P3487,8592374,8504622,16411.05226616336,16866.0,17383.0,ARRIVED,454.9477338366414,517.0,971.9477338366414,
P3488,8592374,8504622,16614.339286927458,16866.0,17383.0,ARRIVED,251.66071307254242,517.0,768.6607130725424,
P3489,8592374,8589271,16273.86229490728,16866.0,17632.0,ARRIVED,592.1377050927204,766.0,1358.1377050927204,
P3490,8592374,8589271,16281.148785645568,16890.599990844727,16897.79998779297,ARRIVED,609.4512051991587,7.1999969482421875,616.6512021474009,MINIBUS_1
P3491,8592374,8589271,16523.44568336269,16866.0,17632.0,ARRIVED,342.55431663730997,766.0,1108.55431663731,
P3492,8592374,8589271,16662.541124663545,16866.0,17632.0,ARRIVED,203.4588753364551,766.0,969.4588753364551,
P3493,8592374,8589271,16695.739691916304,16866.0,17632.0,ARRIVED,170.26030808369615,766.0,936.2603080836961,
P3494,8592374,8589271,16798.168274545766,16866.0,17632.0,ARRIVED,67.8317254542344,766.0,833.8317254542344,
P3495,8592374,8592375,16641.440385978458,17488.200004577637,17493.599990844727,ARRIVED,846.7596185991788,5.399986267089844,852.1596048662686,MINIBUS_1
P3496,8592374,8592378,16418.491294507276,17992.0,18489.0,ARRIVED,1573.5087054927244,497.0,2070.5087054927244,
P3497,8592374,8592377,16417.749784966712,16985.0,17420.0,ARRIVED,567.2502150332875,435.0,1002.2502150332875,
P3498,8592374,8592377,16522.6797729104,16947.600021362305,16954.800018310547,ARRIVED,424.9202484519046,7.1999969482421875,432.1202454001468,MINIBUS_2
P3499,8592374,8592377,16588.509301104856,16985.0,17420.0,ARRIVED,396.4906988951443,435.0,831.4906988951443,
P3500,8592374,8589270,16255.462787057248,16804.0,17380.0,ARRIVED,548.5372129427524,576.0,1124.5372129427524,
P3501,8592374,8589270,16293.141173269067,16804.0,17380.0,ARRIVED,510.8588267309333,576.0,1086.8588267309333,
P3502,8592374,8589270,16444.07501706479,17051.400024414062,17169.0,ARRIVED,607.3250073492709,117.5999755859375,724.9249829352084,MINIBUS_2
P3503,8592374,8589270,16512.56952751783,16804.0,17380.0,ARRIVED,291.43047248217044,576.0,867.4304724821704,
P3504,8592374,8589270,16710.82904251651,16804.0,17380.0,ARRIVED,93.17095748348947,576.0,669.1709574834895,
P3505,8592374,8589270,16735.927781670784,16804.0,17380.0,ARRIVED,68.07221832921641,576.0,644.0722183292164,
P3506,8592374,8589158,16233.309309156495,16804.0,17488.0,ARRIVED,570.6906908435049,684.0,1254.6906908435049,
P3507,8592374,8589158,16233.333605551281,16804.0,17488.0,ARRIVED,570.6663944487191,684.0,1254.666394448719,
P3508,8592374,8589158,16246.908253697811,17476.79998779297,17479.799991607666,ARRIVED,1229.8917340951575,3.0000038146972656,1232.8917379098548,MINIBUS_1
P3509,8592374,8589158,16518.13723802019,16804.0,17488.0,ARRIVED,285.8627619798099,684.0,969.8627619798099,
P3510,8592374,8589158,16720.14485518116,16804.0,17488.0,ARRIVED,83.85514481884093,684.0,767.8551448188409,
P3511,8592374,8589158,16746.75113892225,16804.0,17488.0,ARRIVED,57.24886107775092,684.0,741.2488610777509,
P3512,8589130,8592374,16481.385794751863,17021.400024414062,17051.400024414062,ARRIVED,540.0142296621998,30.0,570.0142296621998,MINIBUS_2
P3513,8589131,8592374,16340.332550808726,16770.0,17362.0,ARRIVED,429.6674491912745,592.0,1021.6674491912745,
P3514,8589131,8592374,16683.535294623634,16770.0,17362.0,ARRIVED,86.4647053763656,592.0,678.4647053763656,
P3515,8589131,8592374,16703.22846535322,16770.0,17362.0,ARRIVED,66.77153464678122,592.0,658.7715346467812,
P3516,8588344,8592374,16484.501502817184,17049.00001525879,17051.400024414062,ARRIVED,564.4985124416053,2.4000091552734375,566.8985215968787,MINIBUS_2
P3517,8588344,8592374,16550.871425068526,17049.00001525879,17051.400024414062,ARRIVED,498.1285901902629,2.4000091552734375,500.52859934553635,MINIBUS_2
P3518,8588344,8592374,16579.972123581403,17510.0,18007.0,ARRIVED,930.0278764185969,497.0,1427.0278764185969,
P3519,8588344,8592374,16590.95566642714,17049.00001525879,17051.400024414062,ARRIVED,458.0443488316487,2.4000091552734375,460.4443579869221,MINIBUS_2
P3520,8588344,8592374,16695.16740896761,17510.0,18007.0,ARRIVED,814.8325910323911,497.0,1311.832591032391,
P3521,8588344,8592374,16783.90158668781,17314.20001220703,17316.000045776367,ARRIVED,530.2984255192205,1.8000335693359375,532.0984590885564,MINIBUS_1
P3522,8577785,8592374,16202.694360512185,16369.0,16804.0,ARRIVED,166.30563948781491,435.0,601.3056394878149,
P3523,8577785,8592374,16246.135429643231,16369.0,16804.0,ARRIVED,122.86457035676904,435.0,557.864570356769,
P3524,8577785,8592374,16550.837896708275,16980.0,17362.0,ARRIVED,429.16210329172463,382.0,811.1621032917246,
P3525,8577785,8592374,16597.282582451448,16980.0,17362.0,ARRIVED,382.7174175485525,382.0,764.7174175485525,
P3526,8577785,8592374,16632.16542479234,16980.0,17362.0,ARRIVED,347.83457520766024,382.0,729.8345752076602,
P3527,8577785,8592374,16723.850547695136,17497.199993133545,17498.399940490723,ARRIVED,773.349445438409,1.1999473571777344,774.5493927955868,MINIBUS_1
P3528,8592375,8592374,16265.31782599726,17404.20001602173,17416.79999923706,ARRIVED,1138.8821900244693,12.599983215332031,1151.4821732398013,MINIBUS_1
P3529,8592377,8592374,16229.996520623514,16233.0,16804.0,ARRIVED,3.0034793764862115,571.0,574.0034793764862,
P3530,8592377,8592374,16416.71988696513,17111.0,17564.0,ARRIVED,694.2801130348707,453.0,1147.2801130348707,
P3531,8592377,8592374,16489.62977132994,17111.0,17564.0,ARRIVED,621.3702286700609,453.0,1074.370228670061,
P3532,8592377,8592374,16566.82838420795,17111.0,17564.0,ARRIVED,544.1716157920491,453.0,997.1716157920491,
P3533,8592377,8592374,16796.20773190499,17111.0,17564.0,ARRIVED,314.7922680950105,453.0,767.7922680950105,
P3534,8589158,8592374,16220.31384174543,16392.0,16985.0,ARRIVED,171.68615825456982,593.0,764.6861582545698,
P3535,8589158,8592374,16302.185998977093,18204.600036621094,18212.400016784668,ARRIVED,1902.414037644001,7.799980163574219,1910.2140178075751,MINIBUS_1
P3536,8589158,8592374,16400.546833022607,17364.0,17992.0,ARRIVED,963.4531669773933,628.0,1591.4531669773933,
P3537,8589158,8592374,16471.362544347558,17364.0,17992.0,ARRIVED,892.6374556524424,628.0,1520.6374556524424,
P3538,8589158,8592374,16539.054929098525,17364.0,17992.0,ARRIVED,824.9450709014745,628.0,1452.9450709014745,
P3539,8589158,8592374,16547.10756232272,17364.0,17992.0,ARRIVED,816.8924376772811,628.0,1444.8924376772811,
P3540,8589158,8592374,16720.641663862218,17364.0,17992.0,ARRIVED,643.3583361377823,628.0,1271.3583361377823,
P3541,8587356,8592374,16329.994133147617,16614.0,16985.0,ARRIVED,284.0058668523834,371.0,655.0058668523834,
P3542,8589141,8589161,16916.419337941552,17455.20004272461,17463.600051879883,ARRIVED,538.7807047830574,8.400009155273438,547.1807139383309,MINIBUS_1
P3543,8589141,8589161,16920.04355053025,18130.0,18708.0,ARRIVED,1209.9564494697515,578.0,1787.9564494697515,
P3544,8589141,8589161,16935.530040729533,18130.0,18708.0,ARRIVED,1194.4699592704674,578.0,1772.4699592704674,
P3545,8589141,8589161,17078.36037700317,18130.0,18708.0,ARRIVED,1051.6396229968304,578.0,1629.6396229968304,
P3546,8589152,8589161,17154.477093714308,18182.0,18708.0,ARRIVED,1027.5229062856924,526.0,1553.5229062856924,
P3547,8589152,8589161,17176.54399286448,18182.0,18708.0,ARRIVED,1005.456007135519,526.0,1531.456007135519,
P3548,8589152,8589161,17239.523682928546,18182.0,18708.0,ARRIVED,942.4763170714541,526.0,1468.476317071454,
P3549,8589138,8592374,17352.486208350914,18573.0,18837.00001525879,ARRIVED,1220.5137916490858,264.00001525878906,1484.5138069078748,MINIBUS_2
P3550,8591766,8592374,16924.081664179637,17391.0,17959.0,ARRIVED,466.9183358203627,568.0,1034.9183358203627,
P3551,8591766,8592374,16927.531268677423,17391.0,17959.0,ARRIVED,463.4687313225768,568.0,1031.4687313225768,
P3552,8591766,8592374,17139.1330714624,18590.400024414062,18837.00001525879,ARRIVED,1451.2669529516643,246.59999084472656,1697.8669437963908,MINIBUS_2
P3553,8591766,8592374,17325.429219544596,17391.0,17959.0,ARRIVED,65.57078045540402,568.0,633.570780455404,
P3554,8591766,8592374,17361.405467187353,17391.0,17959.0,ARRIVED,29.59453281264723,568.0,597.5945328126472,
P3555,8587255,8592374,16829.02636178711,17664.600051879883,17665.79997253418,ARRIVED,835.5736900927732,1.199920654296875,836.77361074707,MINIBUS_1
P3556,8587255,8592374,16833.9662780453,17122.199996948242,17165.400009155273,ARRIVED,288.2337189029422,43.20001220703125,331.43373110997345,MINIBUS_2
P3557,8587255,8592374,16860.91410509268,17122.199996948242,17165.400009155273,ARRIVED,261.2858918555612,43.20001220703125,304.48590406259245,MINIBUS_2
P3558,8587255,8592374,16884.52773162457,17122.199996948242,17165.400009155273,ARRIVED,237.67226532367204,43.20001220703125,280.8722775307033,MINIBUS_2
P3559,8587255,8592374,16933.98082358802,17060.0,17286.0,ARRIVED,126.01917641198088,226.0,352.0191764119809,
P3560,8587255,8592374,16999.02771484076,18765.00001525879,18837.00001525879,ARRIVED,1765.9723004180305,72.0,1837.9723004180305,MINIBUS_2
P3561,8587255,8592374,17084.27240590506,17664.0,17959.0,ARRIVED,579.7275940949403,295.0,874.7275940949403,
P3562,8587255,8592374,17161.99679987861,17664.0,17959.0,ARRIVED,502.0032001213913,295.0,797.0032001213913,
P3563,8587255,8592374,17199.873032253756,18765.00001525879,18837.00001525879,ARRIVED,1565.1269830050333,72.0,1637.1269830050333,MINIBUS_2
P3564,8587255,8592374,17203.42558305843,17664.0,17959.0,ARRIVED,460.57441694157023,295.0,755.5744169415702,
P3565,8587255,8592374,17314.92079420985,17664.0,17959.0,ARRIVED,349.079205790149,295.0,644.079205790149,
P3566,8587255,8592374,17375.371834741032,17664.0,17959.0,ARRIVED,288.6281652589678,295.0,583.6281652589678,
P3567,8589161,8587255,17209.897668246496,17894.399940490723,17896.20001220703,ARRIVED,684.5022722442263,1.8000717163085938,686.3023439605349,MINIBUS_1
P3568,8589161,8587255,17294.09749546803,18082.800037384033,18082.800064086914,ARRIVED,788.7025419160018,2.6702880859375e-05,788.7025686188827,MINIBUS_1
P3569,8589161,8589131,16938.45884633264,17183.0,17812.0,ARRIVED,244.54115366736005,629.0,873.54115366736,
P3570,8589161,8589131,17287.668894714618,17802.0,18591.0,ARRIVED,514.3311052853824,789.0,1303.3311052853824,
P3571,8589161,8589131,17327.99465080826,17802.0,18591.0,ARRIVED,474.0053491917388,789.0,1263.0053491917388,
P3572,8589161,8577786,16880.764193526717,17183.0,17652.0,ARRIVED,302.23580647328345,469.0,771.2358064732834,
P3573,8589161,8504622,17399.03923118264,17722.800064086914,17754.000049591064,ARRIVED,323.76083290427414,31.19998550415039,354.96081840842453,MINIBUS_1
P3574,8589161,8592375,17379.674855671274,17802.0,18533.0,ARRIVED,422.3251443287263,731.0,1153.3251443287263,
P3575,8589161,8592377,17139.17447201897,18778.800048828125,18933.600051879883,ARRIVED,1639.6255768091542,154.8000030517578,1794.425579860912,MINIBUS_2
P3576,8589161,8589270,17172.447709118114,17626.199996948242,17941.800003051758,ARRIVED,453.7522878301279,315.6000061035156,769.3522939336435,MINIBUS_2
P3577,8589161,8589158,16933.25124145168,17670.0,18178.0,ARRIVED,736.7487585483213,508.0,1244.7487585483213,
P3578,8589161,8589158,17057.4609304269,17626.199996948242,17893.20001220703,ARRIVED,568.7390665213425,267.00001525878906,835.7390817801315,MINIBUS_2
P3579,8589161,8589158,17364.95123973797,17670.0,18178.0,ARRIVED,305.04876026203056,508.0,813.0487602620306,
P3580,8592374,8589141,16921.28003964374,17362.0,18036.0,ARRIVED,440.7199603562585,674.0,1114.7199603562585,
P3581,8592374,8589141,16951.01069967502,17512.20001220703,18506.400024414062,ARRIVED,561.189312532013,994.2000122070312,1555.3893247390442,MINIBUS_2
P3582,8592374,8589141,17045.609315642883,17362.0,18036.0,ARRIVED,316.3906843571167,674.0,990.3906843571167,
P3583,8592374,8589152,17079.66220905793,17362.0,17993.0,ARRIVED,282.33779094207057,631.0,913.3377909420706,
P3584,8592374,8589138,16810.01290307176,16866.0,17436.0,ARRIVED,55.987096928238316,570.0,625.9870969282383,
P3585,8592374,8589138,16999.267200035505,17512.20001220703,18573.0,ARRIVED,512.9328121715262,1060.7999877929688,1573.732799964495,MINIBUS_2
P3586,8592374,8589138,17311.33155658746,17362.0,17905.0,ARRIVED,50.66844341253818,543.0,593.6684434125382,
P3587,8592374,8587255,16810.105802270045,16866.0,17114.0,ARRIVED,55.89419772995461,248.0,303.8941977299546,
P3588,8592374,8587255,17192.808373146803,17362.0,17606.0,ARRIVED,169.1916268531968,244.0,413.1916268531968,
P3589,8592374,8587255,17351.80047734326,17858.400009155273,17884.200046539307,ARRIVED,506.5995318120149,25.800037384033203,532.3995691960481,MINIBUS_1
P3590,8592374,8587255,17395.758805038462,17564.0,17775.0,ARRIVED,168.24119496153799,211.0,379.241194961538,
P3591,8592374,8589130,16866.23751948189,17126.99998474121,17143.800064086914,ARRIVED,260.7624652593222,16.800079345703125,277.5625446050253,MINIBUS_1
P3592,8592374,8589130,17017.607917311456,17286.0,18038.0,ARRIVED,268.3920826885442,752.0,1020.3920826885442,
P3593,8592374,8589130,17028.221771392702,18837.00001525879,19620.0,ARRIVED,1808.778243866087,782.9999847412109,2591.778228607298,MINIBUS_2
P3594,8592374,8589130,17062.74421846814,17286.0,18038.0,ARRIVED,223.25578153186143,752.0,975.2557815318614,
P3595,8592374,8589130,17397.745524189795,17959.0,18796.0,ARRIVED,561.2544758102049,837.0,1398.254475810205,
P3596,8592374,8589131,16879.735577910054,18837.00001525879,19584.000049591064,ARRIVED,1957.2644373487346,747.0000343322754,2704.26447168101,MINIBUS_2
P3597,8592374,8589131,17060.93084695195,18837.00001525879,19584.000049591064,ARRIVED,1776.0691683068399,747.0000343322754,2523.0692026391152,MINIBUS_2
P3598,8592374,8589131,17279.327529733524,17286.0,17812.0,ARRIVED,6.672470266476012,526.0,532.672470266476,
P3599,8592374,8588344,16918.599718284946,17286.0,17740.0,ARRIVED,367.400281715054,454.0,821.400281715054,
P3600,8592374,8588344,17230.600377131796,17286.0,17740.0,ARRIVED,55.39962286820446,454.0,509.39962286820446,
P3601,8592374,8577786,16818.00341231913,17286.0,17652.0,ARRIVED,467.996587680871,366.0,833.996587680871,
P3602,8592374,8577786,16843.50274647369,17498.399940490723,17503.79995727539,ARRIVED,654.897194017034,5.400016784667969,660.297210801702,MINIBUS_1
P3603,8592374,8577786,16929.683079835388,17286.0,17652.0,ARRIVED,356.3169201646124,366.0,722.3169201646124,
P3604,8592374,8577786,17005.531280539795,17286.0,17652.0,ARRIVED,280.46871946020474,366.0,646.4687194602047,
P3605,8592374,8577786,17209.65116360661,17286.0,17652.0,ARRIVED,76.34883639339023,366.0,442.34883639339023,
P3606,8592374,8577786,17340.039744273152,17959.0,18420.0,ARRIVED,618.9602557268481,461.0,1079.9602557268481,
P3607,8592374,8577785,16837.449200427352,17286.0,17588.0,ARRIVED,448.5507995726475,302.0,750.5507995726475,
P3608,8592374,8577785,16888.90230407089,17286.0,17588.0,ARRIVED,397.09769592911107,302.0,699.0976959291111,
P3609,8592374,8577785,17060.271438561693,18837.00001525879,18903.600051879883,ARRIVED,1776.7285766970963,66.60003662109375,1843.32861331819,MINIBUS_2
P3610,8592374,8577785,17170.406197673008,17286.0,17588.0,ARRIVED,115.59380232699186,302.0,417.59380232699186,
P3611,8592374,8577785,17315.097584262403,17959.0,18344.0,ARRIVED,643.902415737597,385.0,1028.902415737597,
P3612,8592374,8577785,17352.526803975335,19198.20001220703,19209.00001525879,ARRIVED,1845.6732082316958,10.800003051757812,1856.4732112834536,MINIBUS_2
P3613,8592374,8504622,17029.7027599045,17362.0,17856.0,ARRIVED,332.29724009550046,494.0,826.2972400955005,
P3614,8592374,8504622,17065.50169905605,17362.0,17856.0,ARRIVED,296.4983009439493,494.0,790.4983009439493,
P3615,8592374,8504622,17146.659858690793,17362.0,17856.0,ARRIVED,215.34014130920696,494.0,709.340141309207,
P3616,8592374,8589271,16860.799159255694,16866.0,17632.0,ARRIVED,5.200840744306333,766.0,771.2008407443063,
P3617,8592374,8589271,16996.396556805787,17362.0,18087.0,ARRIVED,365.60344319421347,725.0,1090.6034431942135,
P3618,8592374,8589271,17010.57542047039,17512.20001220703,18522.600051879883,ARRIVED,501.62459173663956,1010.4000396728516,1512.0246314094911,MINIBUS_2
P3619,8592374,8589271,17150.291787635615,17362.0,18087.0,ARRIVED,211.70821236438496,725.0,936.708212364385,
P3620,8592374,8589271,17164.377705125262,17362.0,18087.0,ARRIVED,197.62229487473815,725.0,922.6222948747381,
P3621,8592374,8592375,17177.27817028038,17992.0,18533.0,ARRIVED,814.7218297196196,541.0,1355.7218297196196,
P3622,8592374,8592377,16978.18748999109,16985.0,17420.0,ARRIVED,6.8125100089091575,435.0,441.81251000890916,
P3623,8592374,8592377,17097.7231766878,18837.00001525879,18933.600051879883,ARRIVED,1739.2768385709896,96.60003662109375,1835.8768751920834,MINIBUS_2
P3624,8592374,8589158,16869.122138190927,17564.0,18178.0,ARRIVED,694.8778618090728,614.0,1308.8778618090728,
P3625,8592374,8589158,17137.26547130694,17564.0,18178.0,ARRIVED,426.7345286930613,614.0,1040.7345286930613,
P3626,8592374,8589158,17224.812243439625,17564.0,18178.0,ARRIVED,339.1877565603754,614.0,953.1877565603754,
P3627,8592374,8589158,17302.114474161448,17564.0,18178.0,ARRIVED,261.885525838552,614.0,875.885525838552,
P3628,8592374,8589158,17362.716556221374,17564.0,18178.0,ARRIVED,201.28344377862595,614.0,815.283443778626,
P3629,8592374,8589158,17386.198673421946,17564.0,18178.0,ARRIVED,177.8013265780537,614.0,791.8013265780537,
P3630,8592374,8589158,17386.571333017873,17564.0,18178.0,ARRIVED,177.42866698212674,614.0,791.4286669821267,
P3631,8589130,8592374,17013.835527448166,17279.0,18007.0,ARRIVED,265.1644725518345,728.0,993.1644725518345,
P3632,8589130,8592374,17157.22689041805,17279.0,18007.0,ARRIVED,121.77310958195085,728.0,849.7731095819508,
P3633,8589130,8592374,17335.75288707423,18114.0,18905.0,ARRIVED,778.2471129257683,791.0,1569.2471129257683,
P3634,8589131,8592374,16929.360610712934,18263.0,18905.0,ARRIVED,1333.6393892870656,642.0,1975.6393892870656,
P3635,8589131,8592374,17109.90477432809,18263.0,18905.0,ARRIVED,1153.0952256719102,642.0,1795.0952256719102,
P3636,8589131,8592374,17152.898109520364,19122.0,19198.20001220703,ARRIVED,1969.1018904796365,76.20001220703125,2045.3019026866677,MINIBUS_2
P3637,8589131,8592374,17167.64186346308,18263.0,18905.0,ARRIVED,1095.358136536921,642.0,1737.358136536921,
P3638,8588344,8592374,16872.476582034145,17215.800003051758,17254.199996948242,ARRIVED,343.3234210176124,38.399993896484375,381.7234149140968,MINIBUS_1
P3639,8588344,8592374,16995.052929423928,17510.0,18007.0,ARRIVED,514.9470705760723,497.0,1011.9470705760723,
P3640,8588344,8592374,17008.969289267923,17510.0,18007.0,ARRIVED,501.03071073207684,497.0,998.0307107320768,
P3641,8588344,8592374,17081.67489842749,17510.0,18007.0,ARRIVED,428.3251015725109,497.0,925.3251015725109,
P3642,8588344,8592374,17106.750659032365,17510.0,18007.0,ARRIVED,403.24934096763536,497.0,900.2493409676354,
P3643,8588344,8592374,17128.937871246042,19165.79998779297,19198.20001220703,ARRIVED,2036.8621165469267,32.4000244140625,2069.262140960989,MINIBUS_2
P3644,8588344,8592374,17129.931552979768,17510.0,18007.0,ARRIVED,380.06844702023227,497.0,877.0684470202323,
P3645,8588344,8592374,17141.901877160206,17510.0,18007.0,ARRIVED,368.0981228397941,497.0,865.0981228397941,
P3646,8588344,8592374,17173.616466326843,17510.0,18007.0,ARRIVED,336.3835336731572,497.0,833.3835336731572,
P3647,8588344,8592374,17184.270133647697,17503.20002746582,17512.20001220703,ARRIVED,318.9298938181237,8.999984741210938,327.9298785593346,MINIBUS_2
P3648,8577786,8592374,16873.816794700087,16899.0,17362.0,ARRIVED,25.183205299912515,463.0,488.1832052999125,
P3649,8577786,8592374,16901.743692541153,17598.0,18007.0,ARRIVED,696.256307458847,409.0,1105.256307458847,
P3650,8577786,8592374,16946.14311249634,17598.0,18007.0,ARRIVED,651.8568875036617,409.0,1060.8568875036617,
P3651,8577786,8592374,17123.34548637208,17598.0,18007.0,ARRIVED,474.6545136279201,409.0,883.6545136279201,
P3652,8577786,8592374,17136.58274706033,17598.0,18007.0,ARRIVED,461.417252939671,409.0,870.417252939671,
P3653,8577785,8592374,17190.85061989684,17254.0,17564.0,ARRIVED,63.14938010316109,310.0,373.1493801031611,
P3654,8577785,8592374,17224.853178939728,17254.0,17564.0,ARRIVED,29.146821060272487,310.0,339.1468210602725,
P3655,8577785,8592374,17296.614402142743,18126.0,18520.0,ARRIVED,829.3855978572574,394.0,1223.3855978572574,
P3656,8577785,8592374,17299.30037323856,18903.600051879883,19010.400009155273,ARRIVED,1604.2996786413241,106.79995727539062,1711.0996359167148,MINIBUS_2
P3657,8592375,8592374,17120.585589940572,18554.0,19382.0,ARRIVED,1433.4144100594276,828.0,2261.4144100594276,
P3658,8592375,8592374,17309.46009309889,18554.0,19382.0,ARRIVED,1244.539906901111,828.0,2072.539906901111,
P3659,8592377,8592374,16880.733899055733,17341.800064086914,17357.999996185303,ARRIVED,461.0661650311813,16.199932098388672,477.26609712956997,MINIBUS_1
P3660,8592377,8592374,16910.43922763136,18933.600051879883,19198.20001220703,ARRIVED,2023.1608242485236,264.59996032714844,2287.760784575672,MINIBUS_2
P3661,8592377,8592374,17085.686203530164,17111.0,17564.0,ARRIVED,25.313796469836234,453.0,478.31379646983623,
P3662,8592377,8592374,17210.572517970362,18933.600051879883,19010.400009155273,ARRIVED,1723.0275339095206,76.79995727539062,1799.8274911849112,MINIBUS_2
P3663,8589158,8592374,16818.745377073894,17364.0,17992.0,ARRIVED,545.2546229261061,628.0,1173.254622926106,
P3664,8589158,8592374,17049.778758290315,17856.00001144409,17858.400009155273,ARRIVED,806.2212531537771,2.3999977111816406,808.6212508649587,MINIBUS_1
P3665,8589158,8592374,17217.685270195623,17364.0,17992.0,ARRIVED,146.31472980437684,628.0,774.3147298043768,
P3666,8589158,8592374,17236.012269002887,18031.200103759766,18033.599990844727,ARRIVED,795.1878347568781,2.3998870849609375,797.5877218418391,MINIBUS_1
P3667,8587356,8592374,17149.551201170332,17651.400009155273,18837.00001525879,ARRIVED,501.84880798494123,1185.6000061035156,1687.4488140884569,MINIBUS_2
P3668,8589141,8589161,17692.566903613337,18506.400024414062,18778.800048828125,ARRIVED,813.8331208007257,272.4000244140625,1086.2331452147882,MINIBUS_2
P3669,8589152,8589161,17475.126349655726,18182.0,18708.0,ARRIVED,706.8736503442742,526.0,1232.8736503442742,
P3670,8589152,8589161,17661.959716672445,18182.0,18708.0,ARRIVED,520.0402833275548,526.0,1046.0402833275548,
P3671,8589152,8589161,17852.606677860334,18182.0,18708.0,ARRIVED,329.39332213966554,526.0,855.3933221396655,
P3672,8589138,8592374,17831.654285679444,18573.0,18621.0,ARRIVED,741.345714320556,48.0,789.345714320556,MINIBUS_2
P3673,8591766,8592374,17533.311523802473,18343.0,18834.0,ARRIVED,809.688476197527,491.0,1300.688476197527,
P3674,8591766,8592374,17758.86838964278,18343.0,18834.0,ARRIVED,584.1316103572208,491.0,1075.1316103572208,
P3675,8591766,8592374,17760.018558520253,19394.40003967285,19418.400024414062,ARRIVED,1634.381481152599,23.999984741210938,1658.38146589381,MINIBUS_2
P3676,8591766,8592374,17821.897032180907,18343.0,18834.0,ARRIVED,521.1029678190935,491.0,1012.1029678190935,
P3677,8587255,8592374,17561.79339028532,17884.200046539307,17887.79995727539,ARRIVED,322.40665625398833,3.5999107360839844,326.0065669900723,MINIBUS_1
P3678,8587255,8592374,17655.72036585764,18046.20001220703,18073.200046539307,ARRIVED,390.47964634939126,27.00003433227539,417.47968068166665,MINIBUS_1
P3679,8587255,8592374,17746.23234546594,19395.000049591064,19418.400024414062,ARRIVED,1648.7677041251227,23.399974822998047,1672.1676789481207,MINIBUS_2
P3680,8587255,8592374,17797.515322386098,18594.0,18834.0,ARRIVED,796.484677613902,240.0,1036.484677613902,
P3681,8587255,8592374,17885.721821810406,18594.0,18834.0,ARRIVED,708.2781781895937,240.0,948.2781781895937,
P3682,8589161,8589141,17725.14528194988,18135.0,18704.0,ARRIVED,409.8547180501191,569.0,978.8547180501191,
P3683,8589161,8589138,17500.82745625773,17957.40003967285,17972.400009155273,ARRIVED,456.5725834151199,14.999969482421875,471.57255289754175,MINIBUS_2
P3684,8589161,8589138,17861.21969592705,19087.0,19464.0,ARRIVED,1225.7803040729486,377.0,1602.7803040729486,
P3685,8589161,8589131,17572.50322504455,19075.20002746582,19122.0,ARRIVED,1502.6968024212692,46.79997253417969,1549.496774955449,MINIBUS_2
P3686,8589161,8504622,17562.45329199083,18135.0,18547.0,ARRIVED,572.5467080091694,412.0,984.5467080091694,
P3687,8589161,8592375,17467.291483954436,17802.0,18533.0,ARRIVED,334.70851604556447,731.0,1065.7085160455645,
P3688,8589161,8592375,17626.4941792554,19552.800003051758,19557.600021362305,ARRIVED,1926.3058237963596,4.800018310546875,1931.1058421069065,MINIBUS_2
P3689,8589161,8589270,17461.689769902845,17670.0,18065.0,ARRIVED,208.310230097155,395.0,603.310230097155,
P3690,8589161,8589270,17470.757039113712,17670.0,18065.0,ARRIVED,199.24296088628762,395.0,594.2429608862876,
P3691,8589161,8589270,17576.15531722516,17670.0,18065.0,ARRIVED,93.8446827748412,395.0,488.8446827748412,
P3692,8589161,8589158,17439.6900942352,17670.0,18178.0,ARRIVED,230.30990576479962,508.0,738.3099057647996,
P3693,8589161,8589158,17579.341178008362,17670.0,18178.0,ARRIVED,90.65882199163752,508.0,598.6588219916375,
P3694,8589161,8589158,17956.66652632271,18656.0,19250.0,ARRIVED,699.3334736772886,594.0,1293.3334736772886,
P3695,8589161,8589158,17960.789045949907,18656.0,19250.0,ARRIVED,695.2109540500933,594.0,1289.2109540500933,
P3696,8592374,8589141,17448.657188464902,19210.800003051758,19254.600051879883,ARRIVED,1762.1428145868558,43.800048828125,1805.9428634149808,MINIBUS_2
P3697,8592374,8589141,17746.096909612534,18007.0,18704.0,ARRIVED,260.90309038746636,697.0,957.9030903874664,
P3698,8592374,8589141,17796.095331149245,18007.0,18704.0,ARRIVED,210.90466885075512,697.0,907.9046688507551,
P3699,8592374,8589141,17970.211123116478,18390.599952697754,18394.799968719482,ARRIVED,420.3888295812758,4.200016021728516,424.5888456030043,MINIBUS_1
P3700,8592374,8589152,17450.075600222764,19210.800003051758,19294.800052642822,ARRIVED,1760.7244028289933,84.00004959106445,1844.7244524200578,MINIBUS_2
P3701,8592374,8589152,17457.159423473055,18007.0,18661.0,ARRIVED,549.8405765269454,654.0,1203.8405765269454,
P3702,8592374,8589152,17562.431751760032,18007.0,18661.0,ARRIVED,444.56824823996794,654.0,1098.568248239968,
P3703,8592374,8589152,17630.702661457046,18007.0,18661.0,ARRIVED,376.2973385429541,654.0,1030.297338542954,
P3704,8592374,8589152,17961.775734167317,18390.599952697754,18403.800052642822,ARRIVED,428.82421853043707,13.20009994506836,442.0243184755054,MINIBUS_1
P3705,8592374,8589138,17583.20702126193,18905.0,19464.0,ARRIVED,1321.7929787380708,559.0,1880.7929787380708,
P3706,8592374,8589138,17863.018605193844,18073.200046539307,18082.199954986572,ARRIVED,210.1814413454631,8.999908447265625,219.18134979272872,MINIBUS_1
P3707,8592374,8587255,17751.075651067527,18007.0,18237.0,ARRIVED,255.92434893247264,230.0,485.92434893247264,
P3708,8592374,8587255,17861.753538401274,18007.0,18237.0,ARRIVED,145.24646159872646,230.0,375.24646159872646,
P3709,8592374,8587255,17926.1935232127,19010.400009155273,19013.400024414062,ARRIVED,1084.2064859425736,3.0000152587890625,1087.2065012013627,MINIBUS_2
P3710,8592374,8587255,17987.77998092711,18007.0,18237.0,ARRIVED,19.220019072890864,230.0,249.22001907289086,
P3711,8592374,8589130,17519.257895296832,17959.0,18796.0,ARRIVED,439.74210470316757,837.0,1276.7421047031676,
P3712,8592374,8589130,17635.26473149374,17959.0,18796.0,ARRIVED,323.7352685062615,837.0,1160.7352685062615,
P3713,8592374,8589130,17654.37698835916,17959.0,18796.0,ARRIVED,304.62301164084056,837.0,1141.6230116408406,
P3714,8592374,8589130,17907.975273865628,17959.0,18796.0,ARRIVED,51.02472613437203,837.0,888.024726134372,
P3715,8592374,8589130,17956.067981882872,17959.0,18796.0,ARRIVED,2.932018117127882,837.0,839.9320181171279,
P3716,8592374,8589130,17999.936546084842,19570.20001220703,19620.0,ARRIVED,1570.2634661221891,49.79998779296875,1620.0634539151579,MINIBUS_2
P3717,8592374,8589131,17477.5450943737,19198.20001220703,19584.000049591064,ARRIVED,1720.6549178333298,385.8000373840332,2106.454955217363,MINIBUS_2
P3718,8592374,8589131,17740.5639063219,19418.400024414062,19584.000049591064,ARRIVED,1677.8361180921638,165.60002517700195,1843.4361432691658,MINIBUS_2
P3719,8592374,8589131,17879.872182993437,17959.0,18591.0,ARRIVED,79.12781700656342,632.0,711.1278170065634,
P3720,8592374,8588344,17554.07879943814,17959.0,18517.0,ARRIVED,404.92120056186104,558.0,962.921200561861,
P3721,8592374,8588344,17599.593349207345,17959.0,18517.0,ARRIVED,359.40665079265455,558.0,917.4066507926545,
P3722,8592374,8588344,17633.45505760242,17959.0,18517.0,ARRIVED,325.5449423975806,558.0,883.5449423975806,
P3723,8592374,8577786,17485.300974352114,17959.0,18420.0,ARRIVED,473.6990256478857,461.0,934.6990256478857,
P3724,8592374,8577786,17564.979105923994,17959.0,18420.0,ARRIVED,394.0208940760058,461.0,855.0208940760058,
P3725,8592374,8577786,17570.41836565563,17959.0,18420.0,ARRIVED,388.5816343443694,461.0,849.5816343443694,
P3726,8592374,8577786,17673.784558816136,17959.0,18420.0,ARRIVED,285.21544118386373,461.0,746.2154411838637,
P3727,8592374,8577786,17794.95709998341,17959.0,18420.0,ARRIVED,164.04290001658956,461.0,625.0429000165896,
P3728,8592374,8577786,17917.709544750975,18317.40001296997,18354.600051879883,ARRIVED,399.6904682189961,37.20003890991211,436.8905071289082,MINIBUS_1
P3729,8592374,8577785,17439.076942293836,17959.0,18344.0,ARRIVED,519.9230577061644,385.0,904.9230577061644,
P3730,8592374,8577785,17497.20707295488,19198.20001220703,19209.00001525879,ARRIVED,1700.9929392521517,10.800003051757812,1711.7929423039095,MINIBUS_2
P3731,8592374,8577785,17830.123706946768,18092.400009155273,18109.20001220703,ARRIVED,262.2763022085055,16.800003051757812,279.0763052602633,MINIBUS_2
P3732,8592374,8504622,17417.532559826766,18007.0,18547.0,ARRIVED,589.4674401732336,540.0,1129.4674401732336,
P3733,8592374,8504622,17500.147431084577,18007.0,18547.0,ARRIVED,506.85256891542303,540.0,1046.852568915423,
P3734,8592374,8504622,17529.070159464743,18007.0,18547.0,ARRIVED,477.9298405352565,540.0,1017.9298405352565,
P3735,8592374,8504622,17536.50454844286,18007.0,18547.0,ARRIVED,470.49545155714077,540.0,1010.4954515571408,
P3736,8592374,8504622,17583.75917172464,18007.0,18547.0,ARRIVED,423.2408282753604,540.0,963.2408282753604,
P3737,8592374,8504622,17602.37357600821,18325.800003051758,18345.600051879883,ARRIVED,723.4264270435488,19.800048828125,743.2264758716738,MINIBUS_2
P3738,8592374,8504622,17750.89079872969,18007.0,18547.0,ARRIVED,256.1092012703084,540.0,796.1092012703084,
P3739,8592374,8504622,17842.448462189703,18007.0,18547.0,ARRIVED,164.5515378102973,540.0,704.5515378102973,
P3740,8592374,8504622,17861.083446587756,18007.0,18547.0,ARRIVED,145.91655341224396,540.0,685.916553412244,
P3741,8592374,8504622,17862.197593335255,18007.0,18547.0,ARRIVED,144.80240666474492,540.0,684.8024066647449,
P3742,8592374,8589271,17429.07310600792,18007.0,18767.0,ARRIVED,577.9268939920803,760.0,1337.9268939920803,
P3743,8592374,8589271,17568.866262147098,18325.800003051758,18522.600051879883,ARRIVED,756.9337409046602,196.800048828125,953.7337897327852,MINIBUS_2
P3744,8592374,8589271,17630.495639782115,18007.0,18767.0,ARRIVED,376.5043602178848,760.0,1136.5043602178848,
P3745,8592374,8589271,17762.592896861788,18007.0,18767.0,ARRIVED,244.40710313821182,760.0,1004.4071031382118,
P3746,8592374,8589271,17819.486561296693,18007.0,18767.0,ARRIVED,187.51343870330675,760.0,947.5134387033067,
P3747,8592374,8589271,17833.129541595732,18475.20001220703,18522.600051879883,ARRIVED,642.0704706112992,47.40003967285156,689.4705102841508,MINIBUS_2
P3748,8592374,8589271,17870.967130340778,18007.0,18767.0,ARRIVED,136.03286965922234,760.0,896.0328696592223,
P3749,8592374,8589271,17902.216190484894,18007.0,18767.0,ARRIVED,104.78380951510553,760.0,864.7838095151055,
P3750,8592374,8589271,17986.013708651564,18390.599952697754,18400.20009613037,ARRIVED,404.5862440461897,9.600143432617188,414.18638747880686,MINIBUS_1
P3751,8592374,8592375,17491.878512949643,17992.0,18533.0,ARRIVED,500.12148705035725,541.0,1041.1214870503572,
P3752,8592374,8592375,17495.5215234867,19010.400009155273,19085.400024414062,ARRIVED,1514.8784856685743,75.00001525878906,1589.8785009273633,MINIBUS_2
P3753,8592374,8592375,17715.048862745833,17992.0,18533.0,ARRIVED,276.9511372541674,541.0,817.9511372541674,
P3754,8592374,8592375,17994.287099592926,18845.0,19442.0,ARRIVED,850.7129004070739,597.0,1447.712900407074,
P3755,8592374,8592378,17934.184936433598,17992.0,18489.0,ARRIVED,57.81506356640239,497.0,554.8150635664024,
P3756,8592374,8592377,17570.38245684908,17992.0,18399.0,ARRIVED,421.6175431509182,407.0,828.6175431509182,
P3757,8592374,8589270,17752.492348680735,18621.0,18751.20002746582,ARRIVED,868.5076513192653,130.2000274658203,998.7076787850856,MINIBUS_2
P3758,8592374,8589270,17830.502867382987,18520.0,19175.0,ARRIVED,689.4971326170125,655.0,1344.4971326170125,
P3759,8592374,8589270,17884.669002653995,18520.0,19175.0,ARRIVED,635.3309973460055,655.0,1290.3309973460055,
P3760,8592374,8589270,17945.60307795224,18390.599952697754,18406.79998779297,ARRIVED,444.9968747455132,16.200035095214844,461.19690984072804,MINIBUS_1
P3761,8592374,8589158,17536.27710220237,17564.0,18178.0,ARRIVED,27.72289779763014,614.0,641.7228977976301,
P3762,8592374,8589158,17606.23774329354,18520.0,19250.0,ARRIVED,913.7622567064609,730.0,1643.762256706461,
P3763,8592374,8589158,17613.258146167882,18033.599990844727,18043.79998779297,ARRIVED,420.34184467684463,10.199996948242188,430.5418416250868,MINIBUS_1
P3764,8592374,8589158,17741.841782645828,18621.0,18699.600051879883,ARRIVED,879.1582173541719,78.60005187988281,957.7582692340548,MINIBUS_2
P3765,8592374,8589158,17905.816098230724,18390.599952697754,18409.79999923706,ARRIVED,484.7838544670303,19.20004653930664,503.98390100633696,MINIBUS_1
P3766,8592374,8589158,17939.99443089991,18520.0,19250.0,ARRIVED,580.0055691000889,730.0,1310.005569100089,
P3767,8589130,8592374,17566.847280362123,18114.0,18905.0,ARRIVED,547.1527196378775,791.0,1338.1527196378775,
P3768,8589131,8592374,17959.735930756586,18263.0,18905.0,ARRIVED,303.26406924341427,642.0,945.2640692434143,
P3769,8588344,8592374,17500.80440806782,17510.0,18007.0,ARRIVED,9.195591932180832,497.0,506.19559193218083,
P3770,8588344,8592374,17684.967957622506,18326.0,18905.0,ARRIVED,641.0320423774938,579.0,1220.0320423774938,
P3771,8588344,8592374,17743.64947384407,18326.0,18905.0,ARRIVED,582.3505261559294,579.0,1161.3505261559294,
P3772,8588344,8592374,17775.85970559007,18052.20001220703,18092.400009155273,ARRIVED,276.34030661696306,40.19999694824219,316.54030356520525,MINIBUS_2
P3773,8588344,8592374,17895.951207133727,18326.0,18905.0,ARRIVED,430.0487928662733,579.0,1009.0487928662733,
P3774,8588344,8592374,17917.2551763993,18326.0,18905.0,ARRIVED,408.74482360070033,579.0,987.7448236007003,
P3775,8588344,8592374,17959.41728512418,18326.0,18905.0,ARRIVED,366.5827148758217,579.0,945.5827148758217,
P3776,8577786,8592374,17657.777160722388,18413.0,18905.0,ARRIVED,755.2228392776124,492.0,1247.2228392776124,
P3777,8577786,8592374,17761.21667210131,18413.0,18905.0,ARRIVED,651.7833278986909,492.0,1143.783327898691,
P3778,8577786,8592374,17809.565900004523,18413.0,18905.0,ARRIVED,603.4340999954766,492.0,1095.4340999954766,
P3779,8577786,8592374,17897.567394309255,18354.600051879883,18390.599952697754,ARRIVED,457.03265757062763,35.999900817871094,493.0325583884987,MINIBUS_1
P3780,8577786,8592374,17964.411510792586,18413.0,18905.0,ARRIVED,448.58848920741366,492.0,940.5884892074137,
P3781,8577785,8592374,17563.197039705658,19209.00001525879,19210.800003051758,ARRIVED,1645.8029755531315,1.79998779296875,1647.6029633461003,MINIBUS_2
P3782,8577785,8592374,17598.050525928596,18126.0,18520.0,ARRIVED,527.9494740714035,394.0,921.9494740714035,
P3783,8577785,8592374,17670.703689974034,19209.00001525879,19210.800003051758,ARRIVED,1538.2963252847549,1.79998779296875,1540.0963130777236,MINIBUS_2
P3784,8577785,8592374,17729.207461824553,18109.20001220703,18325.800003051758,ARRIVED,379.99255038247793,216.59999084472656,596.5925412272045,MINIBUS_2
P3785,8592375,8592374,17697.653094581034,18554.0,19382.0,ARRIVED,856.3469054189663,828.0,1684.3469054189663,
P3786,8592375,8592374,17747.670635790237,18554.0,19382.0,ARRIVED,806.3293642097633,828.0,1634.3293642097633,
P3787,8592375,8592374,17804.142166057023,18202.20001220703,18325.800003051758,ARRIVED,398.0578461500081,123.59999084472656,521.6578369947347,MINIBUS_2
P3788,8592378,8592374,17948.820525426694,18861.0,19382.0,ARRIVED,912.1794745733059,521.0,1433.179474573306,
P3789,8592377,8592374,17484.80380627908,17999.0,18520.0,ARRIVED,514.1961937209198,521.0,1035.1961937209198,
P3790,8592377,8592374,17493.120023325122,17712.599990844727,17719.20001220703,ARRIVED,219.47996751960454,6.6000213623046875,226.07998888190923,MINIBUS_1
P3791,8592377,8592374,17602.140047915622,17999.0,18520.0,ARRIVED,396.85995208437816,521.0,917.8599520843782,
P3792,8592377,8592374,17707.540749291267,17999.0,18520.0,ARRIVED,291.4592507087327,521.0,812.4592507087327,
P3793,8592377,8592374,17731.839077773595,17999.0,18520.0,ARRIVED,267.1609222264051,521.0,788.1609222264051,
P3794,8592377,8592374,17748.284421598462,17999.0,18520.0,ARRIVED,250.71557840153764,521.0,771.7155784015376,
P3795,8592377,8592374,17768.06961399763,17999.0,18520.0,ARRIVED,230.93038600236832,521.0,751.9303860023683,
P3796,8592377,8592374,17784.045163733444,17999.0,18520.0,ARRIVED,214.9548362665555,521.0,735.9548362665555,
P3797,8592377,8592374,17925.17425419252,18384.599975585938,18390.599952697754,ARRIVED,459.4257213934179,5.999977111816406,465.4256985052343,MINIBUS_1
P3798,8592377,8592374,17957.987729792174,18384.599975585938,18390.599952697754,ARRIVED,426.6122457937636,5.999977111816406,432.61222290558,MINIBUS_1
P3799,8589158,8592374,17428.59639814206,18242.0,18845.0,ARRIVED,813.4036018579391,603.0,1416.403601857939,
P3800,8589158,8592374,17903.5221991005,18242.0,18845.0,ARRIVED,338.47780089950174,603.0,941.4778008995017,
P3801,8587356,8592374,17557.204569978523,17605.0,17992.0,ARRIVED,47.79543002147693,387.0,434.79543002147693,
P3802,8587356,8592374,17795.315620391426,18619.79998779297,18621.0,ARRIVED,824.4843674015428,1.20001220703125,825.6843796085741,MINIBUS_2
P3803,8587356,8592374,17936.667640432104,18464.400009155273,18475.20001220703,ARRIVED,527.7323687231692,10.800003051757812,538.532371774927,MINIBUS_2
