vehicle_id,type,total_passengers,avg_occupancy,max_occupancy,occupancy_rate,total_boardings,total_alightings,stations_served,idle_time,service_time
MINIBUS_1,Minibus,19,4.799715236861681,6,0.7999525394769469,19,13,8,0.0,1264.1999969482422
MINIBUS_2,Minibus,14,5.324308083087869,6,0.8873846805146449,14,8,6,0.0,997.2000122070312
BUS_6_DIR4_T66329.0,Bus,8,2.4546370967741935,6,0.030682963709677418,8,7,8,77.0,915.0
MINIBUS_3,Minibus,20,4.645472063765601,6,0.7742453439609335,20,15,10,0.0,934.1999969482422
BUS_6_DIR5_T66326.0,Bus,2,0.0,2,0.0,2,0,7,598.0,0.0
BUS_2_DIR4_T62521.0,Bus,15,4.069637883008356,11,0.05087047353760445,15,4,5,0.0,718.0
BUS_2_DIR4_T62529.0,Bus,1,0.0,1,0.0,1,0,4,384.0,0.0
BUS_2_DIR3_T62506.0,Bus,5,3.2950819672131146,5,0.041188524590163936,5,0,4,0.0,366.0
BUS_6_DIR4_T66337.0,Bus,0,0.0,0,0.0,0,0,1,0.0,0.0
