vehicle_id,type,total_passengers,avg_occupancy,max_occupancy,occupancy_rate,total_boardings,total_alightings,stations_served,idle_time,service_time
MINIBUS_3,Minibus,7,3.3249016504833957,6,0.5541502750805659,7,1,5,0.0,1067.4000129699707
MINIBUS_1,Minibus,6,1.846571509924014,6,0.307761918320669,6,6,5,0.0,883.7999877929688
BUS_6_DIR4_T66329.0,Bus,58,18.39717741935484,43,0.2299647177419355,58,34,8,77.0,915.0
MINIBUS_2,Minibus,8,1.6417247938997095,6,0.2736207989832849,8,8,10,280.79998779296875,665.4000015258789
BUS_6_DIR5_T66326.0,Bus,0,0.0,0,0.0,0,0,2,186.0,0.0
BUS_2_DIR4_T62521.0,Bus,68,19.73955431754875,50,0.24674442896935936,68,18,5,0.0,718.0
BUS_2_DIR4_T62529.0,Bus,11,5.434895833333333,11,0.06793619791666666,11,0,4,0.0,384.0
BUS_2_DIR3_T62506.0,Bus,36,13.46174863387978,36,0.16827185792349725,36,0,4,0.0,366.0
BUS_6_DIR4_T66337.0,Bus,0,0.0,0,0.0,0,0,1,0.0,0.0
