vehicle_id,time,type,occupancy,location,count
BUS_2_DIR3_T62506.0,30.0,PERIODIC_SAMPLE,0,START_8589141,
BUS_2_DIR3_T62506.0,60.0,PERIODIC_SAMPLE,0,START_8589141,
BUS_2_DIR3_T62506.0,90.0,PERIODIC_SAMPLE,0,START_8589141,
BUS_2_DIR3_T62506.0,120.0,PERIODIC_SAMPLE,0,START_8589141,
BUS_2_DIR3_T62506.0,150.0,PERIODIC_SAMPLE,0,START_8589141,
BUS_2_DIR3_T62506.0,180.0,PERIODIC_SAMPLE,0,START_8589141,
BUS_2_DIR3_T62506.0,210.0,PERIODIC_SAMPLE,0,START_8589141,
BUS_2_DIR3_T62506.0,240.0,PERIODIC_SAMPLE,0,START_8589141,
BUS_2_DIR3_T62506.0,270.0,PERIODIC_SAMPLE,0,START_8589141,
BUS_2_DIR3_T62506.0,300.0,PERIODIC_SAMPLE,0,START_8589141,
BUS_2_DIR3_T62506.0,330.0,PERIODIC_SAMPLE,0,START_8589141,
BUS_2_DIR3_T62506.0,360.0,PERIODIC_SAMPLE,0,START_8589141,
BUS_2_DIR3_T62506.0,390.0,PERIODIC_SAMPLE,0,START_8589141,
BUS_2_DIR3_T62506.0,420.0,PERIODIC_SAMPLE,0,START_8589141,
BUS_2_DIR3_T62506.0,450.0,PERIODIC_SAMPLE,0,START_8589141,
BUS_2_DIR3_T62506.0,480.0,PERIODIC_SAMPLE,0,START_8589141,
BUS_2_DIR3_T62506.0,510.0,PERIODIC_SAMPLE,0,START_8589141,
BUS_2_DIR3_T62506.0,540.0,PERIODIC_SAMPLE,0,START_8589141,
BUS_2_DIR3_T62506.0,570.0,PERIODIC_SAMPLE,0,START_8589141,
BUS_2_DIR3_T62506.0,600.0,PERIODIC_SAMPLE,0,START_8589141,
BUS_2_DIR3_T62506.0,630.0,PERIODIC_SAMPLE,0,START_8589141,
BUS_2_DIR3_T62506.0,660.0,PERIODIC_SAMPLE,0,START_8589141,
BUS_2_DIR3_T62506.0,690.0,PERIODIC_SAMPLE,0,START_8589141,
BUS_2_DIR3_T62506.0,720.0,PERIODIC_SAMPLE,0,START_8589141,
BUS_2_DIR3_T62506.0,750.0,PERIODIC_SAMPLE,0,START_8589141,
BUS_2_DIR3_T62506.0,780.0,PERIODIC_SAMPLE,0,START_8589141,
BUS_2_DIR3_T62506.0,810.0,PERIODIC_SAMPLE,0,START_8589141,
BUS_2_DIR3_T62506.0,840.0,PERIODIC_SAMPLE,0,START_8589141,
BUS_2_DIR3_T62506.0,870.0,PERIODIC_SAMPLE,0,START_8589141,
BUS_2_DIR3_T62506.0,900.0,PERIODIC_SAMPLE,0,START_8589141,
BUS_2_DIR3_T62506.0,930.0,PERIODIC_SAMPLE,0,START_8589141,
BUS_2_DIR3_T62506.0,960.0,PERIODIC_SAMPLE,0,START_8589141,
BUS_2_DIR3_T62506.0,990.0,PERIODIC_SAMPLE,0,START_8589141,
BUS_2_DIR3_T62506.0,1020.0,PERIODIC_SAMPLE,0,START_8589141,
BUS_2_DIR3_T62506.0,1050.0,PERIODIC_SAMPLE,0,START_8589141,
BUS_2_DIR3_T62506.0,1080.0,PERIODIC_SAMPLE,0,START_8589141,
BUS_2_DIR3_T62506.0,1110.0,PERIODIC_SAMPLE,0,START_8589141,
BUS_2_DIR3_T62506.0,1140.0,PERIODIC_SAMPLE,0,START_8589141,
BUS_2_DIR3_T62506.0,1170.0,PERIODIC_SAMPLE,0,START_8589141,
BUS_2_DIR3_T62506.0,1200.0,PERIODIC_SAMPLE,0,START_8589141,
BUS_2_DIR3_T62506.0,1230.0,PERIODIC_SAMPLE,0,START_8589141,
BUS_2_DIR3_T62506.0,1260.0,PERIODIC_SAMPLE,0,START_8589141,
BUS_2_DIR3_T62506.0,1290.0,PERIODIC_SAMPLE,0,START_8589141,
BUS_2_DIR3_T62506.0,1320.0,PERIODIC_SAMPLE,0,START_8589141,
BUS_2_DIR3_T62506.0,1350.0,PERIODIC_SAMPLE,0,START_8589141,
BUS_2_DIR3_T62506.0,1380.0,PERIODIC_SAMPLE,0,START_8589141,
BUS_2_DIR3_T62506.0,1408.0,ARRIVAL,4,8589141,
BUS_2_DIR3_T62506.0,1408.0,BOARDING,4,8589141,4
BUS_2_DIR3_T62506.0,1410.0,PERIODIC_SAMPLE,4,8589141,
BUS_2_DIR3_T62506.0,1440.0,PERIODIC_SAMPLE,4,8589141,
BUS_2_DIR3_T62506.0,1470.0,PERIODIC_SAMPLE,4,8589141,
BUS_2_DIR3_T62506.0,1494.0,ARRIVAL,8,8589138,
BUS_2_DIR3_T62506.0,1494.0,BOARDING,8,8589138,4
BUS_2_DIR3_T62506.0,1500.0,PERIODIC_SAMPLE,8,8589138,
BUS_2_DIR3_T62506.0,1530.0,PERIODIC_SAMPLE,8,8589138,
BUS_2_DIR3_T62506.0,1559.0,ARRIVAL,9,8591766,
BUS_2_DIR3_T62506.0,1559.0,BOARDING,9,8591766,1
BUS_2_DIR3_T62506.0,1560.0,PERIODIC_SAMPLE,9,8591766,
BUS_2_DIR3_T62506.0,1590.0,PERIODIC_SAMPLE,9,8591766,
BUS_2_DIR3_T62506.0,1620.0,PERIODIC_SAMPLE,9,8591766,
BUS_2_DIR3_T62506.0,1650.0,PERIODIC_SAMPLE,9,8591766,
BUS_2_DIR3_T62506.0,1680.0,PERIODIC_SAMPLE,9,8591766,
BUS_2_DIR3_T62506.0,1710.0,PERIODIC_SAMPLE,9,8591766,
BUS_2_DIR3_T62506.0,1740.0,PERIODIC_SAMPLE,9,8591766,
BUS_2_DIR3_T62506.0,1770.0,PERIODIC_SAMPLE,9,8591766,
BUS_2_DIR3_T62506.0,1774.0,ARRIVAL,11,8587255,
BUS_2_DIR3_T62506.0,1774.0,BOARDING,11,8587255,2
BUS_2_DIR3_T62512.0,30.0,PERIODIC_SAMPLE,0,START_8589141,
BUS_2_DIR3_T62512.0,60.0,PERIODIC_SAMPLE,0,START_8589141,
BUS_2_DIR3_T62512.0,90.0,PERIODIC_SAMPLE,0,START_8589141,
BUS_2_DIR3_T62512.0,120.0,PERIODIC_SAMPLE,0,START_8589141,
BUS_2_DIR3_T62512.0,150.0,PERIODIC_SAMPLE,0,START_8589141,
BUS_2_DIR3_T62512.0,180.0,PERIODIC_SAMPLE,0,START_8589141,
BUS_2_DIR3_T62512.0,210.0,PERIODIC_SAMPLE,0,START_8589141,
BUS_2_DIR3_T62512.0,240.0,PERIODIC_SAMPLE,0,START_8589141,
BUS_2_DIR3_T62512.0,270.0,PERIODIC_SAMPLE,0,START_8589141,
BUS_2_DIR3_T62512.0,300.0,PERIODIC_SAMPLE,0,START_8589141,
BUS_2_DIR3_T62512.0,330.0,PERIODIC_SAMPLE,0,START_8589141,
BUS_2_DIR3_T62512.0,360.0,PERIODIC_SAMPLE,0,START_8589141,
BUS_2_DIR3_T62512.0,390.0,PERIODIC_SAMPLE,0,START_8589141,
BUS_2_DIR3_T62512.0,420.0,PERIODIC_SAMPLE,0,START_8589141,
BUS_2_DIR3_T62512.0,450.0,PERIODIC_SAMPLE,0,START_8589141,
BUS_2_DIR3_T62512.0,480.0,PERIODIC_SAMPLE,0,START_8589141,
BUS_2_DIR3_T62512.0,510.0,PERIODIC_SAMPLE,0,START_8589141,
BUS_2_DIR3_T62512.0,540.0,PERIODIC_SAMPLE,0,START_8589141,
BUS_2_DIR3_T62512.0,570.0,PERIODIC_SAMPLE,0,START_8589141,
BUS_2_DIR3_T62512.0,600.0,PERIODIC_SAMPLE,0,START_8589141,
BUS_2_DIR3_T62512.0,630.0,PERIODIC_SAMPLE,0,START_8589141,
BUS_2_DIR3_T62512.0,660.0,PERIODIC_SAMPLE,0,START_8589141,
BUS_2_DIR3_T62512.0,690.0,PERIODIC_SAMPLE,0,START_8589141,
BUS_2_DIR3_T62512.0,720.0,PERIODIC_SAMPLE,0,START_8589141,
BUS_2_DIR3_T62512.0,750.0,PERIODIC_SAMPLE,0,START_8589141,
BUS_2_DIR3_T62512.0,780.0,PERIODIC_SAMPLE,0,START_8589141,
BUS_2_DIR3_T62512.0,810.0,PERIODIC_SAMPLE,0,START_8589141,
BUS_2_DIR3_T62512.0,840.0,PERIODIC_SAMPLE,0,START_8589141,
BUS_2_DIR3_T62512.0,870.0,PERIODIC_SAMPLE,0,START_8589141,
BUS_2_DIR3_T62512.0,900.0,PERIODIC_SAMPLE,0,START_8589141,
BUS_2_DIR3_T62512.0,930.0,PERIODIC_SAMPLE,0,START_8589141,
BUS_2_DIR3_T62512.0,960.0,PERIODIC_SAMPLE,0,START_8589141,
BUS_2_DIR3_T62512.0,990.0,PERIODIC_SAMPLE,0,START_8589141,
BUS_2_DIR3_T62512.0,1020.0,PERIODIC_SAMPLE,0,START_8589141,
BUS_2_DIR3_T62512.0,1050.0,PERIODIC_SAMPLE,0,START_8589141,
BUS_2_DIR3_T62512.0,1080.0,PERIODIC_SAMPLE,0,START_8589141,
BUS_2_DIR3_T62512.0,1110.0,PERIODIC_SAMPLE,0,START_8589141,
BUS_2_DIR3_T62512.0,1140.0,PERIODIC_SAMPLE,0,START_8589141,
BUS_2_DIR3_T62512.0,1170.0,PERIODIC_SAMPLE,0,START_8589141,
BUS_2_DIR3_T62512.0,1200.0,PERIODIC_SAMPLE,0,START_8589141,
BUS_2_DIR3_T62512.0,1230.0,PERIODIC_SAMPLE,0,START_8589141,
BUS_2_DIR3_T62512.0,1260.0,PERIODIC_SAMPLE,0,START_8589141,
BUS_2_DIR3_T62512.0,1290.0,PERIODIC_SAMPLE,0,START_8589141,
BUS_2_DIR3_T62512.0,1320.0,PERIODIC_SAMPLE,0,START_8589141,
BUS_2_DIR3_T62512.0,1350.0,PERIODIC_SAMPLE,0,START_8589141,
BUS_2_DIR3_T62512.0,1380.0,PERIODIC_SAMPLE,0,START_8589141,
BUS_2_DIR3_T62512.0,1410.0,PERIODIC_SAMPLE,0,START_8589141,
BUS_2_DIR3_T62512.0,1440.0,PERIODIC_SAMPLE,0,START_8589141,
BUS_2_DIR3_T62512.0,1470.0,PERIODIC_SAMPLE,0,START_8589141,
BUS_2_DIR3_T62512.0,1500.0,PERIODIC_SAMPLE,0,START_8589141,
BUS_2_DIR3_T62512.0,1530.0,PERIODIC_SAMPLE,0,START_8589141,
BUS_2_DIR3_T62512.0,1560.0,PERIODIC_SAMPLE,0,START_8589141,
BUS_2_DIR3_T62512.0,1590.0,PERIODIC_SAMPLE,0,START_8589141,
BUS_2_DIR3_T62512.0,1620.0,PERIODIC_SAMPLE,0,START_8589141,
BUS_2_DIR3_T62512.0,1650.0,PERIODIC_SAMPLE,0,START_8589141,
BUS_2_DIR3_T62512.0,1680.0,PERIODIC_SAMPLE,0,START_8589141,
BUS_2_DIR3_T62512.0,1710.0,PERIODIC_SAMPLE,0,START_8589141,
BUS_2_DIR3_T62512.0,1740.0,PERIODIC_SAMPLE,0,START_8589141,
BUS_2_DIR3_T62512.0,1770.0,PERIODIC_SAMPLE,0,START_8589141,
BUS_2_DIR3_T62522.0,30.0,PERIODIC_SAMPLE,0,START_8589141,
BUS_2_DIR3_T62522.0,60.0,PERIODIC_SAMPLE,0,START_8589141,
BUS_2_DIR3_T62522.0,90.0,PERIODIC_SAMPLE,0,START_8589141,
BUS_2_DIR3_T62522.0,120.0,PERIODIC_SAMPLE,0,START_8589141,
BUS_2_DIR3_T62522.0,150.0,PERIODIC_SAMPLE,0,START_8589141,
BUS_2_DIR3_T62522.0,180.0,PERIODIC_SAMPLE,0,START_8589141,
BUS_2_DIR3_T62522.0,210.0,PERIODIC_SAMPLE,0,START_8589141,
BUS_2_DIR3_T62522.0,240.0,PERIODIC_SAMPLE,0,START_8589141,
BUS_2_DIR3_T62522.0,270.0,PERIODIC_SAMPLE,0,START_8589141,
BUS_2_DIR3_T62522.0,300.0,PERIODIC_SAMPLE,0,START_8589141,
BUS_2_DIR3_T62522.0,330.0,PERIODIC_SAMPLE,0,START_8589141,
BUS_2_DIR3_T62522.0,360.0,PERIODIC_SAMPLE,0,START_8589141,
BUS_2_DIR3_T62522.0,390.0,PERIODIC_SAMPLE,0,START_8589141,
BUS_2_DIR3_T62522.0,420.0,PERIODIC_SAMPLE,0,START_8589141,
BUS_2_DIR3_T62522.0,450.0,PERIODIC_SAMPLE,0,START_8589141,
BUS_2_DIR3_T62522.0,480.0,PERIODIC_SAMPLE,0,START_8589141,
BUS_2_DIR3_T62522.0,510.0,PERIODIC_SAMPLE,0,START_8589141,
BUS_2_DIR3_T62522.0,540.0,PERIODIC_SAMPLE,0,START_8589141,
BUS_2_DIR3_T62522.0,570.0,PERIODIC_SAMPLE,0,START_8589141,
BUS_2_DIR3_T62522.0,600.0,PERIODIC_SAMPLE,0,START_8589141,
BUS_2_DIR3_T62522.0,630.0,PERIODIC_SAMPLE,0,START_8589141,
BUS_2_DIR3_T62522.0,660.0,PERIODIC_SAMPLE,0,START_8589141,
BUS_2_DIR3_T62522.0,690.0,PERIODIC_SAMPLE,0,START_8589141,
BUS_2_DIR3_T62522.0,720.0,PERIODIC_SAMPLE,0,START_8589141,
BUS_2_DIR3_T62522.0,750.0,PERIODIC_SAMPLE,0,START_8589141,
BUS_2_DIR3_T62522.0,780.0,PERIODIC_SAMPLE,0,START_8589141,
BUS_2_DIR3_T62522.0,810.0,PERIODIC_SAMPLE,0,START_8589141,
BUS_2_DIR3_T62522.0,840.0,PERIODIC_SAMPLE,0,START_8589141,
BUS_2_DIR3_T62522.0,870.0,PERIODIC_SAMPLE,0,START_8589141,
BUS_2_DIR3_T62522.0,900.0,PERIODIC_SAMPLE,0,START_8589141,
BUS_2_DIR3_T62522.0,930.0,PERIODIC_SAMPLE,0,START_8589141,
BUS_2_DIR3_T62522.0,960.0,PERIODIC_SAMPLE,0,START_8589141,
BUS_2_DIR3_T62522.0,990.0,PERIODIC_SAMPLE,0,START_8589141,
BUS_2_DIR3_T62522.0,1020.0,PERIODIC_SAMPLE,0,START_8589141,
BUS_2_DIR3_T62522.0,1050.0,PERIODIC_SAMPLE,0,START_8589141,
BUS_2_DIR3_T62522.0,1080.0,PERIODIC_SAMPLE,0,START_8589141,
BUS_2_DIR3_T62522.0,1110.0,PERIODIC_SAMPLE,0,START_8589141,
BUS_2_DIR3_T62522.0,1140.0,PERIODIC_SAMPLE,0,START_8589141,
BUS_2_DIR3_T62522.0,1170.0,PERIODIC_SAMPLE,0,START_8589141,
BUS_2_DIR3_T62522.0,1200.0,PERIODIC_SAMPLE,0,START_8589141,
BUS_2_DIR3_T62522.0,1230.0,PERIODIC_SAMPLE,0,START_8589141,
BUS_2_DIR3_T62522.0,1260.0,PERIODIC_SAMPLE,0,START_8589141,
BUS_2_DIR3_T62522.0,1290.0,PERIODIC_SAMPLE,0,START_8589141,
BUS_2_DIR3_T62522.0,1320.0,PERIODIC_SAMPLE,0,START_8589141,
BUS_2_DIR3_T62522.0,1350.0,PERIODIC_SAMPLE,0,START_8589141,
BUS_2_DIR3_T62522.0,1380.0,PERIODIC_SAMPLE,0,START_8589141,
BUS_2_DIR3_T62522.0,1410.0,PERIODIC_SAMPLE,0,START_8589141,
BUS_2_DIR3_T62522.0,1440.0,PERIODIC_SAMPLE,0,START_8589141,
BUS_2_DIR3_T62522.0,1470.0,PERIODIC_SAMPLE,0,START_8589141,
BUS_2_DIR3_T62522.0,1500.0,PERIODIC_SAMPLE,0,START_8589141,
BUS_2_DIR3_T62522.0,1530.0,PERIODIC_SAMPLE,0,START_8589141,
BUS_2_DIR3_T62522.0,1560.0,PERIODIC_SAMPLE,0,START_8589141,
BUS_2_DIR3_T62522.0,1590.0,PERIODIC_SAMPLE,0,START_8589141,
BUS_2_DIR3_T62522.0,1620.0,PERIODIC_SAMPLE,0,START_8589141,
BUS_2_DIR3_T62522.0,1650.0,PERIODIC_SAMPLE,0,START_8589141,
BUS_2_DIR3_T62522.0,1680.0,PERIODIC_SAMPLE,0,START_8589141,
BUS_2_DIR3_T62522.0,1710.0,PERIODIC_SAMPLE,0,START_8589141,
BUS_2_DIR3_T62522.0,1740.0,PERIODIC_SAMPLE,0,START_8589141,
BUS_2_DIR3_T62522.0,1770.0,PERIODIC_SAMPLE,0,START_8589141,
BUS_2_DIR3_T62526.0,30.0,PERIODIC_SAMPLE,0,START_8589141,
BUS_2_DIR3_T62526.0,60.0,PERIODIC_SAMPLE,0,START_8589141,
BUS_2_DIR3_T62526.0,90.0,PERIODIC_SAMPLE,0,START_8589141,
BUS_2_DIR3_T62526.0,120.0,PERIODIC_SAMPLE,0,START_8589141,
BUS_2_DIR3_T62526.0,150.0,PERIODIC_SAMPLE,0,START_8589141,
BUS_2_DIR3_T62526.0,180.0,PERIODIC_SAMPLE,0,START_8589141,
BUS_2_DIR3_T62526.0,210.0,PERIODIC_SAMPLE,0,START_8589141,
BUS_2_DIR3_T62526.0,240.0,PERIODIC_SAMPLE,0,START_8589141,
BUS_2_DIR3_T62526.0,270.0,PERIODIC_SAMPLE,0,START_8589141,
BUS_2_DIR3_T62526.0,300.0,PERIODIC_SAMPLE,0,START_8589141,
BUS_2_DIR3_T62526.0,330.0,PERIODIC_SAMPLE,0,START_8589141,
BUS_2_DIR3_T62526.0,360.0,PERIODIC_SAMPLE,0,START_8589141,
BUS_2_DIR3_T62526.0,390.0,PERIODIC_SAMPLE,0,START_8589141,
BUS_2_DIR3_T62526.0,420.0,PERIODIC_SAMPLE,0,START_8589141,
BUS_2_DIR3_T62526.0,450.0,PERIODIC_SAMPLE,0,START_8589141,
BUS_2_DIR3_T62526.0,480.0,PERIODIC_SAMPLE,0,START_8589141,
BUS_2_DIR3_T62526.0,510.0,PERIODIC_SAMPLE,0,START_8589141,
BUS_2_DIR3_T62526.0,540.0,PERIODIC_SAMPLE,0,START_8589141,
BUS_2_DIR3_T62526.0,570.0,PERIODIC_SAMPLE,0,START_8589141,
BUS_2_DIR3_T62526.0,600.0,PERIODIC_SAMPLE,0,START_8589141,
BUS_2_DIR3_T62526.0,630.0,PERIODIC_SAMPLE,0,START_8589141,
BUS_2_DIR3_T62526.0,660.0,PERIODIC_SAMPLE,0,START_8589141,
BUS_2_DIR3_T62526.0,690.0,PERIODIC_SAMPLE,0,START_8589141,
BUS_2_DIR3_T62526.0,720.0,PERIODIC_SAMPLE,0,START_8589141,
BUS_2_DIR3_T62526.0,750.0,PERIODIC_SAMPLE,0,START_8589141,
BUS_2_DIR3_T62526.0,780.0,PERIODIC_SAMPLE,0,START_8589141,
BUS_2_DIR3_T62526.0,810.0,PERIODIC_SAMPLE,0,START_8589141,
BUS_2_DIR3_T62526.0,840.0,PERIODIC_SAMPLE,0,START_8589141,
BUS_2_DIR3_T62526.0,870.0,PERIODIC_SAMPLE,0,START_8589141,
BUS_2_DIR3_T62526.0,900.0,PERIODIC_SAMPLE,0,START_8589141,
BUS_2_DIR3_T62526.0,930.0,PERIODIC_SAMPLE,0,START_8589141,
BUS_2_DIR3_T62526.0,960.0,PERIODIC_SAMPLE,0,START_8589141,
BUS_2_DIR3_T62526.0,990.0,PERIODIC_SAMPLE,0,START_8589141,
BUS_2_DIR3_T62526.0,1020.0,PERIODIC_SAMPLE,0,START_8589141,
BUS_2_DIR3_T62526.0,1050.0,PERIODIC_SAMPLE,0,START_8589141,
BUS_2_DIR3_T62526.0,1080.0,PERIODIC_SAMPLE,0,START_8589141,
BUS_2_DIR3_T62526.0,1110.0,PERIODIC_SAMPLE,0,START_8589141,
BUS_2_DIR3_T62526.0,1140.0,PERIODIC_SAMPLE,0,START_8589141,
BUS_2_DIR3_T62526.0,1170.0,PERIODIC_SAMPLE,0,START_8589141,
BUS_2_DIR3_T62526.0,1200.0,PERIODIC_SAMPLE,0,START_8589141,
BUS_2_DIR3_T62526.0,1230.0,PERIODIC_SAMPLE,0,START_8589141,
BUS_2_DIR3_T62526.0,1260.0,PERIODIC_SAMPLE,0,START_8589141,
BUS_2_DIR3_T62526.0,1290.0,PERIODIC_SAMPLE,0,START_8589141,
BUS_2_DIR3_T62526.0,1320.0,PERIODIC_SAMPLE,0,START_8589141,
BUS_2_DIR3_T62526.0,1350.0,PERIODIC_SAMPLE,0,START_8589141,
BUS_2_DIR3_T62526.0,1380.0,PERIODIC_SAMPLE,0,START_8589141,
BUS_2_DIR3_T62526.0,1410.0,PERIODIC_SAMPLE,0,START_8589141,
BUS_2_DIR3_T62526.0,1440.0,PERIODIC_SAMPLE,0,START_8589141,
BUS_2_DIR3_T62526.0,1470.0,PERIODIC_SAMPLE,0,START_8589141,
BUS_2_DIR3_T62526.0,1500.0,PERIODIC_SAMPLE,0,START_8589141,
BUS_2_DIR3_T62526.0,1530.0,PERIODIC_SAMPLE,0,START_8589141,
BUS_2_DIR3_T62526.0,1560.0,PERIODIC_SAMPLE,0,START_8589141,
BUS_2_DIR3_T62526.0,1590.0,PERIODIC_SAMPLE,0,START_8589141,
BUS_2_DIR3_T62526.0,1620.0,PERIODIC_SAMPLE,0,START_8589141,
BUS_2_DIR3_T62526.0,1650.0,PERIODIC_SAMPLE,0,START_8589141,
BUS_2_DIR3_T62526.0,1680.0,PERIODIC_SAMPLE,0,START_8589141,
BUS_2_DIR3_T62526.0,1710.0,PERIODIC_SAMPLE,0,START_8589141,
BUS_2_DIR3_T62526.0,1740.0,PERIODIC_SAMPLE,0,START_8589141,
BUS_2_DIR3_T62526.0,1770.0,PERIODIC_SAMPLE,0,START_8589141,
BUS_2_DIR3_T62534.0,30.0,PERIODIC_SAMPLE,0,START_8589271,
BUS_2_DIR3_T62534.0,60.0,PERIODIC_SAMPLE,0,START_8589271,
BUS_2_DIR3_T62534.0,90.0,PERIODIC_SAMPLE,0,START_8589271,
BUS_2_DIR3_T62534.0,120.0,PERIODIC_SAMPLE,0,START_8589271,
BUS_2_DIR3_T62534.0,150.0,PERIODIC_SAMPLE,0,START_8589271,
BUS_2_DIR3_T62534.0,180.0,PERIODIC_SAMPLE,0,START_8589271,
BUS_2_DIR3_T62534.0,210.0,PERIODIC_SAMPLE,0,START_8589271,
BUS_2_DIR3_T62534.0,240.0,PERIODIC_SAMPLE,0,START_8589271,
BUS_2_DIR3_T62534.0,270.0,PERIODIC_SAMPLE,0,START_8589271,
BUS_2_DIR3_T62534.0,300.0,PERIODIC_SAMPLE,0,START_8589271,
BUS_2_DIR3_T62534.0,330.0,PERIODIC_SAMPLE,0,START_8589271,
BUS_2_DIR3_T62534.0,360.0,PERIODIC_SAMPLE,0,START_8589271,
BUS_2_DIR3_T62534.0,390.0,PERIODIC_SAMPLE,0,START_8589271,
BUS_2_DIR3_T62534.0,420.0,PERIODIC_SAMPLE,0,START_8589271,
BUS_2_DIR3_T62534.0,450.0,PERIODIC_SAMPLE,0,START_8589271,
BUS_2_DIR3_T62534.0,480.0,PERIODIC_SAMPLE,0,START_8589271,
BUS_2_DIR3_T62534.0,510.0,PERIODIC_SAMPLE,0,START_8589271,
BUS_2_DIR3_T62534.0,540.0,PERIODIC_SAMPLE,0,START_8589271,
BUS_2_DIR3_T62534.0,570.0,PERIODIC_SAMPLE,0,START_8589271,
BUS_2_DIR3_T62534.0,600.0,PERIODIC_SAMPLE,0,START_8589271,
BUS_2_DIR3_T62534.0,630.0,PERIODIC_SAMPLE,0,START_8589271,
BUS_2_DIR3_T62534.0,660.0,PERIODIC_SAMPLE,0,START_8589271,
BUS_2_DIR3_T62534.0,690.0,PERIODIC_SAMPLE,0,START_8589271,
BUS_2_DIR3_T62534.0,720.0,PERIODIC_SAMPLE,0,START_8589271,
BUS_2_DIR3_T62534.0,750.0,PERIODIC_SAMPLE,0,START_8589271,
BUS_2_DIR3_T62534.0,780.0,PERIODIC_SAMPLE,0,START_8589271,
BUS_2_DIR3_T62534.0,810.0,PERIODIC_SAMPLE,0,START_8589271,
BUS_2_DIR3_T62534.0,840.0,PERIODIC_SAMPLE,0,START_8589271,
BUS_2_DIR3_T62534.0,870.0,PERIODIC_SAMPLE,0,START_8589271,
BUS_2_DIR3_T62534.0,900.0,PERIODIC_SAMPLE,0,START_8589271,
BUS_2_DIR3_T62534.0,930.0,PERIODIC_SAMPLE,0,START_8589271,
BUS_2_DIR3_T62534.0,960.0,PERIODIC_SAMPLE,0,START_8589271,
BUS_2_DIR3_T62534.0,990.0,PERIODIC_SAMPLE,0,START_8589271,
BUS_2_DIR3_T62534.0,1020.0,PERIODIC_SAMPLE,0,START_8589271,
BUS_2_DIR3_T62534.0,1050.0,PERIODIC_SAMPLE,0,START_8589271,
BUS_2_DIR3_T62534.0,1080.0,PERIODIC_SAMPLE,0,START_8589271,
BUS_2_DIR3_T62534.0,1110.0,PERIODIC_SAMPLE,0,START_8589271,
BUS_2_DIR3_T62534.0,1140.0,PERIODIC_SAMPLE,0,START_8589271,
BUS_2_DIR3_T62534.0,1170.0,PERIODIC_SAMPLE,0,START_8589271,
BUS_2_DIR3_T62534.0,1200.0,PERIODIC_SAMPLE,0,START_8589271,
BUS_2_DIR3_T62534.0,1230.0,PERIODIC_SAMPLE,0,START_8589271,
BUS_2_DIR3_T62534.0,1260.0,PERIODIC_SAMPLE,0,START_8589271,
BUS_2_DIR3_T62534.0,1290.0,PERIODIC_SAMPLE,0,START_8589271,
BUS_2_DIR3_T62534.0,1320.0,PERIODIC_SAMPLE,0,START_8589271,
BUS_2_DIR3_T62534.0,1350.0,PERIODIC_SAMPLE,0,START_8589271,
BUS_2_DIR3_T62534.0,1380.0,PERIODIC_SAMPLE,0,START_8589271,
BUS_2_DIR3_T62534.0,1410.0,PERIODIC_SAMPLE,0,START_8589271,
BUS_2_DIR3_T62534.0,1440.0,PERIODIC_SAMPLE,0,START_8589271,
BUS_2_DIR3_T62534.0,1470.0,PERIODIC_SAMPLE,0,START_8589271,
BUS_2_DIR3_T62534.0,1500.0,PERIODIC_SAMPLE,0,START_8589271,
BUS_2_DIR3_T62534.0,1530.0,PERIODIC_SAMPLE,0,START_8589271,
BUS_2_DIR3_T62534.0,1560.0,PERIODIC_SAMPLE,0,START_8589271,
BUS_2_DIR3_T62534.0,1590.0,PERIODIC_SAMPLE,0,START_8589271,
BUS_2_DIR3_T62534.0,1620.0,PERIODIC_SAMPLE,0,START_8589271,
BUS_2_DIR3_T62534.0,1650.0,PERIODIC_SAMPLE,0,START_8589271,
BUS_2_DIR3_T62534.0,1680.0,PERIODIC_SAMPLE,0,START_8589271,
BUS_2_DIR3_T62534.0,1710.0,PERIODIC_SAMPLE,0,START_8589271,
BUS_2_DIR3_T62534.0,1740.0,PERIODIC_SAMPLE,0,START_8589271,
BUS_2_DIR3_T62534.0,1770.0,PERIODIC_SAMPLE,0,START_8589271,
BUS_2_DIR3_T62540.0,30.0,PERIODIC_SAMPLE,0,START_8589271,
BUS_2_DIR3_T62540.0,60.0,PERIODIC_SAMPLE,0,START_8589271,
BUS_2_DIR3_T62540.0,90.0,PERIODIC_SAMPLE,0,START_8589271,
BUS_2_DIR3_T62540.0,120.0,PERIODIC_SAMPLE,0,START_8589271,
BUS_2_DIR3_T62540.0,150.0,PERIODIC_SAMPLE,0,START_8589271,
BUS_2_DIR3_T62540.0,180.0,PERIODIC_SAMPLE,0,START_8589271,
BUS_2_DIR3_T62540.0,210.0,PERIODIC_SAMPLE,0,START_8589271,
BUS_2_DIR3_T62540.0,240.0,PERIODIC_SAMPLE,0,START_8589271,
BUS_2_DIR3_T62540.0,270.0,PERIODIC_SAMPLE,0,START_8589271,
BUS_2_DIR3_T62540.0,300.0,PERIODIC_SAMPLE,0,START_8589271,
BUS_2_DIR3_T62540.0,330.0,PERIODIC_SAMPLE,0,START_8589271,
BUS_2_DIR3_T62540.0,360.0,PERIODIC_SAMPLE,0,START_8589271,
BUS_2_DIR3_T62540.0,390.0,PERIODIC_SAMPLE,0,START_8589271,
BUS_2_DIR3_T62540.0,420.0,PERIODIC_SAMPLE,0,START_8589271,
BUS_2_DIR3_T62540.0,450.0,PERIODIC_SAMPLE,0,START_8589271,
BUS_2_DIR3_T62540.0,480.0,PERIODIC_SAMPLE,0,START_8589271,
BUS_2_DIR3_T62540.0,510.0,PERIODIC_SAMPLE,0,START_8589271,
BUS_2_DIR3_T62540.0,540.0,PERIODIC_SAMPLE,0,START_8589271,
BUS_2_DIR3_T62540.0,570.0,PERIODIC_SAMPLE,0,START_8589271,
BUS_2_DIR3_T62540.0,600.0,PERIODIC_SAMPLE,0,START_8589271,
BUS_2_DIR3_T62540.0,630.0,PERIODIC_SAMPLE,0,START_8589271,
BUS_2_DIR3_T62540.0,660.0,PERIODIC_SAMPLE,0,START_8589271,
BUS_2_DIR3_T62540.0,690.0,PERIODIC_SAMPLE,0,START_8589271,
BUS_2_DIR3_T62540.0,720.0,PERIODIC_SAMPLE,0,START_8589271,
BUS_2_DIR3_T62540.0,750.0,PERIODIC_SAMPLE,0,START_8589271,
BUS_2_DIR3_T62540.0,780.0,PERIODIC_SAMPLE,0,START_8589271,
BUS_2_DIR3_T62540.0,810.0,PERIODIC_SAMPLE,0,START_8589271,
BUS_2_DIR3_T62540.0,840.0,PERIODIC_SAMPLE,0,START_8589271,
BUS_2_DIR3_T62540.0,870.0,PERIODIC_SAMPLE,0,START_8589271,
BUS_2_DIR3_T62540.0,900.0,PERIODIC_SAMPLE,0,START_8589271,
BUS_2_DIR3_T62540.0,930.0,PERIODIC_SAMPLE,0,START_8589271,
BUS_2_DIR3_T62540.0,960.0,PERIODIC_SAMPLE,0,START_8589271,
BUS_2_DIR3_T62540.0,990.0,PERIODIC_SAMPLE,0,START_8589271,
BUS_2_DIR3_T62540.0,1020.0,PERIODIC_SAMPLE,0,START_8589271,
BUS_2_DIR3_T62540.0,1050.0,PERIODIC_SAMPLE,0,START_8589271,
BUS_2_DIR3_T62540.0,1080.0,PERIODIC_SAMPLE,0,START_8589271,
BUS_2_DIR3_T62540.0,1110.0,PERIODIC_SAMPLE,0,START_8589271,
BUS_2_DIR3_T62540.0,1140.0,PERIODIC_SAMPLE,0,START_8589271,
BUS_2_DIR3_T62540.0,1170.0,PERIODIC_SAMPLE,0,START_8589271,
BUS_2_DIR3_T62540.0,1200.0,PERIODIC_SAMPLE,0,START_8589271,
BUS_2_DIR3_T62540.0,1230.0,PERIODIC_SAMPLE,0,START_8589271,
BUS_2_DIR3_T62540.0,1260.0,PERIODIC_SAMPLE,0,START_8589271,
BUS_2_DIR3_T62540.0,1290.0,PERIODIC_SAMPLE,0,START_8589271,
BUS_2_DIR3_T62540.0,1320.0,PERIODIC_SAMPLE,0,START_8589271,
BUS_2_DIR3_T62540.0,1350.0,PERIODIC_SAMPLE,0,START_8589271,
BUS_2_DIR3_T62540.0,1380.0,PERIODIC_SAMPLE,0,START_8589271,
BUS_2_DIR3_T62540.0,1410.0,PERIODIC_SAMPLE,0,START_8589271,
BUS_2_DIR3_T62540.0,1440.0,PERIODIC_SAMPLE,0,START_8589271,
BUS_2_DIR3_T62540.0,1470.0,PERIODIC_SAMPLE,0,START_8589271,
BUS_2_DIR3_T62540.0,1500.0,PERIODIC_SAMPLE,0,START_8589271,
BUS_2_DIR3_T62540.0,1530.0,PERIODIC_SAMPLE,0,START_8589271,
BUS_2_DIR3_T62540.0,1560.0,PERIODIC_SAMPLE,0,START_8589271,
BUS_2_DIR3_T62540.0,1590.0,PERIODIC_SAMPLE,0,START_8589271,
BUS_2_DIR3_T62540.0,1620.0,PERIODIC_SAMPLE,0,START_8589271,
BUS_2_DIR3_T62540.0,1650.0,PERIODIC_SAMPLE,0,START_8589271,
BUS_2_DIR3_T62540.0,1680.0,PERIODIC_SAMPLE,0,START_8589271,
BUS_2_DIR3_T62540.0,1710.0,PERIODIC_SAMPLE,0,START_8589271,
BUS_2_DIR3_T62540.0,1740.0,PERIODIC_SAMPLE,0,START_8589271,
BUS_2_DIR3_T62540.0,1770.0,PERIODIC_SAMPLE,0,START_8589271,
BUS_2_DIR3_T62548.0,30.0,PERIODIC_SAMPLE,0,START_8589271,
BUS_2_DIR3_T62548.0,60.0,PERIODIC_SAMPLE,0,START_8589271,
BUS_2_DIR3_T62548.0,90.0,PERIODIC_SAMPLE,0,START_8589271,
BUS_2_DIR3_T62548.0,120.0,PERIODIC_SAMPLE,0,START_8589271,
BUS_2_DIR3_T62548.0,150.0,PERIODIC_SAMPLE,0,START_8589271,
BUS_2_DIR3_T62548.0,180.0,PERIODIC_SAMPLE,0,START_8589271,
BUS_2_DIR3_T62548.0,210.0,PERIODIC_SAMPLE,0,START_8589271,
BUS_2_DIR3_T62548.0,240.0,PERIODIC_SAMPLE,0,START_8589271,
BUS_2_DIR3_T62548.0,270.0,PERIODIC_SAMPLE,0,START_8589271,
BUS_2_DIR3_T62548.0,300.0,PERIODIC_SAMPLE,0,START_8589271,
BUS_2_DIR3_T62548.0,330.0,PERIODIC_SAMPLE,0,START_8589271,
BUS_2_DIR3_T62548.0,360.0,PERIODIC_SAMPLE,0,START_8589271,
BUS_2_DIR3_T62548.0,390.0,PERIODIC_SAMPLE,0,START_8589271,
BUS_2_DIR3_T62548.0,420.0,PERIODIC_SAMPLE,0,START_8589271,
BUS_2_DIR3_T62548.0,450.0,PERIODIC_SAMPLE,0,START_8589271,
BUS_2_DIR3_T62548.0,480.0,PERIODIC_SAMPLE,0,START_8589271,
BUS_2_DIR3_T62548.0,510.0,PERIODIC_SAMPLE,0,START_8589271,
BUS_2_DIR3_T62548.0,540.0,PERIODIC_SAMPLE,0,START_8589271,
BUS_2_DIR3_T62548.0,570.0,PERIODIC_SAMPLE,0,START_8589271,
BUS_2_DIR3_T62548.0,600.0,PERIODIC_SAMPLE,0,START_8589271,
BUS_2_DIR3_T62548.0,630.0,PERIODIC_SAMPLE,0,START_8589271,
BUS_2_DIR3_T62548.0,660.0,PERIODIC_SAMPLE,0,START_8589271,
BUS_2_DIR3_T62548.0,690.0,PERIODIC_SAMPLE,0,START_8589271,
BUS_2_DIR3_T62548.0,720.0,PERIODIC_SAMPLE,0,START_8589271,
BUS_2_DIR3_T62548.0,750.0,PERIODIC_SAMPLE,0,START_8589271,
BUS_2_DIR3_T62548.0,780.0,PERIODIC_SAMPLE,0,START_8589271,
BUS_2_DIR3_T62548.0,810.0,PERIODIC_SAMPLE,0,START_8589271,
BUS_2_DIR3_T62548.0,840.0,PERIODIC_SAMPLE,0,START_8589271,
BUS_2_DIR3_T62548.0,870.0,PERIODIC_SAMPLE,0,START_8589271,
BUS_2_DIR3_T62548.0,900.0,PERIODIC_SAMPLE,0,START_8589271,
BUS_2_DIR3_T62548.0,930.0,PERIODIC_SAMPLE,0,START_8589271,
BUS_2_DIR3_T62548.0,960.0,PERIODIC_SAMPLE,0,START_8589271,
BUS_2_DIR3_T62548.0,990.0,PERIODIC_SAMPLE,0,START_8589271,
BUS_2_DIR3_T62548.0,1020.0,PERIODIC_SAMPLE,0,START_8589271,
BUS_2_DIR3_T62548.0,1050.0,PERIODIC_SAMPLE,0,START_8589271,
BUS_2_DIR3_T62548.0,1080.0,PERIODIC_SAMPLE,0,START_8589271,
BUS_2_DIR3_T62548.0,1110.0,PERIODIC_SAMPLE,0,START_8589271,
BUS_2_DIR3_T62548.0,1140.0,PERIODIC_SAMPLE,0,START_8589271,
BUS_2_DIR3_T62548.0,1170.0,PERIODIC_SAMPLE,0,START_8589271,
BUS_2_DIR3_T62548.0,1200.0,PERIODIC_SAMPLE,0,START_8589271,
BUS_2_DIR3_T62548.0,1230.0,PERIODIC_SAMPLE,0,START_8589271,
BUS_2_DIR3_T62548.0,1260.0,PERIODIC_SAMPLE,0,START_8589271,
BUS_2_DIR3_T62548.0,1290.0,PERIODIC_SAMPLE,0,START_8589271,
BUS_2_DIR3_T62548.0,1320.0,PERIODIC_SAMPLE,0,START_8589271,
BUS_2_DIR3_T62548.0,1350.0,PERIODIC_SAMPLE,0,START_8589271,
BUS_2_DIR3_T62548.0,1380.0,PERIODIC_SAMPLE,0,START_8589271,
BUS_2_DIR3_T62548.0,1410.0,PERIODIC_SAMPLE,0,START_8589271,
BUS_2_DIR3_T62548.0,1440.0,PERIODIC_SAMPLE,0,START_8589271,
BUS_2_DIR3_T62548.0,1470.0,PERIODIC_SAMPLE,0,START_8589271,
BUS_2_DIR3_T62548.0,1500.0,PERIODIC_SAMPLE,0,START_8589271,
BUS_2_DIR3_T62548.0,1530.0,PERIODIC_SAMPLE,0,START_8589271,
BUS_2_DIR3_T62548.0,1560.0,PERIODIC_SAMPLE,0,START_8589271,
BUS_2_DIR3_T62548.0,1590.0,PERIODIC_SAMPLE,0,START_8589271,
BUS_2_DIR3_T62548.0,1620.0,PERIODIC_SAMPLE,0,START_8589271,
BUS_2_DIR3_T62548.0,1650.0,PERIODIC_SAMPLE,0,START_8589271,
BUS_2_DIR3_T62548.0,1680.0,PERIODIC_SAMPLE,0,START_8589271,
BUS_2_DIR3_T62548.0,1710.0,PERIODIC_SAMPLE,0,START_8589271,
BUS_2_DIR3_T62548.0,1740.0,PERIODIC_SAMPLE,0,START_8589271,
BUS_2_DIR3_T62548.0,1770.0,PERIODIC_SAMPLE,0,START_8589271,
BUS_2_DIR3_T62552.0,30.0,PERIODIC_SAMPLE,0,START_8589271,
BUS_2_DIR3_T62552.0,60.0,PERIODIC_SAMPLE,0,START_8589271,
BUS_2_DIR3_T62552.0,90.0,PERIODIC_SAMPLE,0,START_8589271,
BUS_2_DIR3_T62552.0,120.0,PERIODIC_SAMPLE,0,START_8589271,
BUS_2_DIR3_T62552.0,150.0,PERIODIC_SAMPLE,0,START_8589271,
BUS_2_DIR3_T62552.0,180.0,PERIODIC_SAMPLE,0,START_8589271,
BUS_2_DIR3_T62552.0,210.0,PERIODIC_SAMPLE,0,START_8589271,
BUS_2_DIR3_T62552.0,240.0,PERIODIC_SAMPLE,0,START_8589271,
BUS_2_DIR3_T62552.0,270.0,PERIODIC_SAMPLE,0,START_8589271,
BUS_2_DIR3_T62552.0,300.0,PERIODIC_SAMPLE,0,START_8589271,
BUS_2_DIR3_T62552.0,330.0,PERIODIC_SAMPLE,0,START_8589271,
BUS_2_DIR3_T62552.0,360.0,PERIODIC_SAMPLE,0,START_8589271,
BUS_2_DIR3_T62552.0,390.0,PERIODIC_SAMPLE,0,START_8589271,
BUS_2_DIR3_T62552.0,420.0,PERIODIC_SAMPLE,0,START_8589271,
BUS_2_DIR3_T62552.0,450.0,PERIODIC_SAMPLE,0,START_8589271,
BUS_2_DIR3_T62552.0,480.0,PERIODIC_SAMPLE,0,START_8589271,
BUS_2_DIR3_T62552.0,510.0,PERIODIC_SAMPLE,0,START_8589271,
BUS_2_DIR3_T62552.0,540.0,PERIODIC_SAMPLE,0,START_8589271,
BUS_2_DIR3_T62552.0,570.0,PERIODIC_SAMPLE,0,START_8589271,
BUS_2_DIR3_T62552.0,600.0,PERIODIC_SAMPLE,0,START_8589271,
BUS_2_DIR3_T62552.0,630.0,PERIODIC_SAMPLE,0,START_8589271,
BUS_2_DIR3_T62552.0,660.0,PERIODIC_SAMPLE,0,START_8589271,
BUS_2_DIR3_T62552.0,690.0,PERIODIC_SAMPLE,0,START_8589271,
BUS_2_DIR3_T62552.0,720.0,PERIODIC_SAMPLE,0,START_8589271,
BUS_2_DIR3_T62552.0,750.0,PERIODIC_SAMPLE,0,START_8589271,
BUS_2_DIR3_T62552.0,780.0,PERIODIC_SAMPLE,0,START_8589271,
BUS_2_DIR3_T62552.0,810.0,PERIODIC_SAMPLE,0,START_8589271,
BUS_2_DIR3_T62552.0,840.0,PERIODIC_SAMPLE,0,START_8589271,
BUS_2_DIR3_T62552.0,870.0,PERIODIC_SAMPLE,0,START_8589271,
BUS_2_DIR3_T62552.0,900.0,PERIODIC_SAMPLE,0,START_8589271,
BUS_2_DIR3_T62552.0,930.0,PERIODIC_SAMPLE,0,START_8589271,
BUS_2_DIR3_T62552.0,960.0,PERIODIC_SAMPLE,0,START_8589271,
BUS_2_DIR3_T62552.0,990.0,PERIODIC_SAMPLE,0,START_8589271,
BUS_2_DIR3_T62552.0,1020.0,PERIODIC_SAMPLE,0,START_8589271,
BUS_2_DIR3_T62552.0,1050.0,PERIODIC_SAMPLE,0,START_8589271,
BUS_2_DIR3_T62552.0,1080.0,PERIODIC_SAMPLE,0,START_8589271,
BUS_2_DIR3_T62552.0,1110.0,PERIODIC_SAMPLE,0,START_8589271,
BUS_2_DIR3_T62552.0,1140.0,PERIODIC_SAMPLE,0,START_8589271,
BUS_2_DIR3_T62552.0,1170.0,PERIODIC_SAMPLE,0,START_8589271,
BUS_2_DIR3_T62552.0,1200.0,PERIODIC_SAMPLE,0,START_8589271,
BUS_2_DIR3_T62552.0,1230.0,PERIODIC_SAMPLE,0,START_8589271,
BUS_2_DIR3_T62552.0,1260.0,PERIODIC_SAMPLE,0,START_8589271,
BUS_2_DIR3_T62552.0,1290.0,PERIODIC_SAMPLE,0,START_8589271,
BUS_2_DIR3_T62552.0,1320.0,PERIODIC_SAMPLE,0,START_8589271,
BUS_2_DIR3_T62552.0,1350.0,PERIODIC_SAMPLE,0,START_8589271,
BUS_2_DIR3_T62552.0,1380.0,PERIODIC_SAMPLE,0,START_8589271,
BUS_2_DIR3_T62552.0,1410.0,PERIODIC_SAMPLE,0,START_8589271,
BUS_2_DIR3_T62552.0,1440.0,PERIODIC_SAMPLE,0,START_8589271,
BUS_2_DIR3_T62552.0,1470.0,PERIODIC_SAMPLE,0,START_8589271,
BUS_2_DIR3_T62552.0,1500.0,PERIODIC_SAMPLE,0,START_8589271,
BUS_2_DIR3_T62552.0,1530.0,PERIODIC_SAMPLE,0,START_8589271,
BUS_2_DIR3_T62552.0,1560.0,PERIODIC_SAMPLE,0,START_8589271,
BUS_2_DIR3_T62552.0,1590.0,PERIODIC_SAMPLE,0,START_8589271,
BUS_2_DIR3_T62552.0,1620.0,PERIODIC_SAMPLE,0,START_8589271,
BUS_2_DIR3_T62552.0,1650.0,PERIODIC_SAMPLE,0,START_8589271,
BUS_2_DIR3_T62552.0,1680.0,PERIODIC_SAMPLE,0,START_8589271,
BUS_2_DIR3_T62552.0,1710.0,PERIODIC_SAMPLE,0,START_8589271,
BUS_2_DIR3_T62552.0,1740.0,PERIODIC_SAMPLE,0,START_8589271,
BUS_2_DIR3_T62552.0,1770.0,PERIODIC_SAMPLE,0,START_8589271,
BUS_2_DIR3_T62566.0,30.0,PERIODIC_SAMPLE,0,START_8589141,
BUS_2_DIR3_T62566.0,60.0,PERIODIC_SAMPLE,0,START_8589141,
BUS_2_DIR3_T62566.0,90.0,PERIODIC_SAMPLE,0,START_8589141,
BUS_2_DIR3_T62566.0,120.0,PERIODIC_SAMPLE,0,START_8589141,
BUS_2_DIR3_T62566.0,150.0,PERIODIC_SAMPLE,0,START_8589141,
BUS_2_DIR3_T62566.0,180.0,PERIODIC_SAMPLE,0,START_8589141,
BUS_2_DIR3_T62566.0,210.0,PERIODIC_SAMPLE,0,START_8589141,
BUS_2_DIR3_T62566.0,240.0,PERIODIC_SAMPLE,0,START_8589141,
BUS_2_DIR3_T62566.0,270.0,PERIODIC_SAMPLE,0,START_8589141,
BUS_2_DIR3_T62566.0,300.0,PERIODIC_SAMPLE,0,START_8589141,
BUS_2_DIR3_T62566.0,330.0,PERIODIC_SAMPLE,0,START_8589141,
BUS_2_DIR3_T62566.0,360.0,PERIODIC_SAMPLE,0,START_8589141,
BUS_2_DIR3_T62566.0,390.0,PERIODIC_SAMPLE,0,START_8589141,
BUS_2_DIR3_T62566.0,420.0,PERIODIC_SAMPLE,0,START_8589141,
BUS_2_DIR3_T62566.0,450.0,PERIODIC_SAMPLE,0,START_8589141,
BUS_2_DIR3_T62566.0,480.0,PERIODIC_SAMPLE,0,START_8589141,
BUS_2_DIR3_T62566.0,510.0,PERIODIC_SAMPLE,0,START_8589141,
BUS_2_DIR3_T62566.0,540.0,PERIODIC_SAMPLE,0,START_8589141,
BUS_2_DIR3_T62566.0,570.0,PERIODIC_SAMPLE,0,START_8589141,
BUS_2_DIR3_T62566.0,600.0,PERIODIC_SAMPLE,0,START_8589141,
BUS_2_DIR3_T62566.0,630.0,PERIODIC_SAMPLE,0,START_8589141,
BUS_2_DIR3_T62566.0,660.0,PERIODIC_SAMPLE,0,START_8589141,
BUS_2_DIR3_T62566.0,690.0,PERIODIC_SAMPLE,0,START_8589141,
BUS_2_DIR3_T62566.0,720.0,PERIODIC_SAMPLE,0,START_8589141,
BUS_2_DIR3_T62566.0,750.0,PERIODIC_SAMPLE,0,START_8589141,
BUS_2_DIR3_T62566.0,780.0,PERIODIC_SAMPLE,0,START_8589141,
BUS_2_DIR3_T62566.0,810.0,PERIODIC_SAMPLE,0,START_8589141,
BUS_2_DIR3_T62566.0,840.0,PERIODIC_SAMPLE,0,START_8589141,
BUS_2_DIR3_T62566.0,870.0,PERIODIC_SAMPLE,0,START_8589141,
BUS_2_DIR3_T62566.0,900.0,PERIODIC_SAMPLE,0,START_8589141,
BUS_2_DIR3_T62566.0,930.0,PERIODIC_SAMPLE,0,START_8589141,
BUS_2_DIR3_T62566.0,960.0,PERIODIC_SAMPLE,0,START_8589141,
BUS_2_DIR3_T62566.0,990.0,PERIODIC_SAMPLE,0,START_8589141,
BUS_2_DIR3_T62566.0,1020.0,PERIODIC_SAMPLE,0,START_8589141,
BUS_2_DIR3_T62566.0,1050.0,PERIODIC_SAMPLE,0,START_8589141,
BUS_2_DIR3_T62566.0,1080.0,PERIODIC_SAMPLE,0,START_8589141,
BUS_2_DIR3_T62566.0,1110.0,PERIODIC_SAMPLE,0,START_8589141,
BUS_2_DIR3_T62566.0,1140.0,PERIODIC_SAMPLE,0,START_8589141,
BUS_2_DIR3_T62566.0,1170.0,PERIODIC_SAMPLE,0,START_8589141,
BUS_2_DIR3_T62566.0,1200.0,PERIODIC_SAMPLE,0,START_8589141,
BUS_2_DIR3_T62566.0,1230.0,PERIODIC_SAMPLE,0,START_8589141,
BUS_2_DIR3_T62566.0,1260.0,PERIODIC_SAMPLE,0,START_8589141,
BUS_2_DIR3_T62566.0,1290.0,PERIODIC_SAMPLE,0,START_8589141,
BUS_2_DIR3_T62566.0,1320.0,PERIODIC_SAMPLE,0,START_8589141,
BUS_2_DIR3_T62566.0,1350.0,PERIODIC_SAMPLE,0,START_8589141,
BUS_2_DIR3_T62566.0,1380.0,PERIODIC_SAMPLE,0,START_8589141,
BUS_2_DIR3_T62566.0,1410.0,PERIODIC_SAMPLE,0,START_8589141,
BUS_2_DIR3_T62566.0,1440.0,PERIODIC_SAMPLE,0,START_8589141,
BUS_2_DIR3_T62566.0,1470.0,PERIODIC_SAMPLE,0,START_8589141,
BUS_2_DIR3_T62566.0,1500.0,PERIODIC_SAMPLE,0,START_8589141,
BUS_2_DIR3_T62566.0,1530.0,PERIODIC_SAMPLE,0,START_8589141,
BUS_2_DIR3_T62566.0,1560.0,PERIODIC_SAMPLE,0,START_8589141,
BUS_2_DIR3_T62566.0,1590.0,PERIODIC_SAMPLE,0,START_8589141,
BUS_2_DIR3_T62566.0,1620.0,PERIODIC_SAMPLE,0,START_8589141,
BUS_2_DIR3_T62566.0,1650.0,PERIODIC_SAMPLE,0,START_8589141,
BUS_2_DIR3_T62566.0,1680.0,PERIODIC_SAMPLE,0,START_8589141,
BUS_2_DIR3_T62566.0,1710.0,PERIODIC_SAMPLE,0,START_8589141,
BUS_2_DIR3_T62566.0,1740.0,PERIODIC_SAMPLE,0,START_8589141,
BUS_2_DIR3_T62566.0,1770.0,PERIODIC_SAMPLE,0,START_8589141,
BUS_2_DIR3_T62574.0,30.0,PERIODIC_SAMPLE,0,START_8589152,
BUS_2_DIR3_T62574.0,60.0,PERIODIC_SAMPLE,0,START_8589152,
BUS_2_DIR3_T62574.0,90.0,PERIODIC_SAMPLE,0,START_8589152,
BUS_2_DIR3_T62574.0,120.0,PERIODIC_SAMPLE,0,START_8589152,
BUS_2_DIR3_T62574.0,150.0,PERIODIC_SAMPLE,0,START_8589152,
BUS_2_DIR3_T62574.0,180.0,PERIODIC_SAMPLE,0,START_8589152,
BUS_2_DIR3_T62574.0,210.0,PERIODIC_SAMPLE,0,START_8589152,
BUS_2_DIR3_T62574.0,240.0,PERIODIC_SAMPLE,0,START_8589152,
BUS_2_DIR3_T62574.0,270.0,PERIODIC_SAMPLE,0,START_8589152,
BUS_2_DIR3_T62574.0,300.0,PERIODIC_SAMPLE,0,START_8589152,
BUS_2_DIR3_T62574.0,330.0,PERIODIC_SAMPLE,0,START_8589152,
BUS_2_DIR3_T62574.0,360.0,PERIODIC_SAMPLE,0,START_8589152,
BUS_2_DIR3_T62574.0,390.0,PERIODIC_SAMPLE,0,START_8589152,
BUS_2_DIR3_T62574.0,420.0,PERIODIC_SAMPLE,0,START_8589152,
BUS_2_DIR3_T62574.0,450.0,PERIODIC_SAMPLE,0,START_8589152,
BUS_2_DIR3_T62574.0,480.0,PERIODIC_SAMPLE,0,START_8589152,
BUS_2_DIR3_T62574.0,510.0,PERIODIC_SAMPLE,0,START_8589152,
BUS_2_DIR3_T62574.0,540.0,PERIODIC_SAMPLE,0,START_8589152,
BUS_2_DIR3_T62574.0,570.0,PERIODIC_SAMPLE,0,START_8589152,
BUS_2_DIR3_T62574.0,600.0,PERIODIC_SAMPLE,0,START_8589152,
BUS_2_DIR3_T62574.0,630.0,PERIODIC_SAMPLE,0,START_8589152,
BUS_2_DIR3_T62574.0,660.0,PERIODIC_SAMPLE,0,START_8589152,
BUS_2_DIR3_T62574.0,690.0,PERIODIC_SAMPLE,0,START_8589152,
BUS_2_DIR3_T62574.0,720.0,PERIODIC_SAMPLE,0,START_8589152,
BUS_2_DIR3_T62574.0,750.0,PERIODIC_SAMPLE,0,START_8589152,
BUS_2_DIR3_T62574.0,780.0,PERIODIC_SAMPLE,0,START_8589152,
BUS_2_DIR3_T62574.0,810.0,PERIODIC_SAMPLE,0,START_8589152,
BUS_2_DIR3_T62574.0,840.0,PERIODIC_SAMPLE,0,START_8589152,
BUS_2_DIR3_T62574.0,870.0,PERIODIC_SAMPLE,0,START_8589152,
BUS_2_DIR3_T62574.0,900.0,PERIODIC_SAMPLE,0,START_8589152,
BUS_2_DIR3_T62574.0,930.0,PERIODIC_SAMPLE,0,START_8589152,
BUS_2_DIR3_T62574.0,960.0,PERIODIC_SAMPLE,0,START_8589152,
BUS_2_DIR3_T62574.0,990.0,PERIODIC_SAMPLE,0,START_8589152,
BUS_2_DIR3_T62574.0,1020.0,PERIODIC_SAMPLE,0,START_8589152,
BUS_2_DIR3_T62574.0,1050.0,PERIODIC_SAMPLE,0,START_8589152,
BUS_2_DIR3_T62574.0,1080.0,PERIODIC_SAMPLE,0,START_8589152,
BUS_2_DIR3_T62574.0,1110.0,PERIODIC_SAMPLE,0,START_8589152,
BUS_2_DIR3_T62574.0,1140.0,PERIODIC_SAMPLE,0,START_8589152,
BUS_2_DIR3_T62574.0,1170.0,PERIODIC_SAMPLE,0,START_8589152,
BUS_2_DIR3_T62574.0,1200.0,PERIODIC_SAMPLE,0,START_8589152,
BUS_2_DIR3_T62574.0,1230.0,PERIODIC_SAMPLE,0,START_8589152,
BUS_2_DIR3_T62574.0,1260.0,PERIODIC_SAMPLE,0,START_8589152,
BUS_2_DIR3_T62574.0,1290.0,PERIODIC_SAMPLE,0,START_8589152,
BUS_2_DIR3_T62574.0,1320.0,PERIODIC_SAMPLE,0,START_8589152,
BUS_2_DIR3_T62574.0,1350.0,PERIODIC_SAMPLE,0,START_8589152,
BUS_2_DIR3_T62574.0,1380.0,PERIODIC_SAMPLE,0,START_8589152,
BUS_2_DIR3_T62574.0,1410.0,PERIODIC_SAMPLE,0,START_8589152,
BUS_2_DIR3_T62574.0,1440.0,PERIODIC_SAMPLE,0,START_8589152,
BUS_2_DIR3_T62574.0,1470.0,PERIODIC_SAMPLE,0,START_8589152,
BUS_2_DIR3_T62574.0,1500.0,PERIODIC_SAMPLE,0,START_8589152,
BUS_2_DIR3_T62574.0,1530.0,PERIODIC_SAMPLE,0,START_8589152,
BUS_2_DIR3_T62574.0,1560.0,PERIODIC_SAMPLE,0,START_8589152,
BUS_2_DIR3_T62574.0,1590.0,PERIODIC_SAMPLE,0,START_8589152,
BUS_2_DIR3_T62574.0,1620.0,PERIODIC_SAMPLE,0,START_8589152,
BUS_2_DIR3_T62574.0,1650.0,PERIODIC_SAMPLE,0,START_8589152,
BUS_2_DIR3_T62574.0,1680.0,PERIODIC_SAMPLE,0,START_8589152,
BUS_2_DIR3_T62574.0,1710.0,PERIODIC_SAMPLE,0,START_8589152,
BUS_2_DIR3_T62574.0,1740.0,PERIODIC_SAMPLE,0,START_8589152,
BUS_2_DIR3_T62574.0,1770.0,PERIODIC_SAMPLE,0,START_8589152,
BUS_2_DIR3_T62578.0,30.0,PERIODIC_SAMPLE,0,START_8589141,
BUS_2_DIR3_T62578.0,60.0,PERIODIC_SAMPLE,0,START_8589141,
BUS_2_DIR3_T62578.0,90.0,PERIODIC_SAMPLE,0,START_8589141,
BUS_2_DIR3_T62578.0,120.0,PERIODIC_SAMPLE,0,START_8589141,
BUS_2_DIR3_T62578.0,150.0,PERIODIC_SAMPLE,0,START_8589141,
BUS_2_DIR3_T62578.0,180.0,PERIODIC_SAMPLE,0,START_8589141,
BUS_2_DIR3_T62578.0,210.0,PERIODIC_SAMPLE,0,START_8589141,
BUS_2_DIR3_T62578.0,240.0,PERIODIC_SAMPLE,0,START_8589141,
BUS_2_DIR3_T62578.0,270.0,PERIODIC_SAMPLE,0,START_8589141,
BUS_2_DIR3_T62578.0,300.0,PERIODIC_SAMPLE,0,START_8589141,
BUS_2_DIR3_T62578.0,330.0,PERIODIC_SAMPLE,0,START_8589141,
BUS_2_DIR3_T62578.0,360.0,PERIODIC_SAMPLE,0,START_8589141,
BUS_2_DIR3_T62578.0,390.0,PERIODIC_SAMPLE,0,START_8589141,
BUS_2_DIR3_T62578.0,420.0,PERIODIC_SAMPLE,0,START_8589141,
BUS_2_DIR3_T62578.0,450.0,PERIODIC_SAMPLE,0,START_8589141,
BUS_2_DIR3_T62578.0,480.0,PERIODIC_SAMPLE,0,START_8589141,
BUS_2_DIR3_T62578.0,510.0,PERIODIC_SAMPLE,0,START_8589141,
BUS_2_DIR3_T62578.0,540.0,PERIODIC_SAMPLE,0,START_8589141,
BUS_2_DIR3_T62578.0,570.0,PERIODIC_SAMPLE,0,START_8589141,
BUS_2_DIR3_T62578.0,600.0,PERIODIC_SAMPLE,0,START_8589141,
BUS_2_DIR3_T62578.0,630.0,PERIODIC_SAMPLE,0,START_8589141,
BUS_2_DIR3_T62578.0,660.0,PERIODIC_SAMPLE,0,START_8589141,
BUS_2_DIR3_T62578.0,690.0,PERIODIC_SAMPLE,0,START_8589141,
BUS_2_DIR3_T62578.0,720.0,PERIODIC_SAMPLE,0,START_8589141,
BUS_2_DIR3_T62578.0,750.0,PERIODIC_SAMPLE,0,START_8589141,
BUS_2_DIR3_T62578.0,780.0,PERIODIC_SAMPLE,0,START_8589141,
BUS_2_DIR3_T62578.0,810.0,PERIODIC_SAMPLE,0,START_8589141,
BUS_2_DIR3_T62578.0,840.0,PERIODIC_SAMPLE,0,START_8589141,
BUS_2_DIR3_T62578.0,870.0,PERIODIC_SAMPLE,0,START_8589141,
BUS_2_DIR3_T62578.0,900.0,PERIODIC_SAMPLE,0,START_8589141,
BUS_2_DIR3_T62578.0,930.0,PERIODIC_SAMPLE,0,START_8589141,
BUS_2_DIR3_T62578.0,960.0,PERIODIC_SAMPLE,0,START_8589141,
BUS_2_DIR3_T62578.0,990.0,PERIODIC_SAMPLE,0,START_8589141,
BUS_2_DIR3_T62578.0,1020.0,PERIODIC_SAMPLE,0,START_8589141,
BUS_2_DIR3_T62578.0,1050.0,PERIODIC_SAMPLE,0,START_8589141,
BUS_2_DIR3_T62578.0,1080.0,PERIODIC_SAMPLE,0,START_8589141,
BUS_2_DIR3_T62578.0,1110.0,PERIODIC_SAMPLE,0,START_8589141,
BUS_2_DIR3_T62578.0,1140.0,PERIODIC_SAMPLE,0,START_8589141,
BUS_2_DIR3_T62578.0,1170.0,PERIODIC_SAMPLE,0,START_8589141,
BUS_2_DIR3_T62578.0,1200.0,PERIODIC_SAMPLE,0,START_8589141,
BUS_2_DIR3_T62578.0,1230.0,PERIODIC_SAMPLE,0,START_8589141,
BUS_2_DIR3_T62578.0,1260.0,PERIODIC_SAMPLE,0,START_8589141,
BUS_2_DIR3_T62578.0,1290.0,PERIODIC_SAMPLE,0,START_8589141,
BUS_2_DIR3_T62578.0,1320.0,PERIODIC_SAMPLE,0,START_8589141,
BUS_2_DIR3_T62578.0,1350.0,PERIODIC_SAMPLE,0,START_8589141,
BUS_2_DIR3_T62578.0,1380.0,PERIODIC_SAMPLE,0,START_8589141,
BUS_2_DIR3_T62578.0,1410.0,PERIODIC_SAMPLE,0,START_8589141,
BUS_2_DIR3_T62578.0,1440.0,PERIODIC_SAMPLE,0,START_8589141,
BUS_2_DIR3_T62578.0,1470.0,PERIODIC_SAMPLE,0,START_8589141,
BUS_2_DIR3_T62578.0,1500.0,PERIODIC_SAMPLE,0,START_8589141,
BUS_2_DIR3_T62578.0,1530.0,PERIODIC_SAMPLE,0,START_8589141,
BUS_2_DIR3_T62578.0,1560.0,PERIODIC_SAMPLE,0,START_8589141,
BUS_2_DIR3_T62578.0,1590.0,PERIODIC_SAMPLE,0,START_8589141,
BUS_2_DIR3_T62578.0,1620.0,PERIODIC_SAMPLE,0,START_8589141,
BUS_2_DIR3_T62578.0,1650.0,PERIODIC_SAMPLE,0,START_8589141,
BUS_2_DIR3_T62578.0,1680.0,PERIODIC_SAMPLE,0,START_8589141,
BUS_2_DIR3_T62578.0,1710.0,PERIODIC_SAMPLE,0,START_8589141,
BUS_2_DIR3_T62578.0,1740.0,PERIODIC_SAMPLE,0,START_8589141,
BUS_2_DIR3_T62578.0,1770.0,PERIODIC_SAMPLE,0,START_8589141,
BUS_2_DIR3_T62586.0,30.0,PERIODIC_SAMPLE,0,START_8589271,
BUS_2_DIR3_T62586.0,60.0,PERIODIC_SAMPLE,0,START_8589271,
BUS_2_DIR3_T62586.0,90.0,PERIODIC_SAMPLE,0,START_8589271,
BUS_2_DIR3_T62586.0,120.0,PERIODIC_SAMPLE,0,START_8589271,
BUS_2_DIR3_T62586.0,150.0,PERIODIC_SAMPLE,0,START_8589271,
BUS_2_DIR3_T62586.0,180.0,PERIODIC_SAMPLE,0,START_8589271,
BUS_2_DIR3_T62586.0,210.0,PERIODIC_SAMPLE,0,START_8589271,
BUS_2_DIR3_T62586.0,240.0,PERIODIC_SAMPLE,0,START_8589271,
BUS_2_DIR3_T62586.0,270.0,PERIODIC_SAMPLE,0,START_8589271,
BUS_2_DIR3_T62586.0,300.0,PERIODIC_SAMPLE,0,START_8589271,
BUS_2_DIR3_T62586.0,330.0,PERIODIC_SAMPLE,0,START_8589271,
BUS_2_DIR3_T62586.0,360.0,PERIODIC_SAMPLE,0,START_8589271,
BUS_2_DIR3_T62586.0,390.0,PERIODIC_SAMPLE,0,START_8589271,
BUS_2_DIR3_T62586.0,420.0,PERIODIC_SAMPLE,0,START_8589271,
BUS_2_DIR3_T62586.0,450.0,PERIODIC_SAMPLE,0,START_8589271,
BUS_2_DIR3_T62586.0,480.0,PERIODIC_SAMPLE,0,START_8589271,
BUS_2_DIR3_T62586.0,510.0,PERIODIC_SAMPLE,0,START_8589271,
BUS_2_DIR3_T62586.0,540.0,PERIODIC_SAMPLE,0,START_8589271,
BUS_2_DIR3_T62586.0,570.0,PERIODIC_SAMPLE,0,START_8589271,
BUS_2_DIR3_T62586.0,600.0,PERIODIC_SAMPLE,0,START_8589271,
BUS_2_DIR3_T62586.0,630.0,PERIODIC_SAMPLE,0,START_8589271,
BUS_2_DIR3_T62586.0,660.0,PERIODIC_SAMPLE,0,START_8589271,
BUS_2_DIR3_T62586.0,690.0,PERIODIC_SAMPLE,0,START_8589271,
BUS_2_DIR3_T62586.0,720.0,PERIODIC_SAMPLE,0,START_8589271,
BUS_2_DIR3_T62586.0,750.0,PERIODIC_SAMPLE,0,START_8589271,
BUS_2_DIR3_T62586.0,780.0,PERIODIC_SAMPLE,0,START_8589271,
BUS_2_DIR3_T62586.0,810.0,PERIODIC_SAMPLE,0,START_8589271,
BUS_2_DIR3_T62586.0,840.0,PERIODIC_SAMPLE,0,START_8589271,
BUS_2_DIR3_T62586.0,870.0,PERIODIC_SAMPLE,0,START_8589271,
BUS_2_DIR3_T62586.0,900.0,PERIODIC_SAMPLE,0,START_8589271,
BUS_2_DIR3_T62586.0,930.0,PERIODIC_SAMPLE,0,START_8589271,
BUS_2_DIR3_T62586.0,960.0,PERIODIC_SAMPLE,0,START_8589271,
BUS_2_DIR3_T62586.0,990.0,PERIODIC_SAMPLE,0,START_8589271,
BUS_2_DIR3_T62586.0,1020.0,PERIODIC_SAMPLE,0,START_8589271,
BUS_2_DIR3_T62586.0,1050.0,PERIODIC_SAMPLE,0,START_8589271,
BUS_2_DIR3_T62586.0,1080.0,PERIODIC_SAMPLE,0,START_8589271,
BUS_2_DIR3_T62586.0,1110.0,PERIODIC_SAMPLE,0,START_8589271,
BUS_2_DIR3_T62586.0,1140.0,PERIODIC_SAMPLE,0,START_8589271,
BUS_2_DIR3_T62586.0,1170.0,PERIODIC_SAMPLE,0,START_8589271,
BUS_2_DIR3_T62586.0,1200.0,PERIODIC_SAMPLE,0,START_8589271,
BUS_2_DIR3_T62586.0,1230.0,PERIODIC_SAMPLE,0,START_8589271,
BUS_2_DIR3_T62586.0,1260.0,PERIODIC_SAMPLE,0,START_8589271,
BUS_2_DIR3_T62586.0,1290.0,PERIODIC_SAMPLE,0,START_8589271,
BUS_2_DIR3_T62586.0,1320.0,PERIODIC_SAMPLE,0,START_8589271,
BUS_2_DIR3_T62586.0,1350.0,PERIODIC_SAMPLE,0,START_8589271,
BUS_2_DIR3_T62586.0,1380.0,PERIODIC_SAMPLE,0,START_8589271,
BUS_2_DIR3_T62586.0,1410.0,PERIODIC_SAMPLE,0,START_8589271,
BUS_2_DIR3_T62586.0,1440.0,PERIODIC_SAMPLE,0,START_8589271,
BUS_2_DIR3_T62586.0,1470.0,PERIODIC_SAMPLE,0,START_8589271,
BUS_2_DIR3_T62586.0,1500.0,PERIODIC_SAMPLE,0,START_8589271,
BUS_2_DIR3_T62586.0,1530.0,PERIODIC_SAMPLE,0,START_8589271,
BUS_2_DIR3_T62586.0,1560.0,PERIODIC_SAMPLE,0,START_8589271,
BUS_2_DIR3_T62586.0,1590.0,PERIODIC_SAMPLE,0,START_8589271,
BUS_2_DIR3_T62586.0,1620.0,PERIODIC_SAMPLE,0,START_8589271,
BUS_2_DIR3_T62586.0,1650.0,PERIODIC_SAMPLE,0,START_8589271,
BUS_2_DIR3_T62586.0,1680.0,PERIODIC_SAMPLE,0,START_8589271,
BUS_2_DIR3_T62586.0,1710.0,PERIODIC_SAMPLE,0,START_8589271,
BUS_2_DIR3_T62586.0,1740.0,PERIODIC_SAMPLE,0,START_8589271,
BUS_2_DIR3_T62586.0,1770.0,PERIODIC_SAMPLE,0,START_8589271,
BUS_2_DIR3_T62592.0,30.0,PERIODIC_SAMPLE,0,START_8589141,
BUS_2_DIR3_T62592.0,60.0,PERIODIC_SAMPLE,0,START_8589141,
BUS_2_DIR3_T62592.0,90.0,PERIODIC_SAMPLE,0,START_8589141,
BUS_2_DIR3_T62592.0,120.0,PERIODIC_SAMPLE,0,START_8589141,
BUS_2_DIR3_T62592.0,150.0,PERIODIC_SAMPLE,0,START_8589141,
BUS_2_DIR3_T62592.0,180.0,PERIODIC_SAMPLE,0,START_8589141,
BUS_2_DIR3_T62592.0,210.0,PERIODIC_SAMPLE,0,START_8589141,
BUS_2_DIR3_T62592.0,240.0,PERIODIC_SAMPLE,0,START_8589141,
BUS_2_DIR3_T62592.0,270.0,PERIODIC_SAMPLE,0,START_8589141,
BUS_2_DIR3_T62592.0,300.0,PERIODIC_SAMPLE,0,START_8589141,
BUS_2_DIR3_T62592.0,330.0,PERIODIC_SAMPLE,0,START_8589141,
BUS_2_DIR3_T62592.0,360.0,PERIODIC_SAMPLE,0,START_8589141,
BUS_2_DIR3_T62592.0,390.0,PERIODIC_SAMPLE,0,START_8589141,
BUS_2_DIR3_T62592.0,420.0,PERIODIC_SAMPLE,0,START_8589141,
BUS_2_DIR3_T62592.0,450.0,PERIODIC_SAMPLE,0,START_8589141,
BUS_2_DIR3_T62592.0,480.0,PERIODIC_SAMPLE,0,START_8589141,
BUS_2_DIR3_T62592.0,510.0,PERIODIC_SAMPLE,0,START_8589141,
BUS_2_DIR3_T62592.0,540.0,PERIODIC_SAMPLE,0,START_8589141,
BUS_2_DIR3_T62592.0,570.0,PERIODIC_SAMPLE,0,START_8589141,
BUS_2_DIR3_T62592.0,600.0,PERIODIC_SAMPLE,0,START_8589141,
BUS_2_DIR3_T62592.0,630.0,PERIODIC_SAMPLE,0,START_8589141,
BUS_2_DIR3_T62592.0,660.0,PERIODIC_SAMPLE,0,START_8589141,
BUS_2_DIR3_T62592.0,690.0,PERIODIC_SAMPLE,0,START_8589141,
BUS_2_DIR3_T62592.0,720.0,PERIODIC_SAMPLE,0,START_8589141,
BUS_2_DIR3_T62592.0,750.0,PERIODIC_SAMPLE,0,START_8589141,
BUS_2_DIR3_T62592.0,780.0,PERIODIC_SAMPLE,0,START_8589141,
BUS_2_DIR3_T62592.0,810.0,PERIODIC_SAMPLE,0,START_8589141,
BUS_2_DIR3_T62592.0,840.0,PERIODIC_SAMPLE,0,START_8589141,
BUS_2_DIR3_T62592.0,870.0,PERIODIC_SAMPLE,0,START_8589141,
BUS_2_DIR3_T62592.0,900.0,PERIODIC_SAMPLE,0,START_8589141,
BUS_2_DIR3_T62592.0,930.0,PERIODIC_SAMPLE,0,START_8589141,
BUS_2_DIR3_T62592.0,960.0,PERIODIC_SAMPLE,0,START_8589141,
BUS_2_DIR3_T62592.0,990.0,PERIODIC_SAMPLE,0,START_8589141,
BUS_2_DIR3_T62592.0,1020.0,PERIODIC_SAMPLE,0,START_8589141,
BUS_2_DIR3_T62592.0,1050.0,PERIODIC_SAMPLE,0,START_8589141,
BUS_2_DIR3_T62592.0,1080.0,PERIODIC_SAMPLE,0,START_8589141,
BUS_2_DIR3_T62592.0,1110.0,PERIODIC_SAMPLE,0,START_8589141,
BUS_2_DIR3_T62592.0,1140.0,PERIODIC_SAMPLE,0,START_8589141,
BUS_2_DIR3_T62592.0,1170.0,PERIODIC_SAMPLE,0,START_8589141,
BUS_2_DIR3_T62592.0,1200.0,PERIODIC_SAMPLE,0,START_8589141,
BUS_2_DIR3_T62592.0,1230.0,PERIODIC_SAMPLE,0,START_8589141,
BUS_2_DIR3_T62592.0,1260.0,PERIODIC_SAMPLE,0,START_8589141,
BUS_2_DIR3_T62592.0,1290.0,PERIODIC_SAMPLE,0,START_8589141,
BUS_2_DIR3_T62592.0,1320.0,PERIODIC_SAMPLE,0,START_8589141,
BUS_2_DIR3_T62592.0,1350.0,PERIODIC_SAMPLE,0,START_8589141,
BUS_2_DIR3_T62592.0,1380.0,PERIODIC_SAMPLE,0,START_8589141,
BUS_2_DIR3_T62592.0,1410.0,PERIODIC_SAMPLE,0,START_8589141,
BUS_2_DIR3_T62592.0,1440.0,PERIODIC_SAMPLE,0,START_8589141,
BUS_2_DIR3_T62592.0,1470.0,PERIODIC_SAMPLE,0,START_8589141,
BUS_2_DIR3_T62592.0,1500.0,PERIODIC_SAMPLE,0,START_8589141,
BUS_2_DIR3_T62592.0,1530.0,PERIODIC_SAMPLE,0,START_8589141,
BUS_2_DIR3_T62592.0,1560.0,PERIODIC_SAMPLE,0,START_8589141,
BUS_2_DIR3_T62592.0,1590.0,PERIODIC_SAMPLE,0,START_8589141,
BUS_2_DIR3_T62592.0,1620.0,PERIODIC_SAMPLE,0,START_8589141,
BUS_2_DIR3_T62592.0,1650.0,PERIODIC_SAMPLE,0,START_8589141,
BUS_2_DIR3_T62592.0,1680.0,PERIODIC_SAMPLE,0,START_8589141,
BUS_2_DIR3_T62592.0,1710.0,PERIODIC_SAMPLE,0,START_8589141,
BUS_2_DIR3_T62592.0,1740.0,PERIODIC_SAMPLE,0,START_8589141,
BUS_2_DIR3_T62592.0,1770.0,PERIODIC_SAMPLE,0,START_8589141,
BUS_2_DIR3_T62600.0,30.0,PERIODIC_SAMPLE,0,START_8589271,
BUS_2_DIR3_T62600.0,60.0,PERIODIC_SAMPLE,0,START_8589271,
BUS_2_DIR3_T62600.0,90.0,PERIODIC_SAMPLE,0,START_8589271,
BUS_2_DIR3_T62600.0,120.0,PERIODIC_SAMPLE,0,START_8589271,
BUS_2_DIR3_T62600.0,150.0,PERIODIC_SAMPLE,0,START_8589271,
BUS_2_DIR3_T62600.0,180.0,PERIODIC_SAMPLE,0,START_8589271,
BUS_2_DIR3_T62600.0,210.0,PERIODIC_SAMPLE,0,START_8589271,
BUS_2_DIR3_T62600.0,240.0,PERIODIC_SAMPLE,0,START_8589271,
BUS_2_DIR3_T62600.0,270.0,PERIODIC_SAMPLE,0,START_8589271,
BUS_2_DIR3_T62600.0,300.0,PERIODIC_SAMPLE,0,START_8589271,
BUS_2_DIR3_T62600.0,330.0,PERIODIC_SAMPLE,0,START_8589271,
BUS_2_DIR3_T62600.0,360.0,PERIODIC_SAMPLE,0,START_8589271,
BUS_2_DIR3_T62600.0,390.0,PERIODIC_SAMPLE,0,START_8589271,
BUS_2_DIR3_T62600.0,420.0,PERIODIC_SAMPLE,0,START_8589271,
BUS_2_DIR3_T62600.0,450.0,PERIODIC_SAMPLE,0,START_8589271,
BUS_2_DIR3_T62600.0,480.0,PERIODIC_SAMPLE,0,START_8589271,
BUS_2_DIR3_T62600.0,510.0,PERIODIC_SAMPLE,0,START_8589271,
BUS_2_DIR3_T62600.0,540.0,PERIODIC_SAMPLE,0,START_8589271,
BUS_2_DIR3_T62600.0,570.0,PERIODIC_SAMPLE,0,START_8589271,
BUS_2_DIR3_T62600.0,600.0,PERIODIC_SAMPLE,0,START_8589271,
BUS_2_DIR3_T62600.0,630.0,PERIODIC_SAMPLE,0,START_8589271,
BUS_2_DIR3_T62600.0,660.0,PERIODIC_SAMPLE,0,START_8589271,
BUS_2_DIR3_T62600.0,690.0,PERIODIC_SAMPLE,0,START_8589271,
BUS_2_DIR3_T62600.0,720.0,PERIODIC_SAMPLE,0,START_8589271,
BUS_2_DIR3_T62600.0,750.0,PERIODIC_SAMPLE,0,START_8589271,
BUS_2_DIR3_T62600.0,780.0,PERIODIC_SAMPLE,0,START_8589271,
BUS_2_DIR3_T62600.0,810.0,PERIODIC_SAMPLE,0,START_8589271,
BUS_2_DIR3_T62600.0,840.0,PERIODIC_SAMPLE,0,START_8589271,
BUS_2_DIR3_T62600.0,870.0,PERIODIC_SAMPLE,0,START_8589271,
BUS_2_DIR3_T62600.0,900.0,PERIODIC_SAMPLE,0,START_8589271,
BUS_2_DIR3_T62600.0,930.0,PERIODIC_SAMPLE,0,START_8589271,
BUS_2_DIR3_T62600.0,960.0,PERIODIC_SAMPLE,0,START_8589271,
BUS_2_DIR3_T62600.0,990.0,PERIODIC_SAMPLE,0,START_8589271,
BUS_2_DIR3_T62600.0,1020.0,PERIODIC_SAMPLE,0,START_8589271,
BUS_2_DIR3_T62600.0,1050.0,PERIODIC_SAMPLE,0,START_8589271,
BUS_2_DIR3_T62600.0,1080.0,PERIODIC_SAMPLE,0,START_8589271,
BUS_2_DIR3_T62600.0,1110.0,PERIODIC_SAMPLE,0,START_8589271,
BUS_2_DIR3_T62600.0,1140.0,PERIODIC_SAMPLE,0,START_8589271,
BUS_2_DIR3_T62600.0,1170.0,PERIODIC_SAMPLE,0,START_8589271,
BUS_2_DIR3_T62600.0,1200.0,PERIODIC_SAMPLE,0,START_8589271,
BUS_2_DIR3_T62600.0,1230.0,PERIODIC_SAMPLE,0,START_8589271,
BUS_2_DIR3_T62600.0,1260.0,PERIODIC_SAMPLE,0,START_8589271,
BUS_2_DIR3_T62600.0,1290.0,PERIODIC_SAMPLE,0,START_8589271,
BUS_2_DIR3_T62600.0,1320.0,PERIODIC_SAMPLE,0,START_8589271,
BUS_2_DIR3_T62600.0,1350.0,PERIODIC_SAMPLE,0,START_8589271,
BUS_2_DIR3_T62600.0,1380.0,PERIODIC_SAMPLE,0,START_8589271,
BUS_2_DIR3_T62600.0,1410.0,PERIODIC_SAMPLE,0,START_8589271,
BUS_2_DIR3_T62600.0,1440.0,PERIODIC_SAMPLE,0,START_8589271,
BUS_2_DIR3_T62600.0,1470.0,PERIODIC_SAMPLE,0,START_8589271,
BUS_2_DIR3_T62600.0,1500.0,PERIODIC_SAMPLE,0,START_8589271,
BUS_2_DIR3_T62600.0,1530.0,PERIODIC_SAMPLE,0,START_8589271,
BUS_2_DIR3_T62600.0,1560.0,PERIODIC_SAMPLE,0,START_8589271,
BUS_2_DIR3_T62600.0,1590.0,PERIODIC_SAMPLE,0,START_8589271,
BUS_2_DIR3_T62600.0,1620.0,PERIODIC_SAMPLE,0,START_8589271,
BUS_2_DIR3_T62600.0,1650.0,PERIODIC_SAMPLE,0,START_8589271,
BUS_2_DIR3_T62600.0,1680.0,PERIODIC_SAMPLE,0,START_8589271,
BUS_2_DIR3_T62600.0,1710.0,PERIODIC_SAMPLE,0,START_8589271,
BUS_2_DIR3_T62600.0,1740.0,PERIODIC_SAMPLE,0,START_8589271,
BUS_2_DIR3_T62600.0,1770.0,PERIODIC_SAMPLE,0,START_8589271,
BUS_2_DIR3_T62612.0,30.0,PERIODIC_SAMPLE,0,START_8589141,
BUS_2_DIR3_T62612.0,60.0,PERIODIC_SAMPLE,0,START_8589141,
BUS_2_DIR3_T62612.0,90.0,PERIODIC_SAMPLE,0,START_8589141,
BUS_2_DIR3_T62612.0,120.0,PERIODIC_SAMPLE,0,START_8589141,
BUS_2_DIR3_T62612.0,150.0,PERIODIC_SAMPLE,0,START_8589141,
BUS_2_DIR3_T62612.0,180.0,PERIODIC_SAMPLE,0,START_8589141,
BUS_2_DIR3_T62612.0,210.0,PERIODIC_SAMPLE,0,START_8589141,
BUS_2_DIR3_T62612.0,240.0,PERIODIC_SAMPLE,0,START_8589141,
BUS_2_DIR3_T62612.0,270.0,PERIODIC_SAMPLE,0,START_8589141,
BUS_2_DIR3_T62612.0,300.0,PERIODIC_SAMPLE,0,START_8589141,
BUS_2_DIR3_T62612.0,330.0,PERIODIC_SAMPLE,0,START_8589141,
BUS_2_DIR3_T62612.0,360.0,PERIODIC_SAMPLE,0,START_8589141,
BUS_2_DIR3_T62612.0,390.0,PERIODIC_SAMPLE,0,START_8589141,
BUS_2_DIR3_T62612.0,420.0,PERIODIC_SAMPLE,0,START_8589141,
BUS_2_DIR3_T62612.0,450.0,PERIODIC_SAMPLE,0,START_8589141,
BUS_2_DIR3_T62612.0,480.0,PERIODIC_SAMPLE,0,START_8589141,
BUS_2_DIR3_T62612.0,510.0,PERIODIC_SAMPLE,0,START_8589141,
BUS_2_DIR3_T62612.0,540.0,PERIODIC_SAMPLE,0,START_8589141,
BUS_2_DIR3_T62612.0,570.0,PERIODIC_SAMPLE,0,START_8589141,
BUS_2_DIR3_T62612.0,600.0,PERIODIC_SAMPLE,0,START_8589141,
BUS_2_DIR3_T62612.0,630.0,PERIODIC_SAMPLE,0,START_8589141,
BUS_2_DIR3_T62612.0,660.0,PERIODIC_SAMPLE,0,START_8589141,
BUS_2_DIR3_T62612.0,690.0,PERIODIC_SAMPLE,0,START_8589141,
BUS_2_DIR3_T62612.0,720.0,PERIODIC_SAMPLE,0,START_8589141,
BUS_2_DIR3_T62612.0,750.0,PERIODIC_SAMPLE,0,START_8589141,
BUS_2_DIR3_T62612.0,780.0,PERIODIC_SAMPLE,0,START_8589141,
BUS_2_DIR3_T62612.0,810.0,PERIODIC_SAMPLE,0,START_8589141,
BUS_2_DIR3_T62612.0,840.0,PERIODIC_SAMPLE,0,START_8589141,
BUS_2_DIR3_T62612.0,870.0,PERIODIC_SAMPLE,0,START_8589141,
BUS_2_DIR3_T62612.0,900.0,PERIODIC_SAMPLE,0,START_8589141,
BUS_2_DIR3_T62612.0,930.0,PERIODIC_SAMPLE,0,START_8589141,
BUS_2_DIR3_T62612.0,960.0,PERIODIC_SAMPLE,0,START_8589141,
BUS_2_DIR3_T62612.0,990.0,PERIODIC_SAMPLE,0,START_8589141,
BUS_2_DIR3_T62612.0,1020.0,PERIODIC_SAMPLE,0,START_8589141,
BUS_2_DIR3_T62612.0,1050.0,PERIODIC_SAMPLE,0,START_8589141,
BUS_2_DIR3_T62612.0,1080.0,PERIODIC_SAMPLE,0,START_8589141,
BUS_2_DIR3_T62612.0,1110.0,PERIODIC_SAMPLE,0,START_8589141,
BUS_2_DIR3_T62612.0,1140.0,PERIODIC_SAMPLE,0,START_8589141,
BUS_2_DIR3_T62612.0,1170.0,PERIODIC_SAMPLE,0,START_8589141,
BUS_2_DIR3_T62612.0,1200.0,PERIODIC_SAMPLE,0,START_8589141,
BUS_2_DIR3_T62612.0,1230.0,PERIODIC_SAMPLE,0,START_8589141,
BUS_2_DIR3_T62612.0,1260.0,PERIODIC_SAMPLE,0,START_8589141,
BUS_2_DIR3_T62612.0,1290.0,PERIODIC_SAMPLE,0,START_8589141,
BUS_2_DIR3_T62612.0,1320.0,PERIODIC_SAMPLE,0,START_8589141,
BUS_2_DIR3_T62612.0,1350.0,PERIODIC_SAMPLE,0,START_8589141,
BUS_2_DIR3_T62612.0,1380.0,PERIODIC_SAMPLE,0,START_8589141,
BUS_2_DIR3_T62612.0,1410.0,PERIODIC_SAMPLE,0,START_8589141,
BUS_2_DIR3_T62612.0,1440.0,PERIODIC_SAMPLE,0,START_8589141,
BUS_2_DIR3_T62612.0,1470.0,PERIODIC_SAMPLE,0,START_8589141,
BUS_2_DIR3_T62612.0,1500.0,PERIODIC_SAMPLE,0,START_8589141,
BUS_2_DIR3_T62612.0,1530.0,PERIODIC_SAMPLE,0,START_8589141,
BUS_2_DIR3_T62612.0,1560.0,PERIODIC_SAMPLE,0,START_8589141,
BUS_2_DIR3_T62612.0,1590.0,PERIODIC_SAMPLE,0,START_8589141,
BUS_2_DIR3_T62612.0,1620.0,PERIODIC_SAMPLE,0,START_8589141,
BUS_2_DIR3_T62612.0,1650.0,PERIODIC_SAMPLE,0,START_8589141,
BUS_2_DIR3_T62612.0,1680.0,PERIODIC_SAMPLE,0,START_8589141,
BUS_2_DIR3_T62612.0,1710.0,PERIODIC_SAMPLE,0,START_8589141,
BUS_2_DIR3_T62612.0,1740.0,PERIODIC_SAMPLE,0,START_8589141,
BUS_2_DIR3_T62612.0,1770.0,PERIODIC_SAMPLE,0,START_8589141,
BUS_2_DIR3_T62626.0,30.0,PERIODIC_SAMPLE,0,START_8589141,
BUS_2_DIR3_T62626.0,60.0,PERIODIC_SAMPLE,0,START_8589141,
BUS_2_DIR3_T62626.0,90.0,PERIODIC_SAMPLE,0,START_8589141,
BUS_2_DIR3_T62626.0,120.0,PERIODIC_SAMPLE,0,START_8589141,
BUS_2_DIR3_T62626.0,150.0,PERIODIC_SAMPLE,0,START_8589141,
BUS_2_DIR3_T62626.0,180.0,PERIODIC_SAMPLE,0,START_8589141,
BUS_2_DIR3_T62626.0,210.0,PERIODIC_SAMPLE,0,START_8589141,
BUS_2_DIR3_T62626.0,240.0,PERIODIC_SAMPLE,0,START_8589141,
BUS_2_DIR3_T62626.0,270.0,PERIODIC_SAMPLE,0,START_8589141,
BUS_2_DIR3_T62626.0,300.0,PERIODIC_SAMPLE,0,START_8589141,
BUS_2_DIR3_T62626.0,330.0,PERIODIC_SAMPLE,0,START_8589141,
BUS_2_DIR3_T62626.0,360.0,PERIODIC_SAMPLE,0,START_8589141,
BUS_2_DIR3_T62626.0,390.0,PERIODIC_SAMPLE,0,START_8589141,
BUS_2_DIR3_T62626.0,420.0,PERIODIC_SAMPLE,0,START_8589141,
BUS_2_DIR3_T62626.0,450.0,PERIODIC_SAMPLE,0,START_8589141,
BUS_2_DIR3_T62626.0,480.0,PERIODIC_SAMPLE,0,START_8589141,
BUS_2_DIR3_T62626.0,510.0,PERIODIC_SAMPLE,0,START_8589141,
BUS_2_DIR3_T62626.0,540.0,PERIODIC_SAMPLE,0,START_8589141,
BUS_2_DIR3_T62626.0,570.0,PERIODIC_SAMPLE,0,START_8589141,
BUS_2_DIR3_T62626.0,600.0,PERIODIC_SAMPLE,0,START_8589141,
BUS_2_DIR3_T62626.0,630.0,PERIODIC_SAMPLE,0,START_8589141,
BUS_2_DIR3_T62626.0,660.0,PERIODIC_SAMPLE,0,START_8589141,
BUS_2_DIR3_T62626.0,690.0,PERIODIC_SAMPLE,0,START_8589141,
BUS_2_DIR3_T62626.0,720.0,PERIODIC_SAMPLE,0,START_8589141,
BUS_2_DIR3_T62626.0,750.0,PERIODIC_SAMPLE,0,START_8589141,
BUS_2_DIR3_T62626.0,780.0,PERIODIC_SAMPLE,0,START_8589141,
BUS_2_DIR3_T62626.0,810.0,PERIODIC_SAMPLE,0,START_8589141,
BUS_2_DIR3_T62626.0,840.0,PERIODIC_SAMPLE,0,START_8589141,
BUS_2_DIR3_T62626.0,870.0,PERIODIC_SAMPLE,0,START_8589141,
BUS_2_DIR3_T62626.0,900.0,PERIODIC_SAMPLE,0,START_8589141,
BUS_2_DIR3_T62626.0,930.0,PERIODIC_SAMPLE,0,START_8589141,
BUS_2_DIR3_T62626.0,960.0,PERIODIC_SAMPLE,0,START_8589141,
BUS_2_DIR3_T62626.0,990.0,PERIODIC_SAMPLE,0,START_8589141,
BUS_2_DIR3_T62626.0,1020.0,PERIODIC_SAMPLE,0,START_8589141,
BUS_2_DIR3_T62626.0,1050.0,PERIODIC_SAMPLE,0,START_8589141,
BUS_2_DIR3_T62626.0,1080.0,PERIODIC_SAMPLE,0,START_8589141,
BUS_2_DIR3_T62626.0,1110.0,PERIODIC_SAMPLE,0,START_8589141,
BUS_2_DIR3_T62626.0,1140.0,PERIODIC_SAMPLE,0,START_8589141,
BUS_2_DIR3_T62626.0,1170.0,PERIODIC_SAMPLE,0,START_8589141,
BUS_2_DIR3_T62626.0,1200.0,PERIODIC_SAMPLE,0,START_8589141,
BUS_2_DIR3_T62626.0,1230.0,PERIODIC_SAMPLE,0,START_8589141,
BUS_2_DIR3_T62626.0,1260.0,PERIODIC_SAMPLE,0,START_8589141,
BUS_2_DIR3_T62626.0,1290.0,PERIODIC_SAMPLE,0,START_8589141,
BUS_2_DIR3_T62626.0,1320.0,PERIODIC_SAMPLE,0,START_8589141,
BUS_2_DIR3_T62626.0,1350.0,PERIODIC_SAMPLE,0,START_8589141,
BUS_2_DIR3_T62626.0,1380.0,PERIODIC_SAMPLE,0,START_8589141,
BUS_2_DIR3_T62626.0,1410.0,PERIODIC_SAMPLE,0,START_8589141,
BUS_2_DIR3_T62626.0,1440.0,PERIODIC_SAMPLE,0,START_8589141,
BUS_2_DIR3_T62626.0,1470.0,PERIODIC_SAMPLE,0,START_8589141,
BUS_2_DIR3_T62626.0,1500.0,PERIODIC_SAMPLE,0,START_8589141,
BUS_2_DIR3_T62626.0,1530.0,PERIODIC_SAMPLE,0,START_8589141,
BUS_2_DIR3_T62626.0,1560.0,PERIODIC_SAMPLE,0,START_8589141,
BUS_2_DIR3_T62626.0,1590.0,PERIODIC_SAMPLE,0,START_8589141,
BUS_2_DIR3_T62626.0,1620.0,PERIODIC_SAMPLE,0,START_8589141,
BUS_2_DIR3_T62626.0,1650.0,PERIODIC_SAMPLE,0,START_8589141,
BUS_2_DIR3_T62626.0,1680.0,PERIODIC_SAMPLE,0,START_8589141,
BUS_2_DIR3_T62626.0,1710.0,PERIODIC_SAMPLE,0,START_8589141,
BUS_2_DIR3_T62626.0,1740.0,PERIODIC_SAMPLE,0,START_8589141,
BUS_2_DIR3_T62626.0,1770.0,PERIODIC_SAMPLE,0,START_8589141,
BUS_2_DIR3_T62630.0,30.0,PERIODIC_SAMPLE,0,START_8589141,
BUS_2_DIR3_T62630.0,60.0,PERIODIC_SAMPLE,0,START_8589141,
BUS_2_DIR3_T62630.0,90.0,PERIODIC_SAMPLE,0,START_8589141,
BUS_2_DIR3_T62630.0,120.0,PERIODIC_SAMPLE,0,START_8589141,
BUS_2_DIR3_T62630.0,150.0,PERIODIC_SAMPLE,0,START_8589141,
BUS_2_DIR3_T62630.0,180.0,PERIODIC_SAMPLE,0,START_8589141,
BUS_2_DIR3_T62630.0,210.0,PERIODIC_SAMPLE,0,START_8589141,
BUS_2_DIR3_T62630.0,240.0,PERIODIC_SAMPLE,0,START_8589141,
BUS_2_DIR3_T62630.0,270.0,PERIODIC_SAMPLE,0,START_8589141,
BUS_2_DIR3_T62630.0,300.0,PERIODIC_SAMPLE,0,START_8589141,
BUS_2_DIR3_T62630.0,330.0,PERIODIC_SAMPLE,0,START_8589141,
BUS_2_DIR3_T62630.0,360.0,PERIODIC_SAMPLE,0,START_8589141,
BUS_2_DIR3_T62630.0,390.0,PERIODIC_SAMPLE,0,START_8589141,
BUS_2_DIR3_T62630.0,420.0,PERIODIC_SAMPLE,0,START_8589141,
BUS_2_DIR3_T62630.0,450.0,PERIODIC_SAMPLE,0,START_8589141,
BUS_2_DIR3_T62630.0,480.0,PERIODIC_SAMPLE,0,START_8589141,
BUS_2_DIR3_T62630.0,510.0,PERIODIC_SAMPLE,0,START_8589141,
BUS_2_DIR3_T62630.0,540.0,PERIODIC_SAMPLE,0,START_8589141,
BUS_2_DIR3_T62630.0,570.0,PERIODIC_SAMPLE,0,START_8589141,
BUS_2_DIR3_T62630.0,600.0,PERIODIC_SAMPLE,0,START_8589141,
BUS_2_DIR3_T62630.0,630.0,PERIODIC_SAMPLE,0,START_8589141,
BUS_2_DIR3_T62630.0,660.0,PERIODIC_SAMPLE,0,START_8589141,
BUS_2_DIR3_T62630.0,690.0,PERIODIC_SAMPLE,0,START_8589141,
BUS_2_DIR3_T62630.0,720.0,PERIODIC_SAMPLE,0,START_8589141,
BUS_2_DIR3_T62630.0,750.0,PERIODIC_SAMPLE,0,START_8589141,
BUS_2_DIR3_T62630.0,780.0,PERIODIC_SAMPLE,0,START_8589141,
BUS_2_DIR3_T62630.0,810.0,PERIODIC_SAMPLE,0,START_8589141,
BUS_2_DIR3_T62630.0,840.0,PERIODIC_SAMPLE,0,START_8589141,
BUS_2_DIR3_T62630.0,870.0,PERIODIC_SAMPLE,0,START_8589141,
BUS_2_DIR3_T62630.0,900.0,PERIODIC_SAMPLE,0,START_8589141,
BUS_2_DIR3_T62630.0,930.0,PERIODIC_SAMPLE,0,START_8589141,
BUS_2_DIR3_T62630.0,960.0,PERIODIC_SAMPLE,0,START_8589141,
BUS_2_DIR3_T62630.0,990.0,PERIODIC_SAMPLE,0,START_8589141,
BUS_2_DIR3_T62630.0,1020.0,PERIODIC_SAMPLE,0,START_8589141,
BUS_2_DIR3_T62630.0,1050.0,PERIODIC_SAMPLE,0,START_8589141,
BUS_2_DIR3_T62630.0,1080.0,PERIODIC_SAMPLE,0,START_8589141,
BUS_2_DIR3_T62630.0,1110.0,PERIODIC_SAMPLE,0,START_8589141,
BUS_2_DIR3_T62630.0,1140.0,PERIODIC_SAMPLE,0,START_8589141,
BUS_2_DIR3_T62630.0,1170.0,PERIODIC_SAMPLE,0,START_8589141,
BUS_2_DIR3_T62630.0,1200.0,PERIODIC_SAMPLE,0,START_8589141,
BUS_2_DIR3_T62630.0,1230.0,PERIODIC_SAMPLE,0,START_8589141,
BUS_2_DIR3_T62630.0,1260.0,PERIODIC_SAMPLE,0,START_8589141,
BUS_2_DIR3_T62630.0,1290.0,PERIODIC_SAMPLE,0,START_8589141,
BUS_2_DIR3_T62630.0,1320.0,PERIODIC_SAMPLE,0,START_8589141,
BUS_2_DIR3_T62630.0,1350.0,PERIODIC_SAMPLE,0,START_8589141,
BUS_2_DIR3_T62630.0,1380.0,PERIODIC_SAMPLE,0,START_8589141,
BUS_2_DIR3_T62630.0,1410.0,PERIODIC_SAMPLE,0,START_8589141,
BUS_2_DIR3_T62630.0,1440.0,PERIODIC_SAMPLE,0,START_8589141,
BUS_2_DIR3_T62630.0,1470.0,PERIODIC_SAMPLE,0,START_8589141,
BUS_2_DIR3_T62630.0,1500.0,PERIODIC_SAMPLE,0,START_8589141,
BUS_2_DIR3_T62630.0,1530.0,PERIODIC_SAMPLE,0,START_8589141,
BUS_2_DIR3_T62630.0,1560.0,PERIODIC_SAMPLE,0,START_8589141,
BUS_2_DIR3_T62630.0,1590.0,PERIODIC_SAMPLE,0,START_8589141,
BUS_2_DIR3_T62630.0,1620.0,PERIODIC_SAMPLE,0,START_8589141,
BUS_2_DIR3_T62630.0,1650.0,PERIODIC_SAMPLE,0,START_8589141,
BUS_2_DIR3_T62630.0,1680.0,PERIODIC_SAMPLE,0,START_8589141,
BUS_2_DIR3_T62630.0,1710.0,PERIODIC_SAMPLE,0,START_8589141,
BUS_2_DIR3_T62630.0,1740.0,PERIODIC_SAMPLE,0,START_8589141,
BUS_2_DIR3_T62630.0,1770.0,PERIODIC_SAMPLE,0,START_8589141,
BUS_2_DIR3_T62638.0,30.0,PERIODIC_SAMPLE,0,START_8589141,
BUS_2_DIR3_T62638.0,60.0,PERIODIC_SAMPLE,0,START_8589141,
BUS_2_DIR3_T62638.0,90.0,PERIODIC_SAMPLE,0,START_8589141,
BUS_2_DIR3_T62638.0,120.0,PERIODIC_SAMPLE,0,START_8589141,
BUS_2_DIR3_T62638.0,150.0,PERIODIC_SAMPLE,0,START_8589141,
BUS_2_DIR3_T62638.0,180.0,PERIODIC_SAMPLE,0,START_8589141,
BUS_2_DIR3_T62638.0,210.0,PERIODIC_SAMPLE,0,START_8589141,
BUS_2_DIR3_T62638.0,240.0,PERIODIC_SAMPLE,0,START_8589141,
BUS_2_DIR3_T62638.0,270.0,PERIODIC_SAMPLE,0,START_8589141,
BUS_2_DIR3_T62638.0,300.0,PERIODIC_SAMPLE,0,START_8589141,
BUS_2_DIR3_T62638.0,330.0,PERIODIC_SAMPLE,0,START_8589141,
BUS_2_DIR3_T62638.0,360.0,PERIODIC_SAMPLE,0,START_8589141,
BUS_2_DIR3_T62638.0,390.0,PERIODIC_SAMPLE,0,START_8589141,
BUS_2_DIR3_T62638.0,420.0,PERIODIC_SAMPLE,0,START_8589141,
BUS_2_DIR3_T62638.0,450.0,PERIODIC_SAMPLE,0,START_8589141,
BUS_2_DIR3_T62638.0,480.0,PERIODIC_SAMPLE,0,START_8589141,
BUS_2_DIR3_T62638.0,510.0,PERIODIC_SAMPLE,0,START_8589141,
BUS_2_DIR3_T62638.0,540.0,PERIODIC_SAMPLE,0,START_8589141,
BUS_2_DIR3_T62638.0,570.0,PERIODIC_SAMPLE,0,START_8589141,
BUS_2_DIR3_T62638.0,600.0,PERIODIC_SAMPLE,0,START_8589141,
BUS_2_DIR3_T62638.0,630.0,PERIODIC_SAMPLE,0,START_8589141,
BUS_2_DIR3_T62638.0,660.0,PERIODIC_SAMPLE,0,START_8589141,
BUS_2_DIR3_T62638.0,690.0,PERIODIC_SAMPLE,0,START_8589141,
BUS_2_DIR3_T62638.0,720.0,PERIODIC_SAMPLE,0,START_8589141,
BUS_2_DIR3_T62638.0,750.0,PERIODIC_SAMPLE,0,START_8589141,
BUS_2_DIR3_T62638.0,780.0,PERIODIC_SAMPLE,0,START_8589141,
BUS_2_DIR3_T62638.0,810.0,PERIODIC_SAMPLE,0,START_8589141,
BUS_2_DIR3_T62638.0,840.0,PERIODIC_SAMPLE,0,START_8589141,
BUS_2_DIR3_T62638.0,870.0,PERIODIC_SAMPLE,0,START_8589141,
BUS_2_DIR3_T62638.0,900.0,PERIODIC_SAMPLE,0,START_8589141,
BUS_2_DIR3_T62638.0,930.0,PERIODIC_SAMPLE,0,START_8589141,
BUS_2_DIR3_T62638.0,960.0,PERIODIC_SAMPLE,0,START_8589141,
BUS_2_DIR3_T62638.0,990.0,PERIODIC_SAMPLE,0,START_8589141,
BUS_2_DIR3_T62638.0,1020.0,PERIODIC_SAMPLE,0,START_8589141,
BUS_2_DIR3_T62638.0,1050.0,PERIODIC_SAMPLE,0,START_8589141,
BUS_2_DIR3_T62638.0,1080.0,PERIODIC_SAMPLE,0,START_8589141,
BUS_2_DIR3_T62638.0,1110.0,PERIODIC_SAMPLE,0,START_8589141,
BUS_2_DIR3_T62638.0,1140.0,PERIODIC_SAMPLE,0,START_8589141,
BUS_2_DIR3_T62638.0,1170.0,PERIODIC_SAMPLE,0,START_8589141,
BUS_2_DIR3_T62638.0,1200.0,PERIODIC_SAMPLE,0,START_8589141,
BUS_2_DIR3_T62638.0,1230.0,PERIODIC_SAMPLE,0,START_8589141,
BUS_2_DIR3_T62638.0,1260.0,PERIODIC_SAMPLE,0,START_8589141,
BUS_2_DIR3_T62638.0,1290.0,PERIODIC_SAMPLE,0,START_8589141,
BUS_2_DIR3_T62638.0,1320.0,PERIODIC_SAMPLE,0,START_8589141,
BUS_2_DIR3_T62638.0,1350.0,PERIODIC_SAMPLE,0,START_8589141,
BUS_2_DIR3_T62638.0,1380.0,PERIODIC_SAMPLE,0,START_8589141,
BUS_2_DIR3_T62638.0,1410.0,PERIODIC_SAMPLE,0,START_8589141,
BUS_2_DIR3_T62638.0,1440.0,PERIODIC_SAMPLE,0,START_8589141,
BUS_2_DIR3_T62638.0,1470.0,PERIODIC_SAMPLE,0,START_8589141,
BUS_2_DIR3_T62638.0,1500.0,PERIODIC_SAMPLE,0,START_8589141,
BUS_2_DIR3_T62638.0,1530.0,PERIODIC_SAMPLE,0,START_8589141,
BUS_2_DIR3_T62638.0,1560.0,PERIODIC_SAMPLE,0,START_8589141,
BUS_2_DIR3_T62638.0,1590.0,PERIODIC_SAMPLE,0,START_8589141,
BUS_2_DIR3_T62638.0,1620.0,PERIODIC_SAMPLE,0,START_8589141,
BUS_2_DIR3_T62638.0,1650.0,PERIODIC_SAMPLE,0,START_8589141,
BUS_2_DIR3_T62638.0,1680.0,PERIODIC_SAMPLE,0,START_8589141,
BUS_2_DIR3_T62638.0,1710.0,PERIODIC_SAMPLE,0,START_8589141,
BUS_2_DIR3_T62638.0,1740.0,PERIODIC_SAMPLE,0,START_8589141,
BUS_2_DIR3_T62638.0,1770.0,PERIODIC_SAMPLE,0,START_8589141,
BUS_2_DIR3_T62644.0,30.0,PERIODIC_SAMPLE,0,START_8589271,
BUS_2_DIR3_T62644.0,60.0,PERIODIC_SAMPLE,0,START_8589271,
BUS_2_DIR3_T62644.0,90.0,PERIODIC_SAMPLE,0,START_8589271,
BUS_2_DIR3_T62644.0,120.0,PERIODIC_SAMPLE,0,START_8589271,
BUS_2_DIR3_T62644.0,150.0,PERIODIC_SAMPLE,0,START_8589271,
BUS_2_DIR3_T62644.0,180.0,PERIODIC_SAMPLE,0,START_8589271,
BUS_2_DIR3_T62644.0,210.0,PERIODIC_SAMPLE,0,START_8589271,
BUS_2_DIR3_T62644.0,240.0,PERIODIC_SAMPLE,0,START_8589271,
BUS_2_DIR3_T62644.0,270.0,PERIODIC_SAMPLE,0,START_8589271,
BUS_2_DIR3_T62644.0,300.0,PERIODIC_SAMPLE,0,START_8589271,
BUS_2_DIR3_T62644.0,330.0,PERIODIC_SAMPLE,0,START_8589271,
BUS_2_DIR3_T62644.0,360.0,PERIODIC_SAMPLE,0,START_8589271,
BUS_2_DIR3_T62644.0,390.0,PERIODIC_SAMPLE,0,START_8589271,
BUS_2_DIR3_T62644.0,420.0,PERIODIC_SAMPLE,0,START_8589271,
BUS_2_DIR3_T62644.0,450.0,PERIODIC_SAMPLE,0,START_8589271,
BUS_2_DIR3_T62644.0,480.0,PERIODIC_SAMPLE,0,START_8589271,
BUS_2_DIR3_T62644.0,510.0,PERIODIC_SAMPLE,0,START_8589271,
BUS_2_DIR3_T62644.0,540.0,PERIODIC_SAMPLE,0,START_8589271,
BUS_2_DIR3_T62644.0,570.0,PERIODIC_SAMPLE,0,START_8589271,
BUS_2_DIR3_T62644.0,600.0,PERIODIC_SAMPLE,0,START_8589271,
BUS_2_DIR3_T62644.0,630.0,PERIODIC_SAMPLE,0,START_8589271,
BUS_2_DIR3_T62644.0,660.0,PERIODIC_SAMPLE,0,START_8589271,
BUS_2_DIR3_T62644.0,690.0,PERIODIC_SAMPLE,0,START_8589271,
BUS_2_DIR3_T62644.0,720.0,PERIODIC_SAMPLE,0,START_8589271,
BUS_2_DIR3_T62644.0,750.0,PERIODIC_SAMPLE,0,START_8589271,
BUS_2_DIR3_T62644.0,780.0,PERIODIC_SAMPLE,0,START_8589271,
BUS_2_DIR3_T62644.0,810.0,PERIODIC_SAMPLE,0,START_8589271,
BUS_2_DIR3_T62644.0,840.0,PERIODIC_SAMPLE,0,START_8589271,
BUS_2_DIR3_T62644.0,870.0,PERIODIC_SAMPLE,0,START_8589271,
BUS_2_DIR3_T62644.0,900.0,PERIODIC_SAMPLE,0,START_8589271,
BUS_2_DIR3_T62644.0,930.0,PERIODIC_SAMPLE,0,START_8589271,
BUS_2_DIR3_T62644.0,960.0,PERIODIC_SAMPLE,0,START_8589271,
BUS_2_DIR3_T62644.0,990.0,PERIODIC_SAMPLE,0,START_8589271,
BUS_2_DIR3_T62644.0,1020.0,PERIODIC_SAMPLE,0,START_8589271,
BUS_2_DIR3_T62644.0,1050.0,PERIODIC_SAMPLE,0,START_8589271,
BUS_2_DIR3_T62644.0,1080.0,PERIODIC_SAMPLE,0,START_8589271,
BUS_2_DIR3_T62644.0,1110.0,PERIODIC_SAMPLE,0,START_8589271,
BUS_2_DIR3_T62644.0,1140.0,PERIODIC_SAMPLE,0,START_8589271,
BUS_2_DIR3_T62644.0,1170.0,PERIODIC_SAMPLE,0,START_8589271,
BUS_2_DIR3_T62644.0,1200.0,PERIODIC_SAMPLE,0,START_8589271,
BUS_2_DIR3_T62644.0,1230.0,PERIODIC_SAMPLE,0,START_8589271,
BUS_2_DIR3_T62644.0,1260.0,PERIODIC_SAMPLE,0,START_8589271,
BUS_2_DIR3_T62644.0,1290.0,PERIODIC_SAMPLE,0,START_8589271,
BUS_2_DIR3_T62644.0,1320.0,PERIODIC_SAMPLE,0,START_8589271,
BUS_2_DIR3_T62644.0,1350.0,PERIODIC_SAMPLE,0,START_8589271,
BUS_2_DIR3_T62644.0,1380.0,PERIODIC_SAMPLE,0,START_8589271,
BUS_2_DIR3_T62644.0,1410.0,PERIODIC_SAMPLE,0,START_8589271,
BUS_2_DIR3_T62644.0,1440.0,PERIODIC_SAMPLE,0,START_8589271,
BUS_2_DIR3_T62644.0,1470.0,PERIODIC_SAMPLE,0,START_8589271,
BUS_2_DIR3_T62644.0,1500.0,PERIODIC_SAMPLE,0,START_8589271,
BUS_2_DIR3_T62644.0,1530.0,PERIODIC_SAMPLE,0,START_8589271,
BUS_2_DIR3_T62644.0,1560.0,PERIODIC_SAMPLE,0,START_8589271,
BUS_2_DIR3_T62644.0,1590.0,PERIODIC_SAMPLE,0,START_8589271,
BUS_2_DIR3_T62644.0,1620.0,PERIODIC_SAMPLE,0,START_8589271,
BUS_2_DIR3_T62644.0,1650.0,PERIODIC_SAMPLE,0,START_8589271,
BUS_2_DIR3_T62644.0,1680.0,PERIODIC_SAMPLE,0,START_8589271,
BUS_2_DIR3_T62644.0,1710.0,PERIODIC_SAMPLE,0,START_8589271,
BUS_2_DIR3_T62644.0,1740.0,PERIODIC_SAMPLE,0,START_8589271,
BUS_2_DIR3_T62644.0,1770.0,PERIODIC_SAMPLE,0,START_8589271,
BUS_2_DIR3_T62652.0,30.0,PERIODIC_SAMPLE,0,START_8589271,
BUS_2_DIR3_T62652.0,60.0,PERIODIC_SAMPLE,0,START_8589271,
BUS_2_DIR3_T62652.0,90.0,PERIODIC_SAMPLE,0,START_8589271,
BUS_2_DIR3_T62652.0,120.0,PERIODIC_SAMPLE,0,START_8589271,
BUS_2_DIR3_T62652.0,150.0,PERIODIC_SAMPLE,0,START_8589271,
BUS_2_DIR3_T62652.0,180.0,PERIODIC_SAMPLE,0,START_8589271,
BUS_2_DIR3_T62652.0,210.0,PERIODIC_SAMPLE,0,START_8589271,
BUS_2_DIR3_T62652.0,240.0,PERIODIC_SAMPLE,0,START_8589271,
BUS_2_DIR3_T62652.0,270.0,PERIODIC_SAMPLE,0,START_8589271,
BUS_2_DIR3_T62652.0,300.0,PERIODIC_SAMPLE,0,START_8589271,
BUS_2_DIR3_T62652.0,330.0,PERIODIC_SAMPLE,0,START_8589271,
BUS_2_DIR3_T62652.0,360.0,PERIODIC_SAMPLE,0,START_8589271,
BUS_2_DIR3_T62652.0,390.0,PERIODIC_SAMPLE,0,START_8589271,
BUS_2_DIR3_T62652.0,420.0,PERIODIC_SAMPLE,0,START_8589271,
BUS_2_DIR3_T62652.0,450.0,PERIODIC_SAMPLE,0,START_8589271,
BUS_2_DIR3_T62652.0,480.0,PERIODIC_SAMPLE,0,START_8589271,
BUS_2_DIR3_T62652.0,510.0,PERIODIC_SAMPLE,0,START_8589271,
BUS_2_DIR3_T62652.0,540.0,PERIODIC_SAMPLE,0,START_8589271,
BUS_2_DIR3_T62652.0,570.0,PERIODIC_SAMPLE,0,START_8589271,
BUS_2_DIR3_T62652.0,600.0,PERIODIC_SAMPLE,0,START_8589271,
BUS_2_DIR3_T62652.0,630.0,PERIODIC_SAMPLE,0,START_8589271,
BUS_2_DIR3_T62652.0,660.0,PERIODIC_SAMPLE,0,START_8589271,
BUS_2_DIR3_T62652.0,690.0,PERIODIC_SAMPLE,0,START_8589271,
BUS_2_DIR3_T62652.0,720.0,PERIODIC_SAMPLE,0,START_8589271,
BUS_2_DIR3_T62652.0,750.0,PERIODIC_SAMPLE,0,START_8589271,
BUS_2_DIR3_T62652.0,780.0,PERIODIC_SAMPLE,0,START_8589271,
BUS_2_DIR3_T62652.0,810.0,PERIODIC_SAMPLE,0,START_8589271,
BUS_2_DIR3_T62652.0,840.0,PERIODIC_SAMPLE,0,START_8589271,
BUS_2_DIR3_T62652.0,870.0,PERIODIC_SAMPLE,0,START_8589271,
BUS_2_DIR3_T62652.0,900.0,PERIODIC_SAMPLE,0,START_8589271,
BUS_2_DIR3_T62652.0,930.0,PERIODIC_SAMPLE,0,START_8589271,
BUS_2_DIR3_T62652.0,960.0,PERIODIC_SAMPLE,0,START_8589271,
BUS_2_DIR3_T62652.0,990.0,PERIODIC_SAMPLE,0,START_8589271,
BUS_2_DIR3_T62652.0,1020.0,PERIODIC_SAMPLE,0,START_8589271,
BUS_2_DIR3_T62652.0,1050.0,PERIODIC_SAMPLE,0,START_8589271,
BUS_2_DIR3_T62652.0,1080.0,PERIODIC_SAMPLE,0,START_8589271,
BUS_2_DIR3_T62652.0,1110.0,PERIODIC_SAMPLE,0,START_8589271,
BUS_2_DIR3_T62652.0,1140.0,PERIODIC_SAMPLE,0,START_8589271,
BUS_2_DIR3_T62652.0,1170.0,PERIODIC_SAMPLE,0,START_8589271,
BUS_2_DIR3_T62652.0,1200.0,PERIODIC_SAMPLE,0,START_8589271,
BUS_2_DIR3_T62652.0,1230.0,PERIODIC_SAMPLE,0,START_8589271,
BUS_2_DIR3_T62652.0,1260.0,PERIODIC_SAMPLE,0,START_8589271,
BUS_2_DIR3_T62652.0,1290.0,PERIODIC_SAMPLE,0,START_8589271,
BUS_2_DIR3_T62652.0,1320.0,PERIODIC_SAMPLE,0,START_8589271,
BUS_2_DIR3_T62652.0,1350.0,PERIODIC_SAMPLE,0,START_8589271,
BUS_2_DIR3_T62652.0,1380.0,PERIODIC_SAMPLE,0,START_8589271,
BUS_2_DIR3_T62652.0,1410.0,PERIODIC_SAMPLE,0,START_8589271,
BUS_2_DIR3_T62652.0,1440.0,PERIODIC_SAMPLE,0,START_8589271,
BUS_2_DIR3_T62652.0,1470.0,PERIODIC_SAMPLE,0,START_8589271,
BUS_2_DIR3_T62652.0,1500.0,PERIODIC_SAMPLE,0,START_8589271,
BUS_2_DIR3_T62652.0,1530.0,PERIODIC_SAMPLE,0,START_8589271,
BUS_2_DIR3_T62652.0,1560.0,PERIODIC_SAMPLE,0,START_8589271,
BUS_2_DIR3_T62652.0,1590.0,PERIODIC_SAMPLE,0,START_8589271,
BUS_2_DIR3_T62652.0,1620.0,PERIODIC_SAMPLE,0,START_8589271,
BUS_2_DIR3_T62652.0,1650.0,PERIODIC_SAMPLE,0,START_8589271,
BUS_2_DIR3_T62652.0,1680.0,PERIODIC_SAMPLE,0,START_8589271,
BUS_2_DIR3_T62652.0,1710.0,PERIODIC_SAMPLE,0,START_8589271,
BUS_2_DIR3_T62652.0,1740.0,PERIODIC_SAMPLE,0,START_8589271,
BUS_2_DIR3_T62652.0,1770.0,PERIODIC_SAMPLE,0,START_8589271,
BUS_2_DIR3_T62656.0,30.0,PERIODIC_SAMPLE,0,START_8589141,
BUS_2_DIR3_T62656.0,60.0,PERIODIC_SAMPLE,0,START_8589141,
BUS_2_DIR3_T62656.0,90.0,PERIODIC_SAMPLE,0,START_8589141,
BUS_2_DIR3_T62656.0,120.0,PERIODIC_SAMPLE,0,START_8589141,
BUS_2_DIR3_T62656.0,150.0,PERIODIC_SAMPLE,0,START_8589141,
BUS_2_DIR3_T62656.0,180.0,PERIODIC_SAMPLE,0,START_8589141,
BUS_2_DIR3_T62656.0,210.0,PERIODIC_SAMPLE,0,START_8589141,
BUS_2_DIR3_T62656.0,240.0,PERIODIC_SAMPLE,0,START_8589141,
BUS_2_DIR3_T62656.0,270.0,PERIODIC_SAMPLE,0,START_8589141,
BUS_2_DIR3_T62656.0,300.0,PERIODIC_SAMPLE,0,START_8589141,
BUS_2_DIR3_T62656.0,330.0,PERIODIC_SAMPLE,0,START_8589141,
BUS_2_DIR3_T62656.0,360.0,PERIODIC_SAMPLE,0,START_8589141,
BUS_2_DIR3_T62656.0,390.0,PERIODIC_SAMPLE,0,START_8589141,
BUS_2_DIR3_T62656.0,420.0,PERIODIC_SAMPLE,0,START_8589141,
BUS_2_DIR3_T62656.0,450.0,PERIODIC_SAMPLE,0,START_8589141,
BUS_2_DIR3_T62656.0,480.0,PERIODIC_SAMPLE,0,START_8589141,
BUS_2_DIR3_T62656.0,510.0,PERIODIC_SAMPLE,0,START_8589141,
BUS_2_DIR3_T62656.0,540.0,PERIODIC_SAMPLE,0,START_8589141,
BUS_2_DIR3_T62656.0,570.0,PERIODIC_SAMPLE,0,START_8589141,
BUS_2_DIR3_T62656.0,600.0,PERIODIC_SAMPLE,0,START_8589141,
BUS_2_DIR3_T62656.0,630.0,PERIODIC_SAMPLE,0,START_8589141,
BUS_2_DIR3_T62656.0,660.0,PERIODIC_SAMPLE,0,START_8589141,
BUS_2_DIR3_T62656.0,690.0,PERIODIC_SAMPLE,0,START_8589141,
BUS_2_DIR3_T62656.0,720.0,PERIODIC_SAMPLE,0,START_8589141,
BUS_2_DIR3_T62656.0,750.0,PERIODIC_SAMPLE,0,START_8589141,
BUS_2_DIR3_T62656.0,780.0,PERIODIC_SAMPLE,0,START_8589141,
BUS_2_DIR3_T62656.0,810.0,PERIODIC_SAMPLE,0,START_8589141,
BUS_2_DIR3_T62656.0,840.0,PERIODIC_SAMPLE,0,START_8589141,
BUS_2_DIR3_T62656.0,870.0,PERIODIC_SAMPLE,0,START_8589141,
BUS_2_DIR3_T62656.0,900.0,PERIODIC_SAMPLE,0,START_8589141,
BUS_2_DIR3_T62656.0,930.0,PERIODIC_SAMPLE,0,START_8589141,
BUS_2_DIR3_T62656.0,960.0,PERIODIC_SAMPLE,0,START_8589141,
BUS_2_DIR3_T62656.0,990.0,PERIODIC_SAMPLE,0,START_8589141,
BUS_2_DIR3_T62656.0,1020.0,PERIODIC_SAMPLE,0,START_8589141,
BUS_2_DIR3_T62656.0,1050.0,PERIODIC_SAMPLE,0,START_8589141,
BUS_2_DIR3_T62656.0,1080.0,PERIODIC_SAMPLE,0,START_8589141,
BUS_2_DIR3_T62656.0,1110.0,PERIODIC_SAMPLE,0,START_8589141,
BUS_2_DIR3_T62656.0,1140.0,PERIODIC_SAMPLE,0,START_8589141,
BUS_2_DIR3_T62656.0,1170.0,PERIODIC_SAMPLE,0,START_8589141,
BUS_2_DIR3_T62656.0,1200.0,PERIODIC_SAMPLE,0,START_8589141,
BUS_2_DIR3_T62656.0,1230.0,PERIODIC_SAMPLE,0,START_8589141,
BUS_2_DIR3_T62656.0,1260.0,PERIODIC_SAMPLE,0,START_8589141,
BUS_2_DIR3_T62656.0,1290.0,PERIODIC_SAMPLE,0,START_8589141,
BUS_2_DIR3_T62656.0,1320.0,PERIODIC_SAMPLE,0,START_8589141,
BUS_2_DIR3_T62656.0,1350.0,PERIODIC_SAMPLE,0,START_8589141,
BUS_2_DIR3_T62656.0,1380.0,PERIODIC_SAMPLE,0,START_8589141,
BUS_2_DIR3_T62656.0,1410.0,PERIODIC_SAMPLE,0,START_8589141,
BUS_2_DIR3_T62656.0,1440.0,PERIODIC_SAMPLE,0,START_8589141,
BUS_2_DIR3_T62656.0,1470.0,PERIODIC_SAMPLE,0,START_8589141,
BUS_2_DIR3_T62656.0,1500.0,PERIODIC_SAMPLE,0,START_8589141,
BUS_2_DIR3_T62656.0,1530.0,PERIODIC_SAMPLE,0,START_8589141,
BUS_2_DIR3_T62656.0,1560.0,PERIODIC_SAMPLE,0,START_8589141,
BUS_2_DIR3_T62656.0,1590.0,PERIODIC_SAMPLE,0,START_8589141,
BUS_2_DIR3_T62656.0,1620.0,PERIODIC_SAMPLE,0,START_8589141,
BUS_2_DIR3_T62656.0,1650.0,PERIODIC_SAMPLE,0,START_8589141,
BUS_2_DIR3_T62656.0,1680.0,PERIODIC_SAMPLE,0,START_8589141,
BUS_2_DIR3_T62656.0,1710.0,PERIODIC_SAMPLE,0,START_8589141,
BUS_2_DIR3_T62656.0,1740.0,PERIODIC_SAMPLE,0,START_8589141,
BUS_2_DIR3_T62656.0,1770.0,PERIODIC_SAMPLE,0,START_8589141,
BUS_2_DIR3_T62664.0,30.0,PERIODIC_SAMPLE,0,START_8589141,
BUS_2_DIR3_T62664.0,60.0,PERIODIC_SAMPLE,0,START_8589141,
BUS_2_DIR3_T62664.0,90.0,PERIODIC_SAMPLE,0,START_8589141,
BUS_2_DIR3_T62664.0,120.0,PERIODIC_SAMPLE,0,START_8589141,
BUS_2_DIR3_T62664.0,150.0,PERIODIC_SAMPLE,0,START_8589141,
BUS_2_DIR3_T62664.0,180.0,PERIODIC_SAMPLE,0,START_8589141,
BUS_2_DIR3_T62664.0,210.0,PERIODIC_SAMPLE,0,START_8589141,
BUS_2_DIR3_T62664.0,240.0,PERIODIC_SAMPLE,0,START_8589141,
BUS_2_DIR3_T62664.0,270.0,PERIODIC_SAMPLE,0,START_8589141,
BUS_2_DIR3_T62664.0,300.0,PERIODIC_SAMPLE,0,START_8589141,
BUS_2_DIR3_T62664.0,330.0,PERIODIC_SAMPLE,0,START_8589141,
BUS_2_DIR3_T62664.0,360.0,PERIODIC_SAMPLE,0,START_8589141,
BUS_2_DIR3_T62664.0,390.0,PERIODIC_SAMPLE,0,START_8589141,
BUS_2_DIR3_T62664.0,420.0,PERIODIC_SAMPLE,0,START_8589141,
BUS_2_DIR3_T62664.0,450.0,PERIODIC_SAMPLE,0,START_8589141,
BUS_2_DIR3_T62664.0,480.0,PERIODIC_SAMPLE,0,START_8589141,
BUS_2_DIR3_T62664.0,510.0,PERIODIC_SAMPLE,0,START_8589141,
BUS_2_DIR3_T62664.0,540.0,PERIODIC_SAMPLE,0,START_8589141,
BUS_2_DIR3_T62664.0,570.0,PERIODIC_SAMPLE,0,START_8589141,
BUS_2_DIR3_T62664.0,600.0,PERIODIC_SAMPLE,0,START_8589141,
BUS_2_DIR3_T62664.0,630.0,PERIODIC_SAMPLE,0,START_8589141,
BUS_2_DIR3_T62664.0,660.0,PERIODIC_SAMPLE,0,START_8589141,
BUS_2_DIR3_T62664.0,690.0,PERIODIC_SAMPLE,0,START_8589141,
BUS_2_DIR3_T62664.0,720.0,PERIODIC_SAMPLE,0,START_8589141,
BUS_2_DIR3_T62664.0,750.0,PERIODIC_SAMPLE,0,START_8589141,
BUS_2_DIR3_T62664.0,780.0,PERIODIC_SAMPLE,0,START_8589141,
BUS_2_DIR3_T62664.0,810.0,PERIODIC_SAMPLE,0,START_8589141,
BUS_2_DIR3_T62664.0,840.0,PERIODIC_SAMPLE,0,START_8589141,
BUS_2_DIR3_T62664.0,870.0,PERIODIC_SAMPLE,0,START_8589141,
BUS_2_DIR3_T62664.0,900.0,PERIODIC_SAMPLE,0,START_8589141,
BUS_2_DIR3_T62664.0,930.0,PERIODIC_SAMPLE,0,START_8589141,
BUS_2_DIR3_T62664.0,960.0,PERIODIC_SAMPLE,0,START_8589141,
BUS_2_DIR3_T62664.0,990.0,PERIODIC_SAMPLE,0,START_8589141,
BUS_2_DIR3_T62664.0,1020.0,PERIODIC_SAMPLE,0,START_8589141,
BUS_2_DIR3_T62664.0,1050.0,PERIODIC_SAMPLE,0,START_8589141,
BUS_2_DIR3_T62664.0,1080.0,PERIODIC_SAMPLE,0,START_8589141,
BUS_2_DIR3_T62664.0,1110.0,PERIODIC_SAMPLE,0,START_8589141,
BUS_2_DIR3_T62664.0,1140.0,PERIODIC_SAMPLE,0,START_8589141,
BUS_2_DIR3_T62664.0,1170.0,PERIODIC_SAMPLE,0,START_8589141,
BUS_2_DIR3_T62664.0,1200.0,PERIODIC_SAMPLE,0,START_8589141,
BUS_2_DIR3_T62664.0,1230.0,PERIODIC_SAMPLE,0,START_8589141,
BUS_2_DIR3_T62664.0,1260.0,PERIODIC_SAMPLE,0,START_8589141,
BUS_2_DIR3_T62664.0,1290.0,PERIODIC_SAMPLE,0,START_8589141,
BUS_2_DIR3_T62664.0,1320.0,PERIODIC_SAMPLE,0,START_8589141,
BUS_2_DIR3_T62664.0,1350.0,PERIODIC_SAMPLE,0,START_8589141,
BUS_2_DIR3_T62664.0,1380.0,PERIODIC_SAMPLE,0,START_8589141,
BUS_2_DIR3_T62664.0,1410.0,PERIODIC_SAMPLE,0,START_8589141,
BUS_2_DIR3_T62664.0,1440.0,PERIODIC_SAMPLE,0,START_8589141,
BUS_2_DIR3_T62664.0,1470.0,PERIODIC_SAMPLE,0,START_8589141,
BUS_2_DIR3_T62664.0,1500.0,PERIODIC_SAMPLE,0,START_8589141,
BUS_2_DIR3_T62664.0,1530.0,PERIODIC_SAMPLE,0,START_8589141,
BUS_2_DIR3_T62664.0,1560.0,PERIODIC_SAMPLE,0,START_8589141,
BUS_2_DIR3_T62664.0,1590.0,PERIODIC_SAMPLE,0,START_8589141,
BUS_2_DIR3_T62664.0,1620.0,PERIODIC_SAMPLE,0,START_8589141,
BUS_2_DIR3_T62664.0,1650.0,PERIODIC_SAMPLE,0,START_8589141,
BUS_2_DIR3_T62664.0,1680.0,PERIODIC_SAMPLE,0,START_8589141,
BUS_2_DIR3_T62664.0,1710.0,PERIODIC_SAMPLE,0,START_8589141,
BUS_2_DIR3_T62664.0,1740.0,PERIODIC_SAMPLE,0,START_8589141,
BUS_2_DIR3_T62664.0,1770.0,PERIODIC_SAMPLE,0,START_8589141,
BUS_2_DIR3_T62676.0,30.0,PERIODIC_SAMPLE,0,START_8589271,
BUS_2_DIR3_T62676.0,60.0,PERIODIC_SAMPLE,0,START_8589271,
BUS_2_DIR3_T62676.0,90.0,PERIODIC_SAMPLE,0,START_8589271,
BUS_2_DIR3_T62676.0,120.0,PERIODIC_SAMPLE,0,START_8589271,
BUS_2_DIR3_T62676.0,150.0,PERIODIC_SAMPLE,0,START_8589271,
BUS_2_DIR3_T62676.0,180.0,PERIODIC_SAMPLE,0,START_8589271,
BUS_2_DIR3_T62676.0,210.0,PERIODIC_SAMPLE,0,START_8589271,
BUS_2_DIR3_T62676.0,240.0,PERIODIC_SAMPLE,0,START_8589271,
BUS_2_DIR3_T62676.0,270.0,PERIODIC_SAMPLE,0,START_8589271,
BUS_2_DIR3_T62676.0,300.0,PERIODIC_SAMPLE,0,START_8589271,
BUS_2_DIR3_T62676.0,330.0,PERIODIC_SAMPLE,0,START_8589271,
BUS_2_DIR3_T62676.0,360.0,PERIODIC_SAMPLE,0,START_8589271,
BUS_2_DIR3_T62676.0,390.0,PERIODIC_SAMPLE,0,START_8589271,
BUS_2_DIR3_T62676.0,420.0,PERIODIC_SAMPLE,0,START_8589271,
BUS_2_DIR3_T62676.0,450.0,PERIODIC_SAMPLE,0,START_8589271,
BUS_2_DIR3_T62676.0,480.0,PERIODIC_SAMPLE,0,START_8589271,
BUS_2_DIR3_T62676.0,510.0,PERIODIC_SAMPLE,0,START_8589271,
BUS_2_DIR3_T62676.0,540.0,PERIODIC_SAMPLE,0,START_8589271,
BUS_2_DIR3_T62676.0,570.0,PERIODIC_SAMPLE,0,START_8589271,
BUS_2_DIR3_T62676.0,600.0,PERIODIC_SAMPLE,0,START_8589271,
BUS_2_DIR3_T62676.0,630.0,PERIODIC_SAMPLE,0,START_8589271,
BUS_2_DIR3_T62676.0,660.0,PERIODIC_SAMPLE,0,START_8589271,
BUS_2_DIR3_T62676.0,690.0,PERIODIC_SAMPLE,0,START_8589271,
BUS_2_DIR3_T62676.0,720.0,PERIODIC_SAMPLE,0,START_8589271,
BUS_2_DIR3_T62676.0,750.0,PERIODIC_SAMPLE,0,START_8589271,
BUS_2_DIR3_T62676.0,780.0,PERIODIC_SAMPLE,0,START_8589271,
BUS_2_DIR3_T62676.0,810.0,PERIODIC_SAMPLE,0,START_8589271,
BUS_2_DIR3_T62676.0,840.0,PERIODIC_SAMPLE,0,START_8589271,
BUS_2_DIR3_T62676.0,870.0,PERIODIC_SAMPLE,0,START_8589271,
BUS_2_DIR3_T62676.0,900.0,PERIODIC_SAMPLE,0,START_8589271,
BUS_2_DIR3_T62676.0,930.0,PERIODIC_SAMPLE,0,START_8589271,
BUS_2_DIR3_T62676.0,960.0,PERIODIC_SAMPLE,0,START_8589271,
BUS_2_DIR3_T62676.0,990.0,PERIODIC_SAMPLE,0,START_8589271,
BUS_2_DIR3_T62676.0,1020.0,PERIODIC_SAMPLE,0,START_8589271,
BUS_2_DIR3_T62676.0,1050.0,PERIODIC_SAMPLE,0,START_8589271,
BUS_2_DIR3_T62676.0,1080.0,PERIODIC_SAMPLE,0,START_8589271,
BUS_2_DIR3_T62676.0,1110.0,PERIODIC_SAMPLE,0,START_8589271,
BUS_2_DIR3_T62676.0,1140.0,PERIODIC_SAMPLE,0,START_8589271,
BUS_2_DIR3_T62676.0,1170.0,PERIODIC_SAMPLE,0,START_8589271,
BUS_2_DIR3_T62676.0,1200.0,PERIODIC_SAMPLE,0,START_8589271,
BUS_2_DIR3_T62676.0,1230.0,PERIODIC_SAMPLE,0,START_8589271,
BUS_2_DIR3_T62676.0,1260.0,PERIODIC_SAMPLE,0,START_8589271,
BUS_2_DIR3_T62676.0,1290.0,PERIODIC_SAMPLE,0,START_8589271,
BUS_2_DIR3_T62676.0,1320.0,PERIODIC_SAMPLE,0,START_8589271,
BUS_2_DIR3_T62676.0,1350.0,PERIODIC_SAMPLE,0,START_8589271,
BUS_2_DIR3_T62676.0,1380.0,PERIODIC_SAMPLE,0,START_8589271,
BUS_2_DIR3_T62676.0,1410.0,PERIODIC_SAMPLE,0,START_8589271,
BUS_2_DIR3_T62676.0,1440.0,PERIODIC_SAMPLE,0,START_8589271,
BUS_2_DIR3_T62676.0,1470.0,PERIODIC_SAMPLE,0,START_8589271,
BUS_2_DIR3_T62676.0,1500.0,PERIODIC_SAMPLE,0,START_8589271,
BUS_2_DIR3_T62676.0,1530.0,PERIODIC_SAMPLE,0,START_8589271,
BUS_2_DIR3_T62676.0,1560.0,PERIODIC_SAMPLE,0,START_8589271,
BUS_2_DIR3_T62676.0,1590.0,PERIODIC_SAMPLE,0,START_8589271,
BUS_2_DIR3_T62676.0,1620.0,PERIODIC_SAMPLE,0,START_8589271,
BUS_2_DIR3_T62676.0,1650.0,PERIODIC_SAMPLE,0,START_8589271,
BUS_2_DIR3_T62676.0,1680.0,PERIODIC_SAMPLE,0,START_8589271,
BUS_2_DIR3_T62676.0,1710.0,PERIODIC_SAMPLE,0,START_8589271,
BUS_2_DIR3_T62676.0,1740.0,PERIODIC_SAMPLE,0,START_8589271,
BUS_2_DIR3_T62676.0,1770.0,PERIODIC_SAMPLE,0,START_8589271,
BUS_2_DIR3_T62690.0,30.0,PERIODIC_SAMPLE,0,START_8589141,
BUS_2_DIR3_T62690.0,60.0,PERIODIC_SAMPLE,0,START_8589141,
BUS_2_DIR3_T62690.0,90.0,PERIODIC_SAMPLE,0,START_8589141,
BUS_2_DIR3_T62690.0,120.0,PERIODIC_SAMPLE,0,START_8589141,
BUS_2_DIR3_T62690.0,150.0,PERIODIC_SAMPLE,0,START_8589141,
BUS_2_DIR3_T62690.0,180.0,PERIODIC_SAMPLE,0,START_8589141,
BUS_2_DIR3_T62690.0,210.0,PERIODIC_SAMPLE,0,START_8589141,
BUS_2_DIR3_T62690.0,240.0,PERIODIC_SAMPLE,0,START_8589141,
BUS_2_DIR3_T62690.0,270.0,PERIODIC_SAMPLE,0,START_8589141,
BUS_2_DIR3_T62690.0,300.0,PERIODIC_SAMPLE,0,START_8589141,
BUS_2_DIR3_T62690.0,330.0,PERIODIC_SAMPLE,0,START_8589141,
BUS_2_DIR3_T62690.0,360.0,PERIODIC_SAMPLE,0,START_8589141,
BUS_2_DIR3_T62690.0,390.0,PERIODIC_SAMPLE,0,START_8589141,
BUS_2_DIR3_T62690.0,420.0,PERIODIC_SAMPLE,0,START_8589141,
BUS_2_DIR3_T62690.0,450.0,PERIODIC_SAMPLE,0,START_8589141,
BUS_2_DIR3_T62690.0,480.0,PERIODIC_SAMPLE,0,START_8589141,
BUS_2_DIR3_T62690.0,510.0,PERIODIC_SAMPLE,0,START_8589141,
BUS_2_DIR3_T62690.0,540.0,PERIODIC_SAMPLE,0,START_8589141,
BUS_2_DIR3_T62690.0,570.0,PERIODIC_SAMPLE,0,START_8589141,
BUS_2_DIR3_T62690.0,600.0,PERIODIC_SAMPLE,0,START_8589141,
BUS_2_DIR3_T62690.0,630.0,PERIODIC_SAMPLE,0,START_8589141,
BUS_2_DIR3_T62690.0,660.0,PERIODIC_SAMPLE,0,START_8589141,
BUS_2_DIR3_T62690.0,690.0,PERIODIC_SAMPLE,0,START_8589141,
BUS_2_DIR3_T62690.0,720.0,PERIODIC_SAMPLE,0,START_8589141,
BUS_2_DIR3_T62690.0,750.0,PERIODIC_SAMPLE,0,START_8589141,
BUS_2_DIR3_T62690.0,780.0,PERIODIC_SAMPLE,0,START_8589141,
BUS_2_DIR3_T62690.0,810.0,PERIODIC_SAMPLE,0,START_8589141,
BUS_2_DIR3_T62690.0,840.0,PERIODIC_SAMPLE,0,START_8589141,
BUS_2_DIR3_T62690.0,870.0,PERIODIC_SAMPLE,0,START_8589141,
BUS_2_DIR3_T62690.0,900.0,PERIODIC_SAMPLE,0,START_8589141,
BUS_2_DIR3_T62690.0,930.0,PERIODIC_SAMPLE,0,START_8589141,
BUS_2_DIR3_T62690.0,960.0,PERIODIC_SAMPLE,0,START_8589141,
BUS_2_DIR3_T62690.0,990.0,PERIODIC_SAMPLE,0,START_8589141,
BUS_2_DIR3_T62690.0,1020.0,PERIODIC_SAMPLE,0,START_8589141,
BUS_2_DIR3_T62690.0,1050.0,PERIODIC_SAMPLE,0,START_8589141,
BUS_2_DIR3_T62690.0,1080.0,PERIODIC_SAMPLE,0,START_8589141,
BUS_2_DIR3_T62690.0,1110.0,PERIODIC_SAMPLE,0,START_8589141,
BUS_2_DIR3_T62690.0,1140.0,PERIODIC_SAMPLE,0,START_8589141,
BUS_2_DIR3_T62690.0,1170.0,PERIODIC_SAMPLE,0,START_8589141,
BUS_2_DIR3_T62690.0,1200.0,PERIODIC_SAMPLE,0,START_8589141,
BUS_2_DIR3_T62690.0,1230.0,PERIODIC_SAMPLE,0,START_8589141,
BUS_2_DIR3_T62690.0,1260.0,PERIODIC_SAMPLE,0,START_8589141,
BUS_2_DIR3_T62690.0,1290.0,PERIODIC_SAMPLE,0,START_8589141,
BUS_2_DIR3_T62690.0,1320.0,PERIODIC_SAMPLE,0,START_8589141,
BUS_2_DIR3_T62690.0,1350.0,PERIODIC_SAMPLE,0,START_8589141,
BUS_2_DIR3_T62690.0,1380.0,PERIODIC_SAMPLE,0,START_8589141,
BUS_2_DIR3_T62690.0,1410.0,PERIODIC_SAMPLE,0,START_8589141,
BUS_2_DIR3_T62690.0,1440.0,PERIODIC_SAMPLE,0,START_8589141,
BUS_2_DIR3_T62690.0,1470.0,PERIODIC_SAMPLE,0,START_8589141,
BUS_2_DIR3_T62690.0,1500.0,PERIODIC_SAMPLE,0,START_8589141,
BUS_2_DIR3_T62690.0,1530.0,PERIODIC_SAMPLE,0,START_8589141,
BUS_2_DIR3_T62690.0,1560.0,PERIODIC_SAMPLE,0,START_8589141,
BUS_2_DIR3_T62690.0,1590.0,PERIODIC_SAMPLE,0,START_8589141,
BUS_2_DIR3_T62690.0,1620.0,PERIODIC_SAMPLE,0,START_8589141,
BUS_2_DIR3_T62690.0,1650.0,PERIODIC_SAMPLE,0,START_8589141,
BUS_2_DIR3_T62690.0,1680.0,PERIODIC_SAMPLE,0,START_8589141,
BUS_2_DIR3_T62690.0,1710.0,PERIODIC_SAMPLE,0,START_8589141,
BUS_2_DIR3_T62690.0,1740.0,PERIODIC_SAMPLE,0,START_8589141,
BUS_2_DIR3_T62690.0,1770.0,PERIODIC_SAMPLE,0,START_8589141,
BUS_2_DIR3_T62702.0,30.0,PERIODIC_SAMPLE,0,START_8589141,
BUS_2_DIR3_T62702.0,60.0,PERIODIC_SAMPLE,0,START_8589141,
BUS_2_DIR3_T62702.0,90.0,PERIODIC_SAMPLE,0,START_8589141,
BUS_2_DIR3_T62702.0,120.0,PERIODIC_SAMPLE,0,START_8589141,
BUS_2_DIR3_T62702.0,150.0,PERIODIC_SAMPLE,0,START_8589141,
BUS_2_DIR3_T62702.0,180.0,PERIODIC_SAMPLE,0,START_8589141,
BUS_2_DIR3_T62702.0,210.0,PERIODIC_SAMPLE,0,START_8589141,
BUS_2_DIR3_T62702.0,240.0,PERIODIC_SAMPLE,0,START_8589141,
BUS_2_DIR3_T62702.0,270.0,PERIODIC_SAMPLE,0,START_8589141,
BUS_2_DIR3_T62702.0,300.0,PERIODIC_SAMPLE,0,START_8589141,
BUS_2_DIR3_T62702.0,330.0,PERIODIC_SAMPLE,0,START_8589141,
BUS_2_DIR3_T62702.0,360.0,PERIODIC_SAMPLE,0,START_8589141,
BUS_2_DIR3_T62702.0,390.0,PERIODIC_SAMPLE,0,START_8589141,
BUS_2_DIR3_T62702.0,420.0,PERIODIC_SAMPLE,0,START_8589141,
BUS_2_DIR3_T62702.0,450.0,PERIODIC_SAMPLE,0,START_8589141,
BUS_2_DIR3_T62702.0,480.0,PERIODIC_SAMPLE,0,START_8589141,
BUS_2_DIR3_T62702.0,510.0,PERIODIC_SAMPLE,0,START_8589141,
BUS_2_DIR3_T62702.0,540.0,PERIODIC_SAMPLE,0,START_8589141,
BUS_2_DIR3_T62702.0,570.0,PERIODIC_SAMPLE,0,START_8589141,
BUS_2_DIR3_T62702.0,600.0,PERIODIC_SAMPLE,0,START_8589141,
BUS_2_DIR3_T62702.0,630.0,PERIODIC_SAMPLE,0,START_8589141,
BUS_2_DIR3_T62702.0,660.0,PERIODIC_SAMPLE,0,START_8589141,
BUS_2_DIR3_T62702.0,690.0,PERIODIC_SAMPLE,0,START_8589141,
BUS_2_DIR3_T62702.0,720.0,PERIODIC_SAMPLE,0,START_8589141,
BUS_2_DIR3_T62702.0,750.0,PERIODIC_SAMPLE,0,START_8589141,
BUS_2_DIR3_T62702.0,780.0,PERIODIC_SAMPLE,0,START_8589141,
BUS_2_DIR3_T62702.0,810.0,PERIODIC_SAMPLE,0,START_8589141,
BUS_2_DIR3_T62702.0,840.0,PERIODIC_SAMPLE,0,START_8589141,
BUS_2_DIR3_T62702.0,870.0,PERIODIC_SAMPLE,0,START_8589141,
BUS_2_DIR3_T62702.0,900.0,PERIODIC_SAMPLE,0,START_8589141,
BUS_2_DIR3_T62702.0,930.0,PERIODIC_SAMPLE,0,START_8589141,
BUS_2_DIR3_T62702.0,960.0,PERIODIC_SAMPLE,0,START_8589141,
BUS_2_DIR3_T62702.0,990.0,PERIODIC_SAMPLE,0,START_8589141,
BUS_2_DIR3_T62702.0,1020.0,PERIODIC_SAMPLE,0,START_8589141,
BUS_2_DIR3_T62702.0,1050.0,PERIODIC_SAMPLE,0,START_8589141,
BUS_2_DIR3_T62702.0,1080.0,PERIODIC_SAMPLE,0,START_8589141,
BUS_2_DIR3_T62702.0,1110.0,PERIODIC_SAMPLE,0,START_8589141,
BUS_2_DIR3_T62702.0,1140.0,PERIODIC_SAMPLE,0,START_8589141,
BUS_2_DIR3_T62702.0,1170.0,PERIODIC_SAMPLE,0,START_8589141,
BUS_2_DIR3_T62702.0,1200.0,PERIODIC_SAMPLE,0,START_8589141,
BUS_2_DIR3_T62702.0,1230.0,PERIODIC_SAMPLE,0,START_8589141,
BUS_2_DIR3_T62702.0,1260.0,PERIODIC_SAMPLE,0,START_8589141,
BUS_2_DIR3_T62702.0,1290.0,PERIODIC_SAMPLE,0,START_8589141,
BUS_2_DIR3_T62702.0,1320.0,PERIODIC_SAMPLE,0,START_8589141,
BUS_2_DIR3_T62702.0,1350.0,PERIODIC_SAMPLE,0,START_8589141,
BUS_2_DIR3_T62702.0,1380.0,PERIODIC_SAMPLE,0,START_8589141,
BUS_2_DIR3_T62702.0,1410.0,PERIODIC_SAMPLE,0,START_8589141,
BUS_2_DIR3_T62702.0,1440.0,PERIODIC_SAMPLE,0,START_8589141,
BUS_2_DIR3_T62702.0,1470.0,PERIODIC_SAMPLE,0,START_8589141,
BUS_2_DIR3_T62702.0,1500.0,PERIODIC_SAMPLE,0,START_8589141,
BUS_2_DIR3_T62702.0,1530.0,PERIODIC_SAMPLE,0,START_8589141,
BUS_2_DIR3_T62702.0,1560.0,PERIODIC_SAMPLE,0,START_8589141,
BUS_2_DIR3_T62702.0,1590.0,PERIODIC_SAMPLE,0,START_8589141,
BUS_2_DIR3_T62702.0,1620.0,PERIODIC_SAMPLE,0,START_8589141,
BUS_2_DIR3_T62702.0,1650.0,PERIODIC_SAMPLE,0,START_8589141,
BUS_2_DIR3_T62702.0,1680.0,PERIODIC_SAMPLE,0,START_8589141,
BUS_2_DIR3_T62702.0,1710.0,PERIODIC_SAMPLE,0,START_8589141,
BUS_2_DIR3_T62702.0,1740.0,PERIODIC_SAMPLE,0,START_8589141,
BUS_2_DIR3_T62702.0,1770.0,PERIODIC_SAMPLE,0,START_8589141,
BUS_2_DIR3_T62710.0,30.0,PERIODIC_SAMPLE,0,START_8589141,
BUS_2_DIR3_T62710.0,60.0,PERIODIC_SAMPLE,0,START_8589141,
BUS_2_DIR3_T62710.0,90.0,PERIODIC_SAMPLE,0,START_8589141,
BUS_2_DIR3_T62710.0,120.0,PERIODIC_SAMPLE,0,START_8589141,
BUS_2_DIR3_T62710.0,150.0,PERIODIC_SAMPLE,0,START_8589141,
BUS_2_DIR3_T62710.0,180.0,PERIODIC_SAMPLE,0,START_8589141,
BUS_2_DIR3_T62710.0,210.0,PERIODIC_SAMPLE,0,START_8589141,
BUS_2_DIR3_T62710.0,240.0,PERIODIC_SAMPLE,0,START_8589141,
BUS_2_DIR3_T62710.0,270.0,PERIODIC_SAMPLE,0,START_8589141,
BUS_2_DIR3_T62710.0,300.0,PERIODIC_SAMPLE,0,START_8589141,
BUS_2_DIR3_T62710.0,330.0,PERIODIC_SAMPLE,0,START_8589141,
BUS_2_DIR3_T62710.0,360.0,PERIODIC_SAMPLE,0,START_8589141,
BUS_2_DIR3_T62710.0,390.0,PERIODIC_SAMPLE,0,START_8589141,
BUS_2_DIR3_T62710.0,420.0,PERIODIC_SAMPLE,0,START_8589141,
BUS_2_DIR3_T62710.0,450.0,PERIODIC_SAMPLE,0,START_8589141,
BUS_2_DIR3_T62710.0,480.0,PERIODIC_SAMPLE,0,START_8589141,
BUS_2_DIR3_T62710.0,510.0,PERIODIC_SAMPLE,0,START_8589141,
BUS_2_DIR3_T62710.0,540.0,PERIODIC_SAMPLE,0,START_8589141,
BUS_2_DIR3_T62710.0,570.0,PERIODIC_SAMPLE,0,START_8589141,
BUS_2_DIR3_T62710.0,600.0,PERIODIC_SAMPLE,0,START_8589141,
BUS_2_DIR3_T62710.0,630.0,PERIODIC_SAMPLE,0,START_8589141,
BUS_2_DIR3_T62710.0,660.0,PERIODIC_SAMPLE,0,START_8589141,
BUS_2_DIR3_T62710.0,690.0,PERIODIC_SAMPLE,0,START_8589141,
BUS_2_DIR3_T62710.0,720.0,PERIODIC_SAMPLE,0,START_8589141,
BUS_2_DIR3_T62710.0,750.0,PERIODIC_SAMPLE,0,START_8589141,
BUS_2_DIR3_T62710.0,780.0,PERIODIC_SAMPLE,0,START_8589141,
BUS_2_DIR3_T62710.0,810.0,PERIODIC_SAMPLE,0,START_8589141,
BUS_2_DIR3_T62710.0,840.0,PERIODIC_SAMPLE,0,START_8589141,
BUS_2_DIR3_T62710.0,870.0,PERIODIC_SAMPLE,0,START_8589141,
BUS_2_DIR3_T62710.0,900.0,PERIODIC_SAMPLE,0,START_8589141,
BUS_2_DIR3_T62710.0,930.0,PERIODIC_SAMPLE,0,START_8589141,
BUS_2_DIR3_T62710.0,960.0,PERIODIC_SAMPLE,0,START_8589141,
BUS_2_DIR3_T62710.0,990.0,PERIODIC_SAMPLE,0,START_8589141,
BUS_2_DIR3_T62710.0,1020.0,PERIODIC_SAMPLE,0,START_8589141,
BUS_2_DIR3_T62710.0,1050.0,PERIODIC_SAMPLE,0,START_8589141,
BUS_2_DIR3_T62710.0,1080.0,PERIODIC_SAMPLE,0,START_8589141,
BUS_2_DIR3_T62710.0,1110.0,PERIODIC_SAMPLE,0,START_8589141,
BUS_2_DIR3_T62710.0,1140.0,PERIODIC_SAMPLE,0,START_8589141,
BUS_2_DIR3_T62710.0,1170.0,PERIODIC_SAMPLE,0,START_8589141,
BUS_2_DIR3_T62710.0,1200.0,PERIODIC_SAMPLE,0,START_8589141,
BUS_2_DIR3_T62710.0,1230.0,PERIODIC_SAMPLE,0,START_8589141,
BUS_2_DIR3_T62710.0,1260.0,PERIODIC_SAMPLE,0,START_8589141,
BUS_2_DIR3_T62710.0,1290.0,PERIODIC_SAMPLE,0,START_8589141,
BUS_2_DIR3_T62710.0,1320.0,PERIODIC_SAMPLE,0,START_8589141,
BUS_2_DIR3_T62710.0,1350.0,PERIODIC_SAMPLE,0,START_8589141,
BUS_2_DIR3_T62710.0,1380.0,PERIODIC_SAMPLE,0,START_8589141,
BUS_2_DIR3_T62710.0,1410.0,PERIODIC_SAMPLE,0,START_8589141,
BUS_2_DIR3_T62710.0,1440.0,PERIODIC_SAMPLE,0,START_8589141,
BUS_2_DIR3_T62710.0,1470.0,PERIODIC_SAMPLE,0,START_8589141,
BUS_2_DIR3_T62710.0,1500.0,PERIODIC_SAMPLE,0,START_8589141,
BUS_2_DIR3_T62710.0,1530.0,PERIODIC_SAMPLE,0,START_8589141,
BUS_2_DIR3_T62710.0,1560.0,PERIODIC_SAMPLE,0,START_8589141,
BUS_2_DIR3_T62710.0,1590.0,PERIODIC_SAMPLE,0,START_8589141,
BUS_2_DIR3_T62710.0,1620.0,PERIODIC_SAMPLE,0,START_8589141,
BUS_2_DIR3_T62710.0,1650.0,PERIODIC_SAMPLE,0,START_8589141,
BUS_2_DIR3_T62710.0,1680.0,PERIODIC_SAMPLE,0,START_8589141,
BUS_2_DIR3_T62710.0,1710.0,PERIODIC_SAMPLE,0,START_8589141,
BUS_2_DIR3_T62710.0,1740.0,PERIODIC_SAMPLE,0,START_8589141,
BUS_2_DIR3_T62710.0,1770.0,PERIODIC_SAMPLE,0,START_8589141,
BUS_2_DIR3_T62716.0,30.0,PERIODIC_SAMPLE,0,START_8589141,
BUS_2_DIR3_T62716.0,60.0,PERIODIC_SAMPLE,0,START_8589141,
BUS_2_DIR3_T62716.0,90.0,PERIODIC_SAMPLE,0,START_8589141,
BUS_2_DIR3_T62716.0,120.0,PERIODIC_SAMPLE,0,START_8589141,
BUS_2_DIR3_T62716.0,150.0,PERIODIC_SAMPLE,0,START_8589141,
BUS_2_DIR3_T62716.0,180.0,PERIODIC_SAMPLE,0,START_8589141,
BUS_2_DIR3_T62716.0,210.0,PERIODIC_SAMPLE,0,START_8589141,
BUS_2_DIR3_T62716.0,240.0,PERIODIC_SAMPLE,0,START_8589141,
BUS_2_DIR3_T62716.0,270.0,PERIODIC_SAMPLE,0,START_8589141,
BUS_2_DIR3_T62716.0,300.0,PERIODIC_SAMPLE,0,START_8589141,
BUS_2_DIR3_T62716.0,330.0,PERIODIC_SAMPLE,0,START_8589141,
BUS_2_DIR3_T62716.0,360.0,PERIODIC_SAMPLE,0,START_8589141,
BUS_2_DIR3_T62716.0,390.0,PERIODIC_SAMPLE,0,START_8589141,
BUS_2_DIR3_T62716.0,420.0,PERIODIC_SAMPLE,0,START_8589141,
BUS_2_DIR3_T62716.0,450.0,PERIODIC_SAMPLE,0,START_8589141,
BUS_2_DIR3_T62716.0,480.0,PERIODIC_SAMPLE,0,START_8589141,
BUS_2_DIR3_T62716.0,510.0,PERIODIC_SAMPLE,0,START_8589141,
BUS_2_DIR3_T62716.0,540.0,PERIODIC_SAMPLE,0,START_8589141,
BUS_2_DIR3_T62716.0,570.0,PERIODIC_SAMPLE,0,START_8589141,
BUS_2_DIR3_T62716.0,600.0,PERIODIC_SAMPLE,0,START_8589141,
BUS_2_DIR3_T62716.0,630.0,PERIODIC_SAMPLE,0,START_8589141,
BUS_2_DIR3_T62716.0,660.0,PERIODIC_SAMPLE,0,START_8589141,
BUS_2_DIR3_T62716.0,690.0,PERIODIC_SAMPLE,0,START_8589141,
BUS_2_DIR3_T62716.0,720.0,PERIODIC_SAMPLE,0,START_8589141,
BUS_2_DIR3_T62716.0,750.0,PERIODIC_SAMPLE,0,START_8589141,
BUS_2_DIR3_T62716.0,780.0,PERIODIC_SAMPLE,0,START_8589141,
BUS_2_DIR3_T62716.0,810.0,PERIODIC_SAMPLE,0,START_8589141,
BUS_2_DIR3_T62716.0,840.0,PERIODIC_SAMPLE,0,START_8589141,
BUS_2_DIR3_T62716.0,870.0,PERIODIC_SAMPLE,0,START_8589141,
BUS_2_DIR3_T62716.0,900.0,PERIODIC_SAMPLE,0,START_8589141,
BUS_2_DIR3_T62716.0,930.0,PERIODIC_SAMPLE,0,START_8589141,
BUS_2_DIR3_T62716.0,960.0,PERIODIC_SAMPLE,0,START_8589141,
BUS_2_DIR3_T62716.0,990.0,PERIODIC_SAMPLE,0,START_8589141,
BUS_2_DIR3_T62716.0,1020.0,PERIODIC_SAMPLE,0,START_8589141,
BUS_2_DIR3_T62716.0,1050.0,PERIODIC_SAMPLE,0,START_8589141,
BUS_2_DIR3_T62716.0,1080.0,PERIODIC_SAMPLE,0,START_8589141,
BUS_2_DIR3_T62716.0,1110.0,PERIODIC_SAMPLE,0,START_8589141,
BUS_2_DIR3_T62716.0,1140.0,PERIODIC_SAMPLE,0,START_8589141,
BUS_2_DIR3_T62716.0,1170.0,PERIODIC_SAMPLE,0,START_8589141,
BUS_2_DIR3_T62716.0,1200.0,PERIODIC_SAMPLE,0,START_8589141,
BUS_2_DIR3_T62716.0,1230.0,PERIODIC_SAMPLE,0,START_8589141,
BUS_2_DIR3_T62716.0,1260.0,PERIODIC_SAMPLE,0,START_8589141,
BUS_2_DIR3_T62716.0,1290.0,PERIODIC_SAMPLE,0,START_8589141,
BUS_2_DIR3_T62716.0,1320.0,PERIODIC_SAMPLE,0,START_8589141,
BUS_2_DIR3_T62716.0,1350.0,PERIODIC_SAMPLE,0,START_8589141,
BUS_2_DIR3_T62716.0,1380.0,PERIODIC_SAMPLE,0,START_8589141,
BUS_2_DIR3_T62716.0,1410.0,PERIODIC_SAMPLE,0,START_8589141,
BUS_2_DIR3_T62716.0,1440.0,PERIODIC_SAMPLE,0,START_8589141,
BUS_2_DIR3_T62716.0,1470.0,PERIODIC_SAMPLE,0,START_8589141,
BUS_2_DIR3_T62716.0,1500.0,PERIODIC_SAMPLE,0,START_8589141,
BUS_2_DIR3_T62716.0,1530.0,PERIODIC_SAMPLE,0,START_8589141,
BUS_2_DIR3_T62716.0,1560.0,PERIODIC_SAMPLE,0,START_8589141,
BUS_2_DIR3_T62716.0,1590.0,PERIODIC_SAMPLE,0,START_8589141,
BUS_2_DIR3_T62716.0,1620.0,PERIODIC_SAMPLE,0,START_8589141,
BUS_2_DIR3_T62716.0,1650.0,PERIODIC_SAMPLE,0,START_8589141,
BUS_2_DIR3_T62716.0,1680.0,PERIODIC_SAMPLE,0,START_8589141,
BUS_2_DIR3_T62716.0,1710.0,PERIODIC_SAMPLE,0,START_8589141,
BUS_2_DIR3_T62716.0,1740.0,PERIODIC_SAMPLE,0,START_8589141,
BUS_2_DIR3_T62716.0,1770.0,PERIODIC_SAMPLE,0,START_8589141,
BUS_2_DIR3_T62726.0,30.0,PERIODIC_SAMPLE,0,START_8589141,
BUS_2_DIR3_T62726.0,60.0,PERIODIC_SAMPLE,0,START_8589141,
BUS_2_DIR3_T62726.0,90.0,PERIODIC_SAMPLE,0,START_8589141,
BUS_2_DIR3_T62726.0,120.0,PERIODIC_SAMPLE,0,START_8589141,
BUS_2_DIR3_T62726.0,150.0,PERIODIC_SAMPLE,0,START_8589141,
BUS_2_DIR3_T62726.0,180.0,PERIODIC_SAMPLE,0,START_8589141,
BUS_2_DIR3_T62726.0,210.0,PERIODIC_SAMPLE,0,START_8589141,
BUS_2_DIR3_T62726.0,240.0,PERIODIC_SAMPLE,0,START_8589141,
BUS_2_DIR3_T62726.0,270.0,PERIODIC_SAMPLE,0,START_8589141,
BUS_2_DIR3_T62726.0,300.0,PERIODIC_SAMPLE,0,START_8589141,
BUS_2_DIR3_T62726.0,330.0,PERIODIC_SAMPLE,0,START_8589141,
BUS_2_DIR3_T62726.0,360.0,PERIODIC_SAMPLE,0,START_8589141,
BUS_2_DIR3_T62726.0,390.0,PERIODIC_SAMPLE,0,START_8589141,
BUS_2_DIR3_T62726.0,420.0,PERIODIC_SAMPLE,0,START_8589141,
BUS_2_DIR3_T62726.0,450.0,PERIODIC_SAMPLE,0,START_8589141,
BUS_2_DIR3_T62726.0,480.0,PERIODIC_SAMPLE,0,START_8589141,
BUS_2_DIR3_T62726.0,510.0,PERIODIC_SAMPLE,0,START_8589141,
BUS_2_DIR3_T62726.0,540.0,PERIODIC_SAMPLE,0,START_8589141,
BUS_2_DIR3_T62726.0,570.0,PERIODIC_SAMPLE,0,START_8589141,
BUS_2_DIR3_T62726.0,600.0,PERIODIC_SAMPLE,0,START_8589141,
BUS_2_DIR3_T62726.0,630.0,PERIODIC_SAMPLE,0,START_8589141,
BUS_2_DIR3_T62726.0,660.0,PERIODIC_SAMPLE,0,START_8589141,
BUS_2_DIR3_T62726.0,690.0,PERIODIC_SAMPLE,0,START_8589141,
BUS_2_DIR3_T62726.0,720.0,PERIODIC_SAMPLE,0,START_8589141,
BUS_2_DIR3_T62726.0,750.0,PERIODIC_SAMPLE,0,START_8589141,
BUS_2_DIR3_T62726.0,780.0,PERIODIC_SAMPLE,0,START_8589141,
BUS_2_DIR3_T62726.0,810.0,PERIODIC_SAMPLE,0,START_8589141,
BUS_2_DIR3_T62726.0,840.0,PERIODIC_SAMPLE,0,START_8589141,
BUS_2_DIR3_T62726.0,870.0,PERIODIC_SAMPLE,0,START_8589141,
BUS_2_DIR3_T62726.0,900.0,PERIODIC_SAMPLE,0,START_8589141,
BUS_2_DIR3_T62726.0,930.0,PERIODIC_SAMPLE,0,START_8589141,
BUS_2_DIR3_T62726.0,960.0,PERIODIC_SAMPLE,0,START_8589141,
BUS_2_DIR3_T62726.0,990.0,PERIODIC_SAMPLE,0,START_8589141,
BUS_2_DIR3_T62726.0,1020.0,PERIODIC_SAMPLE,0,START_8589141,
BUS_2_DIR3_T62726.0,1050.0,PERIODIC_SAMPLE,0,START_8589141,
BUS_2_DIR3_T62726.0,1080.0,PERIODIC_SAMPLE,0,START_8589141,
BUS_2_DIR3_T62726.0,1110.0,PERIODIC_SAMPLE,0,START_8589141,
BUS_2_DIR3_T62726.0,1140.0,PERIODIC_SAMPLE,0,START_8589141,
BUS_2_DIR3_T62726.0,1170.0,PERIODIC_SAMPLE,0,START_8589141,
BUS_2_DIR3_T62726.0,1200.0,PERIODIC_SAMPLE,0,START_8589141,
BUS_2_DIR3_T62726.0,1230.0,PERIODIC_SAMPLE,0,START_8589141,
BUS_2_DIR3_T62726.0,1260.0,PERIODIC_SAMPLE,0,START_8589141,
BUS_2_DIR3_T62726.0,1290.0,PERIODIC_SAMPLE,0,START_8589141,
BUS_2_DIR3_T62726.0,1320.0,PERIODIC_SAMPLE,0,START_8589141,
BUS_2_DIR3_T62726.0,1350.0,PERIODIC_SAMPLE,0,START_8589141,
BUS_2_DIR3_T62726.0,1380.0,PERIODIC_SAMPLE,0,START_8589141,
BUS_2_DIR3_T62726.0,1410.0,PERIODIC_SAMPLE,0,START_8589141,
BUS_2_DIR3_T62726.0,1440.0,PERIODIC_SAMPLE,0,START_8589141,
BUS_2_DIR3_T62726.0,1470.0,PERIODIC_SAMPLE,0,START_8589141,
BUS_2_DIR3_T62726.0,1500.0,PERIODIC_SAMPLE,0,START_8589141,
BUS_2_DIR3_T62726.0,1530.0,PERIODIC_SAMPLE,0,START_8589141,
BUS_2_DIR3_T62726.0,1560.0,PERIODIC_SAMPLE,0,START_8589141,
BUS_2_DIR3_T62726.0,1590.0,PERIODIC_SAMPLE,0,START_8589141,
BUS_2_DIR3_T62726.0,1620.0,PERIODIC_SAMPLE,0,START_8589141,
BUS_2_DIR3_T62726.0,1650.0,PERIODIC_SAMPLE,0,START_8589141,
BUS_2_DIR3_T62726.0,1680.0,PERIODIC_SAMPLE,0,START_8589141,
BUS_2_DIR3_T62726.0,1710.0,PERIODIC_SAMPLE,0,START_8589141,
BUS_2_DIR3_T62726.0,1740.0,PERIODIC_SAMPLE,0,START_8589141,
BUS_2_DIR3_T62726.0,1770.0,PERIODIC_SAMPLE,0,START_8589141,
BUS_2_DIR3_T62734.0,30.0,PERIODIC_SAMPLE,0,START_8589138,
BUS_2_DIR3_T62734.0,60.0,PERIODIC_SAMPLE,0,START_8589138,
BUS_2_DIR3_T62734.0,90.0,PERIODIC_SAMPLE,0,START_8589138,
BUS_2_DIR3_T62734.0,120.0,PERIODIC_SAMPLE,0,START_8589138,
BUS_2_DIR3_T62734.0,150.0,PERIODIC_SAMPLE,0,START_8589138,
BUS_2_DIR3_T62734.0,180.0,PERIODIC_SAMPLE,0,START_8589138,
BUS_2_DIR3_T62734.0,210.0,PERIODIC_SAMPLE,0,START_8589138,
BUS_2_DIR3_T62734.0,240.0,PERIODIC_SAMPLE,0,START_8589138,
BUS_2_DIR3_T62734.0,270.0,PERIODIC_SAMPLE,0,START_8589138,
BUS_2_DIR3_T62734.0,300.0,PERIODIC_SAMPLE,0,START_8589138,
BUS_2_DIR3_T62734.0,330.0,PERIODIC_SAMPLE,0,START_8589138,
BUS_2_DIR3_T62734.0,360.0,PERIODIC_SAMPLE,0,START_8589138,
BUS_2_DIR3_T62734.0,390.0,PERIODIC_SAMPLE,0,START_8589138,
BUS_2_DIR3_T62734.0,420.0,PERIODIC_SAMPLE,0,START_8589138,
BUS_2_DIR3_T62734.0,450.0,PERIODIC_SAMPLE,0,START_8589138,
BUS_2_DIR3_T62734.0,480.0,PERIODIC_SAMPLE,0,START_8589138,
BUS_2_DIR3_T62734.0,510.0,PERIODIC_SAMPLE,0,START_8589138,
BUS_2_DIR3_T62734.0,540.0,PERIODIC_SAMPLE,0,START_8589138,
BUS_2_DIR3_T62734.0,570.0,PERIODIC_SAMPLE,0,START_8589138,
BUS_2_DIR3_T62734.0,600.0,PERIODIC_SAMPLE,0,START_8589138,
BUS_2_DIR3_T62734.0,630.0,PERIODIC_SAMPLE,0,START_8589138,
BUS_2_DIR3_T62734.0,660.0,PERIODIC_SAMPLE,0,START_8589138,
BUS_2_DIR3_T62734.0,690.0,PERIODIC_SAMPLE,0,START_8589138,
BUS_2_DIR3_T62734.0,720.0,PERIODIC_SAMPLE,0,START_8589138,
BUS_2_DIR3_T62734.0,750.0,PERIODIC_SAMPLE,0,START_8589138,
BUS_2_DIR3_T62734.0,780.0,PERIODIC_SAMPLE,0,START_8589138,
BUS_2_DIR3_T62734.0,810.0,PERIODIC_SAMPLE,0,START_8589138,
BUS_2_DIR3_T62734.0,840.0,PERIODIC_SAMPLE,0,START_8589138,
BUS_2_DIR3_T62734.0,870.0,PERIODIC_SAMPLE,0,START_8589138,
BUS_2_DIR3_T62734.0,900.0,PERIODIC_SAMPLE,0,START_8589138,
BUS_2_DIR3_T62734.0,930.0,PERIODIC_SAMPLE,0,START_8589138,
BUS_2_DIR3_T62734.0,960.0,PERIODIC_SAMPLE,0,START_8589138,
BUS_2_DIR3_T62734.0,990.0,PERIODIC_SAMPLE,0,START_8589138,
BUS_2_DIR3_T62734.0,1020.0,PERIODIC_SAMPLE,0,START_8589138,
BUS_2_DIR3_T62734.0,1050.0,PERIODIC_SAMPLE,0,START_8589138,
BUS_2_DIR3_T62734.0,1080.0,PERIODIC_SAMPLE,0,START_8589138,
BUS_2_DIR3_T62734.0,1110.0,PERIODIC_SAMPLE,0,START_8589138,
BUS_2_DIR3_T62734.0,1140.0,PERIODIC_SAMPLE,0,START_8589138,
BUS_2_DIR3_T62734.0,1170.0,PERIODIC_SAMPLE,0,START_8589138,
BUS_2_DIR3_T62734.0,1200.0,PERIODIC_SAMPLE,0,START_8589138,
BUS_2_DIR3_T62734.0,1230.0,PERIODIC_SAMPLE,0,START_8589138,
BUS_2_DIR3_T62734.0,1260.0,PERIODIC_SAMPLE,0,START_8589138,
BUS_2_DIR3_T62734.0,1290.0,PERIODIC_SAMPLE,0,START_8589138,
BUS_2_DIR3_T62734.0,1320.0,PERIODIC_SAMPLE,0,START_8589138,
BUS_2_DIR3_T62734.0,1350.0,PERIODIC_SAMPLE,0,START_8589138,
BUS_2_DIR3_T62734.0,1380.0,PERIODIC_SAMPLE,0,START_8589138,
BUS_2_DIR3_T62734.0,1410.0,PERIODIC_SAMPLE,0,START_8589138,
BUS_2_DIR3_T62734.0,1440.0,PERIODIC_SAMPLE,0,START_8589138,
BUS_2_DIR3_T62734.0,1470.0,PERIODIC_SAMPLE,0,START_8589138,
BUS_2_DIR3_T62734.0,1500.0,PERIODIC_SAMPLE,0,START_8589138,
BUS_2_DIR3_T62734.0,1530.0,PERIODIC_SAMPLE,0,START_8589138,
BUS_2_DIR3_T62734.0,1560.0,PERIODIC_SAMPLE,0,START_8589138,
BUS_2_DIR3_T62734.0,1590.0,PERIODIC_SAMPLE,0,START_8589138,
BUS_2_DIR3_T62734.0,1620.0,PERIODIC_SAMPLE,0,START_8589138,
BUS_2_DIR3_T62734.0,1650.0,PERIODIC_SAMPLE,0,START_8589138,
BUS_2_DIR3_T62734.0,1680.0,PERIODIC_SAMPLE,0,START_8589138,
BUS_2_DIR3_T62734.0,1710.0,PERIODIC_SAMPLE,0,START_8589138,
BUS_2_DIR3_T62734.0,1740.0,PERIODIC_SAMPLE,0,START_8589138,
BUS_2_DIR3_T62734.0,1770.0,PERIODIC_SAMPLE,0,START_8589138,
BUS_2_DIR3_T62744.0,30.0,PERIODIC_SAMPLE,0,START_8589271,
BUS_2_DIR3_T62744.0,60.0,PERIODIC_SAMPLE,0,START_8589271,
BUS_2_DIR3_T62744.0,90.0,PERIODIC_SAMPLE,0,START_8589271,
BUS_2_DIR3_T62744.0,120.0,PERIODIC_SAMPLE,0,START_8589271,
BUS_2_DIR3_T62744.0,150.0,PERIODIC_SAMPLE,0,START_8589271,
BUS_2_DIR3_T62744.0,180.0,PERIODIC_SAMPLE,0,START_8589271,
BUS_2_DIR3_T62744.0,210.0,PERIODIC_SAMPLE,0,START_8589271,
BUS_2_DIR3_T62744.0,240.0,PERIODIC_SAMPLE,0,START_8589271,
BUS_2_DIR3_T62744.0,270.0,PERIODIC_SAMPLE,0,START_8589271,
BUS_2_DIR3_T62744.0,300.0,PERIODIC_SAMPLE,0,START_8589271,
BUS_2_DIR3_T62744.0,330.0,PERIODIC_SAMPLE,0,START_8589271,
BUS_2_DIR3_T62744.0,360.0,PERIODIC_SAMPLE,0,START_8589271,
BUS_2_DIR3_T62744.0,390.0,PERIODIC_SAMPLE,0,START_8589271,
BUS_2_DIR3_T62744.0,420.0,PERIODIC_SAMPLE,0,START_8589271,
BUS_2_DIR3_T62744.0,450.0,PERIODIC_SAMPLE,0,START_8589271,
BUS_2_DIR3_T62744.0,480.0,PERIODIC_SAMPLE,0,START_8589271,
BUS_2_DIR3_T62744.0,510.0,PERIODIC_SAMPLE,0,START_8589271,
BUS_2_DIR3_T62744.0,540.0,PERIODIC_SAMPLE,0,START_8589271,
BUS_2_DIR3_T62744.0,570.0,PERIODIC_SAMPLE,0,START_8589271,
BUS_2_DIR3_T62744.0,600.0,PERIODIC_SAMPLE,0,START_8589271,
BUS_2_DIR3_T62744.0,630.0,PERIODIC_SAMPLE,0,START_8589271,
BUS_2_DIR3_T62744.0,660.0,PERIODIC_SAMPLE,0,START_8589271,
BUS_2_DIR3_T62744.0,690.0,PERIODIC_SAMPLE,0,START_8589271,
BUS_2_DIR3_T62744.0,720.0,PERIODIC_SAMPLE,0,START_8589271,
BUS_2_DIR3_T62744.0,750.0,PERIODIC_SAMPLE,0,START_8589271,
BUS_2_DIR3_T62744.0,780.0,PERIODIC_SAMPLE,0,START_8589271,
BUS_2_DIR3_T62744.0,810.0,PERIODIC_SAMPLE,0,START_8589271,
BUS_2_DIR3_T62744.0,840.0,PERIODIC_SAMPLE,0,START_8589271,
BUS_2_DIR3_T62744.0,870.0,PERIODIC_SAMPLE,0,START_8589271,
BUS_2_DIR3_T62744.0,900.0,PERIODIC_SAMPLE,0,START_8589271,
BUS_2_DIR3_T62744.0,930.0,PERIODIC_SAMPLE,0,START_8589271,
BUS_2_DIR3_T62744.0,960.0,PERIODIC_SAMPLE,0,START_8589271,
BUS_2_DIR3_T62744.0,990.0,PERIODIC_SAMPLE,0,START_8589271,
BUS_2_DIR3_T62744.0,1020.0,PERIODIC_SAMPLE,0,START_8589271,
BUS_2_DIR3_T62744.0,1050.0,PERIODIC_SAMPLE,0,START_8589271,
BUS_2_DIR3_T62744.0,1080.0,PERIODIC_SAMPLE,0,START_8589271,
BUS_2_DIR3_T62744.0,1110.0,PERIODIC_SAMPLE,0,START_8589271,
BUS_2_DIR3_T62744.0,1140.0,PERIODIC_SAMPLE,0,START_8589271,
BUS_2_DIR3_T62744.0,1170.0,PERIODIC_SAMPLE,0,START_8589271,
BUS_2_DIR3_T62744.0,1200.0,PERIODIC_SAMPLE,0,START_8589271,
BUS_2_DIR3_T62744.0,1230.0,PERIODIC_SAMPLE,0,START_8589271,
BUS_2_DIR3_T62744.0,1260.0,PERIODIC_SAMPLE,0,START_8589271,
BUS_2_DIR3_T62744.0,1290.0,PERIODIC_SAMPLE,0,START_8589271,
BUS_2_DIR3_T62744.0,1320.0,PERIODIC_SAMPLE,0,START_8589271,
BUS_2_DIR3_T62744.0,1350.0,PERIODIC_SAMPLE,0,START_8589271,
BUS_2_DIR3_T62744.0,1380.0,PERIODIC_SAMPLE,0,START_8589271,
BUS_2_DIR3_T62744.0,1410.0,PERIODIC_SAMPLE,0,START_8589271,
BUS_2_DIR3_T62744.0,1440.0,PERIODIC_SAMPLE,0,START_8589271,
BUS_2_DIR3_T62744.0,1470.0,PERIODIC_SAMPLE,0,START_8589271,
BUS_2_DIR3_T62744.0,1500.0,PERIODIC_SAMPLE,0,START_8589271,
BUS_2_DIR3_T62744.0,1530.0,PERIODIC_SAMPLE,0,START_8589271,
BUS_2_DIR3_T62744.0,1560.0,PERIODIC_SAMPLE,0,START_8589271,
BUS_2_DIR3_T62744.0,1590.0,PERIODIC_SAMPLE,0,START_8589271,
BUS_2_DIR3_T62744.0,1620.0,PERIODIC_SAMPLE,0,START_8589271,
BUS_2_DIR3_T62744.0,1650.0,PERIODIC_SAMPLE,0,START_8589271,
BUS_2_DIR3_T62744.0,1680.0,PERIODIC_SAMPLE,0,START_8589271,
BUS_2_DIR3_T62744.0,1710.0,PERIODIC_SAMPLE,0,START_8589271,
BUS_2_DIR3_T62744.0,1740.0,PERIODIC_SAMPLE,0,START_8589271,
BUS_2_DIR3_T62744.0,1770.0,PERIODIC_SAMPLE,0,START_8589271,
BUS_2_DIR3_T62754.0,30.0,PERIODIC_SAMPLE,0,START_8589152,
BUS_2_DIR3_T62754.0,60.0,PERIODIC_SAMPLE,0,START_8589152,
BUS_2_DIR3_T62754.0,90.0,PERIODIC_SAMPLE,0,START_8589152,
BUS_2_DIR3_T62754.0,120.0,PERIODIC_SAMPLE,0,START_8589152,
BUS_2_DIR3_T62754.0,150.0,PERIODIC_SAMPLE,0,START_8589152,
BUS_2_DIR3_T62754.0,180.0,PERIODIC_SAMPLE,0,START_8589152,
BUS_2_DIR3_T62754.0,210.0,PERIODIC_SAMPLE,0,START_8589152,
BUS_2_DIR3_T62754.0,240.0,PERIODIC_SAMPLE,0,START_8589152,
BUS_2_DIR3_T62754.0,270.0,PERIODIC_SAMPLE,0,START_8589152,
BUS_2_DIR3_T62754.0,300.0,PERIODIC_SAMPLE,0,START_8589152,
BUS_2_DIR3_T62754.0,330.0,PERIODIC_SAMPLE,0,START_8589152,
BUS_2_DIR3_T62754.0,360.0,PERIODIC_SAMPLE,0,START_8589152,
BUS_2_DIR3_T62754.0,390.0,PERIODIC_SAMPLE,0,START_8589152,
BUS_2_DIR3_T62754.0,420.0,PERIODIC_SAMPLE,0,START_8589152,
BUS_2_DIR3_T62754.0,450.0,PERIODIC_SAMPLE,0,START_8589152,
BUS_2_DIR3_T62754.0,480.0,PERIODIC_SAMPLE,0,START_8589152,
BUS_2_DIR3_T62754.0,510.0,PERIODIC_SAMPLE,0,START_8589152,
BUS_2_DIR3_T62754.0,540.0,PERIODIC_SAMPLE,0,START_8589152,
BUS_2_DIR3_T62754.0,570.0,PERIODIC_SAMPLE,0,START_8589152,
BUS_2_DIR3_T62754.0,600.0,PERIODIC_SAMPLE,0,START_8589152,
BUS_2_DIR3_T62754.0,630.0,PERIODIC_SAMPLE,0,START_8589152,
BUS_2_DIR3_T62754.0,660.0,PERIODIC_SAMPLE,0,START_8589152,
BUS_2_DIR3_T62754.0,690.0,PERIODIC_SAMPLE,0,START_8589152,
BUS_2_DIR3_T62754.0,720.0,PERIODIC_SAMPLE,0,START_8589152,
BUS_2_DIR3_T62754.0,750.0,PERIODIC_SAMPLE,0,START_8589152,
BUS_2_DIR3_T62754.0,780.0,PERIODIC_SAMPLE,0,START_8589152,
BUS_2_DIR3_T62754.0,810.0,PERIODIC_SAMPLE,0,START_8589152,
BUS_2_DIR3_T62754.0,840.0,PERIODIC_SAMPLE,0,START_8589152,
BUS_2_DIR3_T62754.0,870.0,PERIODIC_SAMPLE,0,START_8589152,
BUS_2_DIR3_T62754.0,900.0,PERIODIC_SAMPLE,0,START_8589152,
BUS_2_DIR3_T62754.0,930.0,PERIODIC_SAMPLE,0,START_8589152,
BUS_2_DIR3_T62754.0,960.0,PERIODIC_SAMPLE,0,START_8589152,
BUS_2_DIR3_T62754.0,990.0,PERIODIC_SAMPLE,0,START_8589152,
BUS_2_DIR3_T62754.0,1020.0,PERIODIC_SAMPLE,0,START_8589152,
BUS_2_DIR3_T62754.0,1050.0,PERIODIC_SAMPLE,0,START_8589152,
BUS_2_DIR3_T62754.0,1080.0,PERIODIC_SAMPLE,0,START_8589152,
BUS_2_DIR3_T62754.0,1110.0,PERIODIC_SAMPLE,0,START_8589152,
BUS_2_DIR3_T62754.0,1140.0,PERIODIC_SAMPLE,0,START_8589152,
BUS_2_DIR3_T62754.0,1170.0,PERIODIC_SAMPLE,0,START_8589152,
BUS_2_DIR3_T62754.0,1200.0,PERIODIC_SAMPLE,0,START_8589152,
BUS_2_DIR3_T62754.0,1230.0,PERIODIC_SAMPLE,0,START_8589152,
BUS_2_DIR3_T62754.0,1260.0,PERIODIC_SAMPLE,0,START_8589152,
BUS_2_DIR3_T62754.0,1290.0,PERIODIC_SAMPLE,0,START_8589152,
BUS_2_DIR3_T62754.0,1320.0,PERIODIC_SAMPLE,0,START_8589152,
BUS_2_DIR3_T62754.0,1350.0,PERIODIC_SAMPLE,0,START_8589152,
BUS_2_DIR3_T62754.0,1380.0,PERIODIC_SAMPLE,0,START_8589152,
BUS_2_DIR3_T62754.0,1410.0,PERIODIC_SAMPLE,0,START_8589152,
BUS_2_DIR3_T62754.0,1440.0,PERIODIC_SAMPLE,0,START_8589152,
BUS_2_DIR3_T62754.0,1470.0,PERIODIC_SAMPLE,0,START_8589152,
BUS_2_DIR3_T62754.0,1500.0,PERIODIC_SAMPLE,0,START_8589152,
BUS_2_DIR3_T62754.0,1530.0,PERIODIC_SAMPLE,0,START_8589152,
BUS_2_DIR3_T62754.0,1560.0,PERIODIC_SAMPLE,0,START_8589152,
BUS_2_DIR3_T62754.0,1590.0,PERIODIC_SAMPLE,0,START_8589152,
BUS_2_DIR3_T62754.0,1620.0,PERIODIC_SAMPLE,0,START_8589152,
BUS_2_DIR3_T62754.0,1650.0,PERIODIC_SAMPLE,0,START_8589152,
BUS_2_DIR3_T62754.0,1680.0,PERIODIC_SAMPLE,0,START_8589152,
BUS_2_DIR3_T62754.0,1710.0,PERIODIC_SAMPLE,0,START_8589152,
BUS_2_DIR3_T62754.0,1740.0,PERIODIC_SAMPLE,0,START_8589152,
BUS_2_DIR3_T62754.0,1770.0,PERIODIC_SAMPLE,0,START_8589152,
BUS_2_DIR3_T62764.0,30.0,PERIODIC_SAMPLE,0,START_8589271,
BUS_2_DIR3_T62764.0,60.0,PERIODIC_SAMPLE,0,START_8589271,
BUS_2_DIR3_T62764.0,90.0,PERIODIC_SAMPLE,0,START_8589271,
BUS_2_DIR3_T62764.0,120.0,PERIODIC_SAMPLE,0,START_8589271,
BUS_2_DIR3_T62764.0,150.0,PERIODIC_SAMPLE,0,START_8589271,
BUS_2_DIR3_T62764.0,180.0,PERIODIC_SAMPLE,0,START_8589271,
BUS_2_DIR3_T62764.0,210.0,PERIODIC_SAMPLE,0,START_8589271,
BUS_2_DIR3_T62764.0,240.0,PERIODIC_SAMPLE,0,START_8589271,
BUS_2_DIR3_T62764.0,270.0,PERIODIC_SAMPLE,0,START_8589271,
BUS_2_DIR3_T62764.0,300.0,PERIODIC_SAMPLE,0,START_8589271,
BUS_2_DIR3_T62764.0,330.0,PERIODIC_SAMPLE,0,START_8589271,
BUS_2_DIR3_T62764.0,360.0,PERIODIC_SAMPLE,0,START_8589271,
BUS_2_DIR3_T62764.0,390.0,PERIODIC_SAMPLE,0,START_8589271,
BUS_2_DIR3_T62764.0,420.0,PERIODIC_SAMPLE,0,START_8589271,
BUS_2_DIR3_T62764.0,450.0,PERIODIC_SAMPLE,0,START_8589271,
BUS_2_DIR3_T62764.0,480.0,PERIODIC_SAMPLE,0,START_8589271,
BUS_2_DIR3_T62764.0,510.0,PERIODIC_SAMPLE,0,START_8589271,
BUS_2_DIR3_T62764.0,540.0,PERIODIC_SAMPLE,0,START_8589271,
BUS_2_DIR3_T62764.0,570.0,PERIODIC_SAMPLE,0,START_8589271,
BUS_2_DIR3_T62764.0,600.0,PERIODIC_SAMPLE,0,START_8589271,
BUS_2_DIR3_T62764.0,630.0,PERIODIC_SAMPLE,0,START_8589271,
BUS_2_DIR3_T62764.0,660.0,PERIODIC_SAMPLE,0,START_8589271,
BUS_2_DIR3_T62764.0,690.0,PERIODIC_SAMPLE,0,START_8589271,
BUS_2_DIR3_T62764.0,720.0,PERIODIC_SAMPLE,0,START_8589271,
BUS_2_DIR3_T62764.0,750.0,PERIODIC_SAMPLE,0,START_8589271,
BUS_2_DIR3_T62764.0,780.0,PERIODIC_SAMPLE,0,START_8589271,
BUS_2_DIR3_T62764.0,810.0,PERIODIC_SAMPLE,0,START_8589271,
BUS_2_DIR3_T62764.0,840.0,PERIODIC_SAMPLE,0,START_8589271,
BUS_2_DIR3_T62764.0,870.0,PERIODIC_SAMPLE,0,START_8589271,
BUS_2_DIR3_T62764.0,900.0,PERIODIC_SAMPLE,0,START_8589271,
BUS_2_DIR3_T62764.0,930.0,PERIODIC_SAMPLE,0,START_8589271,
BUS_2_DIR3_T62764.0,960.0,PERIODIC_SAMPLE,0,START_8589271,
BUS_2_DIR3_T62764.0,990.0,PERIODIC_SAMPLE,0,START_8589271,
BUS_2_DIR3_T62764.0,1020.0,PERIODIC_SAMPLE,0,START_8589271,
BUS_2_DIR3_T62764.0,1050.0,PERIODIC_SAMPLE,0,START_8589271,
BUS_2_DIR3_T62764.0,1080.0,PERIODIC_SAMPLE,0,START_8589271,
BUS_2_DIR3_T62764.0,1110.0,PERIODIC_SAMPLE,0,START_8589271,
BUS_2_DIR3_T62764.0,1140.0,PERIODIC_SAMPLE,0,START_8589271,
BUS_2_DIR3_T62764.0,1170.0,PERIODIC_SAMPLE,0,START_8589271,
BUS_2_DIR3_T62764.0,1200.0,PERIODIC_SAMPLE,0,START_8589271,
BUS_2_DIR3_T62764.0,1230.0,PERIODIC_SAMPLE,0,START_8589271,
BUS_2_DIR3_T62764.0,1260.0,PERIODIC_SAMPLE,0,START_8589271,
BUS_2_DIR3_T62764.0,1290.0,PERIODIC_SAMPLE,0,START_8589271,
BUS_2_DIR3_T62764.0,1320.0,PERIODIC_SAMPLE,0,START_8589271,
BUS_2_DIR3_T62764.0,1350.0,PERIODIC_SAMPLE,0,START_8589271,
BUS_2_DIR3_T62764.0,1380.0,PERIODIC_SAMPLE,0,START_8589271,
BUS_2_DIR3_T62764.0,1410.0,PERIODIC_SAMPLE,0,START_8589271,
BUS_2_DIR3_T62764.0,1440.0,PERIODIC_SAMPLE,0,START_8589271,
BUS_2_DIR3_T62764.0,1470.0,PERIODIC_SAMPLE,0,START_8589271,
BUS_2_DIR3_T62764.0,1500.0,PERIODIC_SAMPLE,0,START_8589271,
BUS_2_DIR3_T62764.0,1530.0,PERIODIC_SAMPLE,0,START_8589271,
BUS_2_DIR3_T62764.0,1560.0,PERIODIC_SAMPLE,0,START_8589271,
BUS_2_DIR3_T62764.0,1590.0,PERIODIC_SAMPLE,0,START_8589271,
BUS_2_DIR3_T62764.0,1620.0,PERIODIC_SAMPLE,0,START_8589271,
BUS_2_DIR3_T62764.0,1650.0,PERIODIC_SAMPLE,0,START_8589271,
BUS_2_DIR3_T62764.0,1680.0,PERIODIC_SAMPLE,0,START_8589271,
BUS_2_DIR3_T62764.0,1710.0,PERIODIC_SAMPLE,0,START_8589271,
BUS_2_DIR3_T62764.0,1740.0,PERIODIC_SAMPLE,0,START_8589271,
BUS_2_DIR3_T62764.0,1770.0,PERIODIC_SAMPLE,0,START_8589271,
BUS_2_DIR4_T62521.0,30.0,PERIODIC_SAMPLE,0,START_8589131,
BUS_2_DIR4_T62521.0,60.0,PERIODIC_SAMPLE,0,START_8589131,
BUS_2_DIR4_T62521.0,90.0,PERIODIC_SAMPLE,0,START_8589131,
BUS_2_DIR4_T62521.0,120.0,PERIODIC_SAMPLE,0,START_8589131,
BUS_2_DIR4_T62521.0,150.0,PERIODIC_SAMPLE,0,START_8589131,
BUS_2_DIR4_T62521.0,180.0,PERIODIC_SAMPLE,0,START_8589131,
BUS_2_DIR4_T62521.0,210.0,PERIODIC_SAMPLE,0,START_8589131,
BUS_2_DIR4_T62521.0,240.0,PERIODIC_SAMPLE,0,START_8589131,
BUS_2_DIR4_T62521.0,270.0,PERIODIC_SAMPLE,0,START_8589131,
BUS_2_DIR4_T62521.0,300.0,PERIODIC_SAMPLE,0,START_8589131,
BUS_2_DIR4_T62521.0,330.0,PERIODIC_SAMPLE,0,START_8589131,
BUS_2_DIR4_T62521.0,360.0,PERIODIC_SAMPLE,0,START_8589131,
BUS_2_DIR4_T62521.0,390.0,PERIODIC_SAMPLE,0,START_8589131,
BUS_2_DIR4_T62521.0,420.0,PERIODIC_SAMPLE,0,START_8589131,
BUS_2_DIR4_T62521.0,450.0,PERIODIC_SAMPLE,0,START_8589131,
BUS_2_DIR4_T62521.0,480.0,PERIODIC_SAMPLE,0,START_8589131,
BUS_2_DIR4_T62521.0,510.0,PERIODIC_SAMPLE,0,START_8589131,
BUS_2_DIR4_T62521.0,540.0,PERIODIC_SAMPLE,0,START_8589131,
BUS_2_DIR4_T62521.0,570.0,PERIODIC_SAMPLE,0,START_8589131,
BUS_2_DIR4_T62521.0,600.0,PERIODIC_SAMPLE,0,START_8589131,
BUS_2_DIR4_T62521.0,630.0,PERIODIC_SAMPLE,0,START_8589131,
BUS_2_DIR4_T62521.0,660.0,PERIODIC_SAMPLE,0,START_8589131,
BUS_2_DIR4_T62521.0,690.0,PERIODIC_SAMPLE,0,START_8589131,
BUS_2_DIR4_T62521.0,720.0,PERIODIC_SAMPLE,0,START_8589131,
BUS_2_DIR4_T62521.0,750.0,PERIODIC_SAMPLE,0,START_8589131,
BUS_2_DIR4_T62521.0,780.0,PERIODIC_SAMPLE,0,START_8589131,
BUS_2_DIR4_T62521.0,810.0,PERIODIC_SAMPLE,0,START_8589131,
BUS_2_DIR4_T62521.0,840.0,PERIODIC_SAMPLE,0,START_8589131,
BUS_2_DIR4_T62521.0,870.0,PERIODIC_SAMPLE,0,START_8589131,
BUS_2_DIR4_T62521.0,900.0,PERIODIC_SAMPLE,0,START_8589131,
BUS_2_DIR4_T62521.0,930.0,PERIODIC_SAMPLE,0,START_8589131,
BUS_2_DIR4_T62521.0,960.0,PERIODIC_SAMPLE,0,START_8589131,
BUS_2_DIR4_T62521.0,990.0,PERIODIC_SAMPLE,0,START_8589131,
BUS_2_DIR4_T62521.0,1020.0,PERIODIC_SAMPLE,0,START_8589131,
BUS_2_DIR4_T62521.0,1050.0,PERIODIC_SAMPLE,0,START_8589131,
BUS_2_DIR4_T62521.0,1074.0,ARRIVAL,1,8589131,
BUS_2_DIR4_T62521.0,1074.0,BOARDING,1,8589131,1
BUS_2_DIR4_T62521.0,1080.0,PERIODIC_SAMPLE,1,8589131,
BUS_2_DIR4_T62521.0,1110.0,PERIODIC_SAMPLE,1,8589131,
BUS_2_DIR4_T62521.0,1136.0,ARRIVAL,10,8588344,
BUS_2_DIR4_T62521.0,1136.0,BOARDING,10,8588344,9
BUS_2_DIR4_T62521.0,1140.0,PERIODIC_SAMPLE,10,8588344,
BUS_2_DIR4_T62521.0,1170.0,PERIODIC_SAMPLE,10,8588344,
BUS_2_DIR4_T62521.0,1200.0,PERIODIC_SAMPLE,10,8588344,
BUS_2_DIR4_T62521.0,1230.0,ARRIVAL,17,8577786,
BUS_2_DIR4_T62521.0,1230.0,BOARDING,17,8577786,7
BUS_2_DIR4_T62521.0,1230.0,PERIODIC_SAMPLE,17,8577786,
BUS_2_DIR4_T62521.0,1260.0,PERIODIC_SAMPLE,17,8577786,
BUS_2_DIR4_T62521.0,1290.0,PERIODIC_SAMPLE,17,8577786,
BUS_2_DIR4_T62521.0,1320.0,PERIODIC_SAMPLE,17,8577786,
BUS_2_DIR4_T62521.0,1350.0,PERIODIC_SAMPLE,17,8577786,
BUS_2_DIR4_T62521.0,1380.0,PERIODIC_SAMPLE,17,8577786,
BUS_2_DIR4_T62521.0,1410.0,PERIODIC_SAMPLE,17,8577786,
BUS_2_DIR4_T62521.0,1440.0,PERIODIC_SAMPLE,17,8577786,
BUS_2_DIR4_T62521.0,1470.0,PERIODIC_SAMPLE,17,8577786,
BUS_2_DIR4_T62521.0,1500.0,PERIODIC_SAMPLE,17,8577786,
BUS_2_DIR4_T62521.0,1530.0,PERIODIC_SAMPLE,17,8577786,
BUS_2_DIR4_T62521.0,1560.0,PERIODIC_SAMPLE,17,8577786,
BUS_2_DIR4_T62521.0,1590.0,PERIODIC_SAMPLE,17,8577786,
BUS_2_DIR4_T62521.0,1620.0,PERIODIC_SAMPLE,17,8577786,
BUS_2_DIR4_T62521.0,1627.0,ARRIVAL,28,8592374,
BUS_2_DIR4_T62521.0,1627.0,BOARDING,28,8592374,28
BUS_2_DIR4_T62521.0,1627.0,ALIGHTING,28,8592374,17
BUS_2_DIR4_T62521.0,1650.0,PERIODIC_SAMPLE,28,8592374,
BUS_2_DIR4_T62521.0,1680.0,PERIODIC_SAMPLE,28,8592374,
BUS_2_DIR4_T62521.0,1710.0,PERIODIC_SAMPLE,28,8592374,
BUS_2_DIR4_T62521.0,1740.0,PERIODIC_SAMPLE,28,8592374,
BUS_2_DIR4_T62521.0,1770.0,PERIODIC_SAMPLE,28,8592374,
BUS_2_DIR4_T62521.0,1792.0,ARRIVAL,40,8589161,
BUS_2_DIR4_T62521.0,1792.0,BOARDING,40,8589161,12
BUS_2_DIR4_T62529.0,30.0,PERIODIC_SAMPLE,0,START_8589130,
BUS_2_DIR4_T62529.0,60.0,PERIODIC_SAMPLE,0,START_8589130,
BUS_2_DIR4_T62529.0,90.0,PERIODIC_SAMPLE,0,START_8589130,
BUS_2_DIR4_T62529.0,120.0,PERIODIC_SAMPLE,0,START_8589130,
BUS_2_DIR4_T62529.0,150.0,PERIODIC_SAMPLE,0,START_8589130,
BUS_2_DIR4_T62529.0,180.0,PERIODIC_SAMPLE,0,START_8589130,
BUS_2_DIR4_T62529.0,210.0,PERIODIC_SAMPLE,0,START_8589130,
BUS_2_DIR4_T62529.0,240.0,PERIODIC_SAMPLE,0,START_8589130,
BUS_2_DIR4_T62529.0,270.0,PERIODIC_SAMPLE,0,START_8589130,
BUS_2_DIR4_T62529.0,300.0,PERIODIC_SAMPLE,0,START_8589130,
BUS_2_DIR4_T62529.0,330.0,PERIODIC_SAMPLE,0,START_8589130,
BUS_2_DIR4_T62529.0,360.0,PERIODIC_SAMPLE,0,START_8589130,
BUS_2_DIR4_T62529.0,390.0,PERIODIC_SAMPLE,0,START_8589130,
BUS_2_DIR4_T62529.0,420.0,PERIODIC_SAMPLE,0,START_8589130,
BUS_2_DIR4_T62529.0,450.0,PERIODIC_SAMPLE,0,START_8589130,
BUS_2_DIR4_T62529.0,480.0,PERIODIC_SAMPLE,0,START_8589130,
BUS_2_DIR4_T62529.0,510.0,PERIODIC_SAMPLE,0,START_8589130,
BUS_2_DIR4_T62529.0,540.0,PERIODIC_SAMPLE,0,START_8589130,
BUS_2_DIR4_T62529.0,570.0,PERIODIC_SAMPLE,0,START_8589130,
BUS_2_DIR4_T62529.0,600.0,PERIODIC_SAMPLE,0,START_8589130,
BUS_2_DIR4_T62529.0,630.0,PERIODIC_SAMPLE,0,START_8589130,
BUS_2_DIR4_T62529.0,660.0,PERIODIC_SAMPLE,0,START_8589130,
BUS_2_DIR4_T62529.0,690.0,PERIODIC_SAMPLE,0,START_8589130,
BUS_2_DIR4_T62529.0,720.0,PERIODIC_SAMPLE,0,START_8589130,
BUS_2_DIR4_T62529.0,750.0,PERIODIC_SAMPLE,0,START_8589130,
BUS_2_DIR4_T62529.0,780.0,PERIODIC_SAMPLE,0,START_8589130,
BUS_2_DIR4_T62529.0,810.0,PERIODIC_SAMPLE,0,START_8589130,
BUS_2_DIR4_T62529.0,840.0,PERIODIC_SAMPLE,0,START_8589130,
BUS_2_DIR4_T62529.0,870.0,PERIODIC_SAMPLE,0,START_8589130,
BUS_2_DIR4_T62529.0,900.0,PERIODIC_SAMPLE,0,START_8589130,
BUS_2_DIR4_T62529.0,930.0,PERIODIC_SAMPLE,0,START_8589130,
BUS_2_DIR4_T62529.0,960.0,PERIODIC_SAMPLE,0,START_8589130,
BUS_2_DIR4_T62529.0,990.0,PERIODIC_SAMPLE,0,START_8589130,
BUS_2_DIR4_T62529.0,1020.0,PERIODIC_SAMPLE,0,START_8589130,
BUS_2_DIR4_T62529.0,1050.0,PERIODIC_SAMPLE,0,START_8589130,
BUS_2_DIR4_T62529.0,1080.0,PERIODIC_SAMPLE,0,START_8589130,
BUS_2_DIR4_T62529.0,1110.0,PERIODIC_SAMPLE,0,START_8589130,
BUS_2_DIR4_T62529.0,1140.0,PERIODIC_SAMPLE,0,START_8589130,
BUS_2_DIR4_T62529.0,1170.0,PERIODIC_SAMPLE,0,START_8589130,
BUS_2_DIR4_T62529.0,1200.0,PERIODIC_SAMPLE,0,START_8589130,
BUS_2_DIR4_T62529.0,1230.0,PERIODIC_SAMPLE,0,START_8589130,
BUS_2_DIR4_T62529.0,1260.0,PERIODIC_SAMPLE,0,START_8589130,
BUS_2_DIR4_T62529.0,1290.0,PERIODIC_SAMPLE,0,START_8589130,
BUS_2_DIR4_T62529.0,1320.0,PERIODIC_SAMPLE,0,START_8589130,
BUS_2_DIR4_T62529.0,1350.0,PERIODIC_SAMPLE,0,START_8589130,
BUS_2_DIR4_T62529.0,1380.0,PERIODIC_SAMPLE,0,START_8589130,
BUS_2_DIR4_T62529.0,1393.0,ARRIVAL,5,8589130,
BUS_2_DIR4_T62529.0,1393.0,BOARDING,5,8589130,5
BUS_2_DIR4_T62529.0,1410.0,PERIODIC_SAMPLE,5,8589130,
BUS_2_DIR4_T62529.0,1440.0,PERIODIC_SAMPLE,5,8589130,
BUS_2_DIR4_T62529.0,1470.0,PERIODIC_SAMPLE,5,8589130,
BUS_2_DIR4_T62529.0,1500.0,PERIODIC_SAMPLE,5,8589130,
BUS_2_DIR4_T62529.0,1530.0,PERIODIC_SAMPLE,5,8589130,
BUS_2_DIR4_T62529.0,1544.0,ARRIVAL,6,8589131,
BUS_2_DIR4_T62529.0,1544.0,BOARDING,6,8589131,1
BUS_2_DIR4_T62529.0,1560.0,PERIODIC_SAMPLE,6,8589131,
BUS_2_DIR4_T62529.0,1590.0,PERIODIC_SAMPLE,6,8589131,
BUS_2_DIR4_T62529.0,1620.0,PERIODIC_SAMPLE,6,8589131,
BUS_2_DIR4_T62529.0,1650.0,PERIODIC_SAMPLE,6,8589131,
BUS_2_DIR4_T62529.0,1680.0,PERIODIC_SAMPLE,6,8589131,
BUS_2_DIR4_T62529.0,1692.0,ARRIVAL,6,8577786,
BUS_2_DIR4_T62529.0,1710.0,PERIODIC_SAMPLE,6,8577786,
BUS_2_DIR4_T62529.0,1740.0,PERIODIC_SAMPLE,6,8577786,
BUS_2_DIR4_T62529.0,1770.0,PERIODIC_SAMPLE,6,8577786,
BUS_2_DIR4_T62529.0,1777.0,ARRIVAL,10,8577785,
BUS_2_DIR4_T62529.0,1777.0,BOARDING,10,8577785,4
BUS_2_DIR4_T62535.0,30.0,PERIODIC_SAMPLE,0,START_8589130,
BUS_2_DIR4_T62535.0,60.0,PERIODIC_SAMPLE,0,START_8589130,
BUS_2_DIR4_T62535.0,90.0,PERIODIC_SAMPLE,0,START_8589130,
BUS_2_DIR4_T62535.0,120.0,PERIODIC_SAMPLE,0,START_8589130,
BUS_2_DIR4_T62535.0,150.0,PERIODIC_SAMPLE,0,START_8589130,
BUS_2_DIR4_T62535.0,180.0,PERIODIC_SAMPLE,0,START_8589130,
BUS_2_DIR4_T62535.0,210.0,PERIODIC_SAMPLE,0,START_8589130,
BUS_2_DIR4_T62535.0,240.0,PERIODIC_SAMPLE,0,START_8589130,
BUS_2_DIR4_T62535.0,270.0,PERIODIC_SAMPLE,0,START_8589130,
BUS_2_DIR4_T62535.0,300.0,PERIODIC_SAMPLE,0,START_8589130,
BUS_2_DIR4_T62535.0,330.0,PERIODIC_SAMPLE,0,START_8589130,
BUS_2_DIR4_T62535.0,360.0,PERIODIC_SAMPLE,0,START_8589130,
BUS_2_DIR4_T62535.0,390.0,PERIODIC_SAMPLE,0,START_8589130,
BUS_2_DIR4_T62535.0,420.0,PERIODIC_SAMPLE,0,START_8589130,
BUS_2_DIR4_T62535.0,450.0,PERIODIC_SAMPLE,0,START_8589130,
BUS_2_DIR4_T62535.0,480.0,PERIODIC_SAMPLE,0,START_8589130,
BUS_2_DIR4_T62535.0,510.0,PERIODIC_SAMPLE,0,START_8589130,
BUS_2_DIR4_T62535.0,540.0,PERIODIC_SAMPLE,0,START_8589130,
BUS_2_DIR4_T62535.0,570.0,PERIODIC_SAMPLE,0,START_8589130,
BUS_2_DIR4_T62535.0,600.0,PERIODIC_SAMPLE,0,START_8589130,
BUS_2_DIR4_T62535.0,630.0,PERIODIC_SAMPLE,0,START_8589130,
BUS_2_DIR4_T62535.0,660.0,PERIODIC_SAMPLE,0,START_8589130,
BUS_2_DIR4_T62535.0,690.0,PERIODIC_SAMPLE,0,START_8589130,
BUS_2_DIR4_T62535.0,720.0,PERIODIC_SAMPLE,0,START_8589130,
BUS_2_DIR4_T62535.0,750.0,PERIODIC_SAMPLE,0,START_8589130,
BUS_2_DIR4_T62535.0,780.0,PERIODIC_SAMPLE,0,START_8589130,
BUS_2_DIR4_T62535.0,810.0,PERIODIC_SAMPLE,0,START_8589130,
BUS_2_DIR4_T62535.0,840.0,PERIODIC_SAMPLE,0,START_8589130,
BUS_2_DIR4_T62535.0,870.0,PERIODIC_SAMPLE,0,START_8589130,
BUS_2_DIR4_T62535.0,900.0,PERIODIC_SAMPLE,0,START_8589130,
BUS_2_DIR4_T62535.0,930.0,PERIODIC_SAMPLE,0,START_8589130,
BUS_2_DIR4_T62535.0,960.0,PERIODIC_SAMPLE,0,START_8589130,
BUS_2_DIR4_T62535.0,990.0,PERIODIC_SAMPLE,0,START_8589130,
BUS_2_DIR4_T62535.0,1020.0,PERIODIC_SAMPLE,0,START_8589130,
BUS_2_DIR4_T62535.0,1050.0,PERIODIC_SAMPLE,0,START_8589130,
BUS_2_DIR4_T62535.0,1080.0,PERIODIC_SAMPLE,0,START_8589130,
BUS_2_DIR4_T62535.0,1110.0,PERIODIC_SAMPLE,0,START_8589130,
BUS_2_DIR4_T62535.0,1140.0,PERIODIC_SAMPLE,0,START_8589130,
BUS_2_DIR4_T62535.0,1170.0,PERIODIC_SAMPLE,0,START_8589130,
BUS_2_DIR4_T62535.0,1200.0,PERIODIC_SAMPLE,0,START_8589130,
BUS_2_DIR4_T62535.0,1230.0,PERIODIC_SAMPLE,0,START_8589130,
BUS_2_DIR4_T62535.0,1260.0,PERIODIC_SAMPLE,0,START_8589130,
BUS_2_DIR4_T62535.0,1290.0,PERIODIC_SAMPLE,0,START_8589130,
BUS_2_DIR4_T62535.0,1320.0,PERIODIC_SAMPLE,0,START_8589130,
BUS_2_DIR4_T62535.0,1350.0,PERIODIC_SAMPLE,0,START_8589130,
BUS_2_DIR4_T62535.0,1380.0,PERIODIC_SAMPLE,0,START_8589130,
BUS_2_DIR4_T62535.0,1410.0,PERIODIC_SAMPLE,0,START_8589130,
BUS_2_DIR4_T62535.0,1440.0,PERIODIC_SAMPLE,0,START_8589130,
BUS_2_DIR4_T62535.0,1470.0,PERIODIC_SAMPLE,0,START_8589130,
BUS_2_DIR4_T62535.0,1500.0,PERIODIC_SAMPLE,0,START_8589130,
BUS_2_DIR4_T62535.0,1530.0,PERIODIC_SAMPLE,0,START_8589130,
BUS_2_DIR4_T62535.0,1560.0,PERIODIC_SAMPLE,0,START_8589130,
BUS_2_DIR4_T62535.0,1590.0,PERIODIC_SAMPLE,0,START_8589130,
BUS_2_DIR4_T62535.0,1620.0,PERIODIC_SAMPLE,0,START_8589130,
BUS_2_DIR4_T62535.0,1650.0,PERIODIC_SAMPLE,0,START_8589130,
BUS_2_DIR4_T62535.0,1680.0,PERIODIC_SAMPLE,0,START_8589130,
BUS_2_DIR4_T62535.0,1710.0,PERIODIC_SAMPLE,0,START_8589130,
BUS_2_DIR4_T62535.0,1740.0,PERIODIC_SAMPLE,0,START_8589130,
BUS_2_DIR4_T62535.0,1770.0,PERIODIC_SAMPLE,0,START_8589130,
BUS_2_DIR4_T62543.0,30.0,PERIODIC_SAMPLE,0,START_8589131,
BUS_2_DIR4_T62543.0,60.0,PERIODIC_SAMPLE,0,START_8589131,
BUS_2_DIR4_T62543.0,90.0,PERIODIC_SAMPLE,0,START_8589131,
BUS_2_DIR4_T62543.0,120.0,PERIODIC_SAMPLE,0,START_8589131,
BUS_2_DIR4_T62543.0,150.0,PERIODIC_SAMPLE,0,START_8589131,
BUS_2_DIR4_T62543.0,180.0,PERIODIC_SAMPLE,0,START_8589131,
BUS_2_DIR4_T62543.0,210.0,PERIODIC_SAMPLE,0,START_8589131,
BUS_2_DIR4_T62543.0,240.0,PERIODIC_SAMPLE,0,START_8589131,
BUS_2_DIR4_T62543.0,270.0,PERIODIC_SAMPLE,0,START_8589131,
BUS_2_DIR4_T62543.0,300.0,PERIODIC_SAMPLE,0,START_8589131,
BUS_2_DIR4_T62543.0,330.0,PERIODIC_SAMPLE,0,START_8589131,
BUS_2_DIR4_T62543.0,360.0,PERIODIC_SAMPLE,0,START_8589131,
BUS_2_DIR4_T62543.0,390.0,PERIODIC_SAMPLE,0,START_8589131,
BUS_2_DIR4_T62543.0,420.0,PERIODIC_SAMPLE,0,START_8589131,
BUS_2_DIR4_T62543.0,450.0,PERIODIC_SAMPLE,0,START_8589131,
BUS_2_DIR4_T62543.0,480.0,PERIODIC_SAMPLE,0,START_8589131,
BUS_2_DIR4_T62543.0,510.0,PERIODIC_SAMPLE,0,START_8589131,
BUS_2_DIR4_T62543.0,540.0,PERIODIC_SAMPLE,0,START_8589131,
BUS_2_DIR4_T62543.0,570.0,PERIODIC_SAMPLE,0,START_8589131,
BUS_2_DIR4_T62543.0,600.0,PERIODIC_SAMPLE,0,START_8589131,
BUS_2_DIR4_T62543.0,630.0,PERIODIC_SAMPLE,0,START_8589131,
BUS_2_DIR4_T62543.0,660.0,PERIODIC_SAMPLE,0,START_8589131,
BUS_2_DIR4_T62543.0,690.0,PERIODIC_SAMPLE,0,START_8589131,
BUS_2_DIR4_T62543.0,720.0,PERIODIC_SAMPLE,0,START_8589131,
BUS_2_DIR4_T62543.0,750.0,PERIODIC_SAMPLE,0,START_8589131,
BUS_2_DIR4_T62543.0,780.0,PERIODIC_SAMPLE,0,START_8589131,
BUS_2_DIR4_T62543.0,810.0,PERIODIC_SAMPLE,0,START_8589131,
BUS_2_DIR4_T62543.0,840.0,PERIODIC_SAMPLE,0,START_8589131,
BUS_2_DIR4_T62543.0,870.0,PERIODIC_SAMPLE,0,START_8589131,
BUS_2_DIR4_T62543.0,900.0,PERIODIC_SAMPLE,0,START_8589131,
BUS_2_DIR4_T62543.0,930.0,PERIODIC_SAMPLE,0,START_8589131,
BUS_2_DIR4_T62543.0,960.0,PERIODIC_SAMPLE,0,START_8589131,
BUS_2_DIR4_T62543.0,990.0,PERIODIC_SAMPLE,0,START_8589131,
BUS_2_DIR4_T62543.0,1020.0,PERIODIC_SAMPLE,0,START_8589131,
BUS_2_DIR4_T62543.0,1050.0,PERIODIC_SAMPLE,0,START_8589131,
BUS_2_DIR4_T62543.0,1080.0,PERIODIC_SAMPLE,0,START_8589131,
BUS_2_DIR4_T62543.0,1110.0,PERIODIC_SAMPLE,0,START_8589131,
BUS_2_DIR4_T62543.0,1140.0,PERIODIC_SAMPLE,0,START_8589131,
BUS_2_DIR4_T62543.0,1170.0,PERIODIC_SAMPLE,0,START_8589131,
BUS_2_DIR4_T62543.0,1200.0,PERIODIC_SAMPLE,0,START_8589131,
BUS_2_DIR4_T62543.0,1230.0,PERIODIC_SAMPLE,0,START_8589131,
BUS_2_DIR4_T62543.0,1260.0,PERIODIC_SAMPLE,0,START_8589131,
BUS_2_DIR4_T62543.0,1290.0,PERIODIC_SAMPLE,0,START_8589131,
BUS_2_DIR4_T62543.0,1320.0,PERIODIC_SAMPLE,0,START_8589131,
BUS_2_DIR4_T62543.0,1350.0,PERIODIC_SAMPLE,0,START_8589131,
BUS_2_DIR4_T62543.0,1380.0,PERIODIC_SAMPLE,0,START_8589131,
BUS_2_DIR4_T62543.0,1410.0,PERIODIC_SAMPLE,0,START_8589131,
BUS_2_DIR4_T62543.0,1440.0,PERIODIC_SAMPLE,0,START_8589131,
BUS_2_DIR4_T62543.0,1470.0,PERIODIC_SAMPLE,0,START_8589131,
BUS_2_DIR4_T62543.0,1500.0,PERIODIC_SAMPLE,0,START_8589131,
BUS_2_DIR4_T62543.0,1530.0,PERIODIC_SAMPLE,0,START_8589131,
BUS_2_DIR4_T62543.0,1560.0,PERIODIC_SAMPLE,0,START_8589131,
BUS_2_DIR4_T62543.0,1590.0,PERIODIC_SAMPLE,0,START_8589131,
BUS_2_DIR4_T62543.0,1620.0,PERIODIC_SAMPLE,0,START_8589131,
BUS_2_DIR4_T62543.0,1650.0,PERIODIC_SAMPLE,0,START_8589131,
BUS_2_DIR4_T62543.0,1680.0,PERIODIC_SAMPLE,0,START_8589131,
BUS_2_DIR4_T62543.0,1710.0,PERIODIC_SAMPLE,0,START_8589131,
BUS_2_DIR4_T62543.0,1740.0,PERIODIC_SAMPLE,0,START_8589131,
BUS_2_DIR4_T62543.0,1770.0,PERIODIC_SAMPLE,0,START_8589131,
BUS_2_DIR4_T62547.0,30.0,PERIODIC_SAMPLE,0,START_8589130,
BUS_2_DIR4_T62547.0,60.0,PERIODIC_SAMPLE,0,START_8589130,
BUS_2_DIR4_T62547.0,90.0,PERIODIC_SAMPLE,0,START_8589130,
BUS_2_DIR4_T62547.0,120.0,PERIODIC_SAMPLE,0,START_8589130,
BUS_2_DIR4_T62547.0,150.0,PERIODIC_SAMPLE,0,START_8589130,
BUS_2_DIR4_T62547.0,180.0,PERIODIC_SAMPLE,0,START_8589130,
BUS_2_DIR4_T62547.0,210.0,PERIODIC_SAMPLE,0,START_8589130,
BUS_2_DIR4_T62547.0,240.0,PERIODIC_SAMPLE,0,START_8589130,
BUS_2_DIR4_T62547.0,270.0,PERIODIC_SAMPLE,0,START_8589130,
BUS_2_DIR4_T62547.0,300.0,PERIODIC_SAMPLE,0,START_8589130,
BUS_2_DIR4_T62547.0,330.0,PERIODIC_SAMPLE,0,START_8589130,
BUS_2_DIR4_T62547.0,360.0,PERIODIC_SAMPLE,0,START_8589130,
BUS_2_DIR4_T62547.0,390.0,PERIODIC_SAMPLE,0,START_8589130,
BUS_2_DIR4_T62547.0,420.0,PERIODIC_SAMPLE,0,START_8589130,
BUS_2_DIR4_T62547.0,450.0,PERIODIC_SAMPLE,0,START_8589130,
BUS_2_DIR4_T62547.0,480.0,PERIODIC_SAMPLE,0,START_8589130,
BUS_2_DIR4_T62547.0,510.0,PERIODIC_SAMPLE,0,START_8589130,
BUS_2_DIR4_T62547.0,540.0,PERIODIC_SAMPLE,0,START_8589130,
BUS_2_DIR4_T62547.0,570.0,PERIODIC_SAMPLE,0,START_8589130,
BUS_2_DIR4_T62547.0,600.0,PERIODIC_SAMPLE,0,START_8589130,
BUS_2_DIR4_T62547.0,630.0,PERIODIC_SAMPLE,0,START_8589130,
BUS_2_DIR4_T62547.0,660.0,PERIODIC_SAMPLE,0,START_8589130,
BUS_2_DIR4_T62547.0,690.0,PERIODIC_SAMPLE,0,START_8589130,
BUS_2_DIR4_T62547.0,720.0,PERIODIC_SAMPLE,0,START_8589130,
BUS_2_DIR4_T62547.0,750.0,PERIODIC_SAMPLE,0,START_8589130,
BUS_2_DIR4_T62547.0,780.0,PERIODIC_SAMPLE,0,START_8589130,
BUS_2_DIR4_T62547.0,810.0,PERIODIC_SAMPLE,0,START_8589130,
BUS_2_DIR4_T62547.0,840.0,PERIODIC_SAMPLE,0,START_8589130,
BUS_2_DIR4_T62547.0,870.0,PERIODIC_SAMPLE,0,START_8589130,
BUS_2_DIR4_T62547.0,900.0,PERIODIC_SAMPLE,0,START_8589130,
BUS_2_DIR4_T62547.0,930.0,PERIODIC_SAMPLE,0,START_8589130,
BUS_2_DIR4_T62547.0,960.0,PERIODIC_SAMPLE,0,START_8589130,
BUS_2_DIR4_T62547.0,990.0,PERIODIC_SAMPLE,0,START_8589130,
BUS_2_DIR4_T62547.0,1020.0,PERIODIC_SAMPLE,0,START_8589130,
BUS_2_DIR4_T62547.0,1050.0,PERIODIC_SAMPLE,0,START_8589130,
BUS_2_DIR4_T62547.0,1080.0,PERIODIC_SAMPLE,0,START_8589130,
BUS_2_DIR4_T62547.0,1110.0,PERIODIC_SAMPLE,0,START_8589130,
BUS_2_DIR4_T62547.0,1140.0,PERIODIC_SAMPLE,0,START_8589130,
BUS_2_DIR4_T62547.0,1170.0,PERIODIC_SAMPLE,0,START_8589130,
BUS_2_DIR4_T62547.0,1200.0,PERIODIC_SAMPLE,0,START_8589130,
BUS_2_DIR4_T62547.0,1230.0,PERIODIC_SAMPLE,0,START_8589130,
BUS_2_DIR4_T62547.0,1260.0,PERIODIC_SAMPLE,0,START_8589130,
BUS_2_DIR4_T62547.0,1290.0,PERIODIC_SAMPLE,0,START_8589130,
BUS_2_DIR4_T62547.0,1320.0,PERIODIC_SAMPLE,0,START_8589130,
BUS_2_DIR4_T62547.0,1350.0,PERIODIC_SAMPLE,0,START_8589130,
BUS_2_DIR4_T62547.0,1380.0,PERIODIC_SAMPLE,0,START_8589130,
BUS_2_DIR4_T62547.0,1410.0,PERIODIC_SAMPLE,0,START_8589130,
BUS_2_DIR4_T62547.0,1440.0,PERIODIC_SAMPLE,0,START_8589130,
BUS_2_DIR4_T62547.0,1470.0,PERIODIC_SAMPLE,0,START_8589130,
BUS_2_DIR4_T62547.0,1500.0,PERIODIC_SAMPLE,0,START_8589130,
BUS_2_DIR4_T62547.0,1530.0,PERIODIC_SAMPLE,0,START_8589130,
BUS_2_DIR4_T62547.0,1560.0,PERIODIC_SAMPLE,0,START_8589130,
BUS_2_DIR4_T62547.0,1590.0,PERIODIC_SAMPLE,0,START_8589130,
BUS_2_DIR4_T62547.0,1620.0,PERIODIC_SAMPLE,0,START_8589130,
BUS_2_DIR4_T62547.0,1650.0,PERIODIC_SAMPLE,0,START_8589130,
BUS_2_DIR4_T62547.0,1680.0,PERIODIC_SAMPLE,0,START_8589130,
BUS_2_DIR4_T62547.0,1710.0,PERIODIC_SAMPLE,0,START_8589130,
BUS_2_DIR4_T62547.0,1740.0,PERIODIC_SAMPLE,0,START_8589130,
BUS_2_DIR4_T62547.0,1770.0,PERIODIC_SAMPLE,0,START_8589130,
BUS_2_DIR4_T62561.0,30.0,PERIODIC_SAMPLE,0,START_8589130,
BUS_2_DIR4_T62561.0,60.0,PERIODIC_SAMPLE,0,START_8589130,
BUS_2_DIR4_T62561.0,90.0,PERIODIC_SAMPLE,0,START_8589130,
BUS_2_DIR4_T62561.0,120.0,PERIODIC_SAMPLE,0,START_8589130,
BUS_2_DIR4_T62561.0,150.0,PERIODIC_SAMPLE,0,START_8589130,
BUS_2_DIR4_T62561.0,180.0,PERIODIC_SAMPLE,0,START_8589130,
BUS_2_DIR4_T62561.0,210.0,PERIODIC_SAMPLE,0,START_8589130,
BUS_2_DIR4_T62561.0,240.0,PERIODIC_SAMPLE,0,START_8589130,
BUS_2_DIR4_T62561.0,270.0,PERIODIC_SAMPLE,0,START_8589130,
BUS_2_DIR4_T62561.0,300.0,PERIODIC_SAMPLE,0,START_8589130,
BUS_2_DIR4_T62561.0,330.0,PERIODIC_SAMPLE,0,START_8589130,
BUS_2_DIR4_T62561.0,360.0,PERIODIC_SAMPLE,0,START_8589130,
BUS_2_DIR4_T62561.0,390.0,PERIODIC_SAMPLE,0,START_8589130,
BUS_2_DIR4_T62561.0,420.0,PERIODIC_SAMPLE,0,START_8589130,
BUS_2_DIR4_T62561.0,450.0,PERIODIC_SAMPLE,0,START_8589130,
BUS_2_DIR4_T62561.0,480.0,PERIODIC_SAMPLE,0,START_8589130,
BUS_2_DIR4_T62561.0,510.0,PERIODIC_SAMPLE,0,START_8589130,
BUS_2_DIR4_T62561.0,540.0,PERIODIC_SAMPLE,0,START_8589130,
BUS_2_DIR4_T62561.0,570.0,PERIODIC_SAMPLE,0,START_8589130,
BUS_2_DIR4_T62561.0,600.0,PERIODIC_SAMPLE,0,START_8589130,
BUS_2_DIR4_T62561.0,630.0,PERIODIC_SAMPLE,0,START_8589130,
BUS_2_DIR4_T62561.0,660.0,PERIODIC_SAMPLE,0,START_8589130,
BUS_2_DIR4_T62561.0,690.0,PERIODIC_SAMPLE,0,START_8589130,
BUS_2_DIR4_T62561.0,720.0,PERIODIC_SAMPLE,0,START_8589130,
BUS_2_DIR4_T62561.0,750.0,PERIODIC_SAMPLE,0,START_8589130,
BUS_2_DIR4_T62561.0,780.0,PERIODIC_SAMPLE,0,START_8589130,
BUS_2_DIR4_T62561.0,810.0,PERIODIC_SAMPLE,0,START_8589130,
BUS_2_DIR4_T62561.0,840.0,PERIODIC_SAMPLE,0,START_8589130,
BUS_2_DIR4_T62561.0,870.0,PERIODIC_SAMPLE,0,START_8589130,
BUS_2_DIR4_T62561.0,900.0,PERIODIC_SAMPLE,0,START_8589130,
BUS_2_DIR4_T62561.0,930.0,PERIODIC_SAMPLE,0,START_8589130,
BUS_2_DIR4_T62561.0,960.0,PERIODIC_SAMPLE,0,START_8589130,
BUS_2_DIR4_T62561.0,990.0,PERIODIC_SAMPLE,0,START_8589130,
BUS_2_DIR4_T62561.0,1020.0,PERIODIC_SAMPLE,0,START_8589130,
BUS_2_DIR4_T62561.0,1050.0,PERIODIC_SAMPLE,0,START_8589130,
BUS_2_DIR4_T62561.0,1080.0,PERIODIC_SAMPLE,0,START_8589130,
BUS_2_DIR4_T62561.0,1110.0,PERIODIC_SAMPLE,0,START_8589130,
BUS_2_DIR4_T62561.0,1140.0,PERIODIC_SAMPLE,0,START_8589130,
BUS_2_DIR4_T62561.0,1170.0,PERIODIC_SAMPLE,0,START_8589130,
BUS_2_DIR4_T62561.0,1200.0,PERIODIC_SAMPLE,0,START_8589130,
BUS_2_DIR4_T62561.0,1230.0,PERIODIC_SAMPLE,0,START_8589130,
BUS_2_DIR4_T62561.0,1260.0,PERIODIC_SAMPLE,0,START_8589130,
BUS_2_DIR4_T62561.0,1290.0,PERIODIC_SAMPLE,0,START_8589130,
BUS_2_DIR4_T62561.0,1320.0,PERIODIC_SAMPLE,0,START_8589130,
BUS_2_DIR4_T62561.0,1350.0,PERIODIC_SAMPLE,0,START_8589130,
BUS_2_DIR4_T62561.0,1380.0,PERIODIC_SAMPLE,0,START_8589130,
BUS_2_DIR4_T62561.0,1410.0,PERIODIC_SAMPLE,0,START_8589130,
BUS_2_DIR4_T62561.0,1440.0,PERIODIC_SAMPLE,0,START_8589130,
BUS_2_DIR4_T62561.0,1470.0,PERIODIC_SAMPLE,0,START_8589130,
BUS_2_DIR4_T62561.0,1500.0,PERIODIC_SAMPLE,0,START_8589130,
BUS_2_DIR4_T62561.0,1530.0,PERIODIC_SAMPLE,0,START_8589130,
BUS_2_DIR4_T62561.0,1560.0,PERIODIC_SAMPLE,0,START_8589130,
BUS_2_DIR4_T62561.0,1590.0,PERIODIC_SAMPLE,0,START_8589130,
BUS_2_DIR4_T62561.0,1620.0,PERIODIC_SAMPLE,0,START_8589130,
BUS_2_DIR4_T62561.0,1650.0,PERIODIC_SAMPLE,0,START_8589130,
BUS_2_DIR4_T62561.0,1680.0,PERIODIC_SAMPLE,0,START_8589130,
BUS_2_DIR4_T62561.0,1710.0,PERIODIC_SAMPLE,0,START_8589130,
BUS_2_DIR4_T62561.0,1740.0,PERIODIC_SAMPLE,0,START_8589130,
BUS_2_DIR4_T62561.0,1770.0,PERIODIC_SAMPLE,0,START_8589130,
BUS_2_DIR4_T62569.0,30.0,PERIODIC_SAMPLE,0,START_8589130,
BUS_2_DIR4_T62569.0,60.0,PERIODIC_SAMPLE,0,START_8589130,
BUS_2_DIR4_T62569.0,90.0,PERIODIC_SAMPLE,0,START_8589130,
BUS_2_DIR4_T62569.0,120.0,PERIODIC_SAMPLE,0,START_8589130,
BUS_2_DIR4_T62569.0,150.0,PERIODIC_SAMPLE,0,START_8589130,
BUS_2_DIR4_T62569.0,180.0,PERIODIC_SAMPLE,0,START_8589130,
BUS_2_DIR4_T62569.0,210.0,PERIODIC_SAMPLE,0,START_8589130,
BUS_2_DIR4_T62569.0,240.0,PERIODIC_SAMPLE,0,START_8589130,
BUS_2_DIR4_T62569.0,270.0,PERIODIC_SAMPLE,0,START_8589130,
BUS_2_DIR4_T62569.0,300.0,PERIODIC_SAMPLE,0,START_8589130,
BUS_2_DIR4_T62569.0,330.0,PERIODIC_SAMPLE,0,START_8589130,
BUS_2_DIR4_T62569.0,360.0,PERIODIC_SAMPLE,0,START_8589130,
BUS_2_DIR4_T62569.0,390.0,PERIODIC_SAMPLE,0,START_8589130,
BUS_2_DIR4_T62569.0,420.0,PERIODIC_SAMPLE,0,START_8589130,
BUS_2_DIR4_T62569.0,450.0,PERIODIC_SAMPLE,0,START_8589130,
BUS_2_DIR4_T62569.0,480.0,PERIODIC_SAMPLE,0,START_8589130,
BUS_2_DIR4_T62569.0,510.0,PERIODIC_SAMPLE,0,START_8589130,
BUS_2_DIR4_T62569.0,540.0,PERIODIC_SAMPLE,0,START_8589130,
BUS_2_DIR4_T62569.0,570.0,PERIODIC_SAMPLE,0,START_8589130,
BUS_2_DIR4_T62569.0,600.0,PERIODIC_SAMPLE,0,START_8589130,
BUS_2_DIR4_T62569.0,630.0,PERIODIC_SAMPLE,0,START_8589130,
BUS_2_DIR4_T62569.0,660.0,PERIODIC_SAMPLE,0,START_8589130,
BUS_2_DIR4_T62569.0,690.0,PERIODIC_SAMPLE,0,START_8589130,
BUS_2_DIR4_T62569.0,720.0,PERIODIC_SAMPLE,0,START_8589130,
BUS_2_DIR4_T62569.0,750.0,PERIODIC_SAMPLE,0,START_8589130,
BUS_2_DIR4_T62569.0,780.0,PERIODIC_SAMPLE,0,START_8589130,
BUS_2_DIR4_T62569.0,810.0,PERIODIC_SAMPLE,0,START_8589130,
BUS_2_DIR4_T62569.0,840.0,PERIODIC_SAMPLE,0,START_8589130,
BUS_2_DIR4_T62569.0,870.0,PERIODIC_SAMPLE,0,START_8589130,
BUS_2_DIR4_T62569.0,900.0,PERIODIC_SAMPLE,0,START_8589130,
BUS_2_DIR4_T62569.0,930.0,PERIODIC_SAMPLE,0,START_8589130,
BUS_2_DIR4_T62569.0,960.0,PERIODIC_SAMPLE,0,START_8589130,
BUS_2_DIR4_T62569.0,990.0,PERIODIC_SAMPLE,0,START_8589130,
BUS_2_DIR4_T62569.0,1020.0,PERIODIC_SAMPLE,0,START_8589130,
BUS_2_DIR4_T62569.0,1050.0,PERIODIC_SAMPLE,0,START_8589130,
BUS_2_DIR4_T62569.0,1080.0,PERIODIC_SAMPLE,0,START_8589130,
BUS_2_DIR4_T62569.0,1110.0,PERIODIC_SAMPLE,0,START_8589130,
BUS_2_DIR4_T62569.0,1140.0,PERIODIC_SAMPLE,0,START_8589130,
BUS_2_DIR4_T62569.0,1170.0,PERIODIC_SAMPLE,0,START_8589130,
BUS_2_DIR4_T62569.0,1200.0,PERIODIC_SAMPLE,0,START_8589130,
BUS_2_DIR4_T62569.0,1230.0,PERIODIC_SAMPLE,0,START_8589130,
BUS_2_DIR4_T62569.0,1260.0,PERIODIC_SAMPLE,0,START_8589130,
BUS_2_DIR4_T62569.0,1290.0,PERIODIC_SAMPLE,0,START_8589130,
BUS_2_DIR4_T62569.0,1320.0,PERIODIC_SAMPLE,0,START_8589130,
BUS_2_DIR4_T62569.0,1350.0,PERIODIC_SAMPLE,0,START_8589130,
BUS_2_DIR4_T62569.0,1380.0,PERIODIC_SAMPLE,0,START_8589130,
BUS_2_DIR4_T62569.0,1410.0,PERIODIC_SAMPLE,0,START_8589130,
BUS_2_DIR4_T62569.0,1440.0,PERIODIC_SAMPLE,0,START_8589130,
BUS_2_DIR4_T62569.0,1470.0,PERIODIC_SAMPLE,0,START_8589130,
BUS_2_DIR4_T62569.0,1500.0,PERIODIC_SAMPLE,0,START_8589130,
BUS_2_DIR4_T62569.0,1530.0,PERIODIC_SAMPLE,0,START_8589130,
BUS_2_DIR4_T62569.0,1560.0,PERIODIC_SAMPLE,0,START_8589130,
BUS_2_DIR4_T62569.0,1590.0,PERIODIC_SAMPLE,0,START_8589130,
BUS_2_DIR4_T62569.0,1620.0,PERIODIC_SAMPLE,0,START_8589130,
BUS_2_DIR4_T62569.0,1650.0,PERIODIC_SAMPLE,0,START_8589130,
BUS_2_DIR4_T62569.0,1680.0,PERIODIC_SAMPLE,0,START_8589130,
BUS_2_DIR4_T62569.0,1710.0,PERIODIC_SAMPLE,0,START_8589130,
BUS_2_DIR4_T62569.0,1740.0,PERIODIC_SAMPLE,0,START_8589130,
BUS_2_DIR4_T62569.0,1770.0,PERIODIC_SAMPLE,0,START_8589130,
BUS_2_DIR4_T62573.0,30.0,PERIODIC_SAMPLE,0,START_8589131,
BUS_2_DIR4_T62573.0,60.0,PERIODIC_SAMPLE,0,START_8589131,
BUS_2_DIR4_T62573.0,90.0,PERIODIC_SAMPLE,0,START_8589131,
BUS_2_DIR4_T62573.0,120.0,PERIODIC_SAMPLE,0,START_8589131,
BUS_2_DIR4_T62573.0,150.0,PERIODIC_SAMPLE,0,START_8589131,
BUS_2_DIR4_T62573.0,180.0,PERIODIC_SAMPLE,0,START_8589131,
BUS_2_DIR4_T62573.0,210.0,PERIODIC_SAMPLE,0,START_8589131,
BUS_2_DIR4_T62573.0,240.0,PERIODIC_SAMPLE,0,START_8589131,
BUS_2_DIR4_T62573.0,270.0,PERIODIC_SAMPLE,0,START_8589131,
BUS_2_DIR4_T62573.0,300.0,PERIODIC_SAMPLE,0,START_8589131,
BUS_2_DIR4_T62573.0,330.0,PERIODIC_SAMPLE,0,START_8589131,
BUS_2_DIR4_T62573.0,360.0,PERIODIC_SAMPLE,0,START_8589131,
BUS_2_DIR4_T62573.0,390.0,PERIODIC_SAMPLE,0,START_8589131,
BUS_2_DIR4_T62573.0,420.0,PERIODIC_SAMPLE,0,START_8589131,
BUS_2_DIR4_T62573.0,450.0,PERIODIC_SAMPLE,0,START_8589131,
BUS_2_DIR4_T62573.0,480.0,PERIODIC_SAMPLE,0,START_8589131,
BUS_2_DIR4_T62573.0,510.0,PERIODIC_SAMPLE,0,START_8589131,
BUS_2_DIR4_T62573.0,540.0,PERIODIC_SAMPLE,0,START_8589131,
BUS_2_DIR4_T62573.0,570.0,PERIODIC_SAMPLE,0,START_8589131,
BUS_2_DIR4_T62573.0,600.0,PERIODIC_SAMPLE,0,START_8589131,
BUS_2_DIR4_T62573.0,630.0,PERIODIC_SAMPLE,0,START_8589131,
BUS_2_DIR4_T62573.0,660.0,PERIODIC_SAMPLE,0,START_8589131,
BUS_2_DIR4_T62573.0,690.0,PERIODIC_SAMPLE,0,START_8589131,
BUS_2_DIR4_T62573.0,720.0,PERIODIC_SAMPLE,0,START_8589131,
BUS_2_DIR4_T62573.0,750.0,PERIODIC_SAMPLE,0,START_8589131,
BUS_2_DIR4_T62573.0,780.0,PERIODIC_SAMPLE,0,START_8589131,
BUS_2_DIR4_T62573.0,810.0,PERIODIC_SAMPLE,0,START_8589131,
BUS_2_DIR4_T62573.0,840.0,PERIODIC_SAMPLE,0,START_8589131,
BUS_2_DIR4_T62573.0,870.0,PERIODIC_SAMPLE,0,START_8589131,
BUS_2_DIR4_T62573.0,900.0,PERIODIC_SAMPLE,0,START_8589131,
BUS_2_DIR4_T62573.0,930.0,PERIODIC_SAMPLE,0,START_8589131,
BUS_2_DIR4_T62573.0,960.0,PERIODIC_SAMPLE,0,START_8589131,
BUS_2_DIR4_T62573.0,990.0,PERIODIC_SAMPLE,0,START_8589131,
BUS_2_DIR4_T62573.0,1020.0,PERIODIC_SAMPLE,0,START_8589131,
BUS_2_DIR4_T62573.0,1050.0,PERIODIC_SAMPLE,0,START_8589131,
BUS_2_DIR4_T62573.0,1080.0,PERIODIC_SAMPLE,0,START_8589131,
BUS_2_DIR4_T62573.0,1110.0,PERIODIC_SAMPLE,0,START_8589131,
BUS_2_DIR4_T62573.0,1140.0,PERIODIC_SAMPLE,0,START_8589131,
BUS_2_DIR4_T62573.0,1170.0,PERIODIC_SAMPLE,0,START_8589131,
BUS_2_DIR4_T62573.0,1200.0,PERIODIC_SAMPLE,0,START_8589131,
BUS_2_DIR4_T62573.0,1230.0,PERIODIC_SAMPLE,0,START_8589131,
BUS_2_DIR4_T62573.0,1260.0,PERIODIC_SAMPLE,0,START_8589131,
BUS_2_DIR4_T62573.0,1290.0,PERIODIC_SAMPLE,0,START_8589131,
BUS_2_DIR4_T62573.0,1320.0,PERIODIC_SAMPLE,0,START_8589131,
BUS_2_DIR4_T62573.0,1350.0,PERIODIC_SAMPLE,0,START_8589131,
BUS_2_DIR4_T62573.0,1380.0,PERIODIC_SAMPLE,0,START_8589131,
BUS_2_DIR4_T62573.0,1410.0,PERIODIC_SAMPLE,0,START_8589131,
BUS_2_DIR4_T62573.0,1440.0,PERIODIC_SAMPLE,0,START_8589131,
BUS_2_DIR4_T62573.0,1470.0,PERIODIC_SAMPLE,0,START_8589131,
BUS_2_DIR4_T62573.0,1500.0,PERIODIC_SAMPLE,0,START_8589131,
BUS_2_DIR4_T62573.0,1530.0,PERIODIC_SAMPLE,0,START_8589131,
BUS_2_DIR4_T62573.0,1560.0,PERIODIC_SAMPLE,0,START_8589131,
BUS_2_DIR4_T62573.0,1590.0,PERIODIC_SAMPLE,0,START_8589131,
BUS_2_DIR4_T62573.0,1620.0,PERIODIC_SAMPLE,0,START_8589131,
BUS_2_DIR4_T62573.0,1650.0,PERIODIC_SAMPLE,0,START_8589131,
BUS_2_DIR4_T62573.0,1680.0,PERIODIC_SAMPLE,0,START_8589131,
BUS_2_DIR4_T62573.0,1710.0,PERIODIC_SAMPLE,0,START_8589131,
BUS_2_DIR4_T62573.0,1740.0,PERIODIC_SAMPLE,0,START_8589131,
BUS_2_DIR4_T62573.0,1770.0,PERIODIC_SAMPLE,0,START_8589131,
BUS_2_DIR4_T62581.0,30.0,PERIODIC_SAMPLE,0,START_8589130,
BUS_2_DIR4_T62581.0,60.0,PERIODIC_SAMPLE,0,START_8589130,
BUS_2_DIR4_T62581.0,90.0,PERIODIC_SAMPLE,0,START_8589130,
BUS_2_DIR4_T62581.0,120.0,PERIODIC_SAMPLE,0,START_8589130,
BUS_2_DIR4_T62581.0,150.0,PERIODIC_SAMPLE,0,START_8589130,
BUS_2_DIR4_T62581.0,180.0,PERIODIC_SAMPLE,0,START_8589130,
BUS_2_DIR4_T62581.0,210.0,PERIODIC_SAMPLE,0,START_8589130,
BUS_2_DIR4_T62581.0,240.0,PERIODIC_SAMPLE,0,START_8589130,
BUS_2_DIR4_T62581.0,270.0,PERIODIC_SAMPLE,0,START_8589130,
BUS_2_DIR4_T62581.0,300.0,PERIODIC_SAMPLE,0,START_8589130,
BUS_2_DIR4_T62581.0,330.0,PERIODIC_SAMPLE,0,START_8589130,
BUS_2_DIR4_T62581.0,360.0,PERIODIC_SAMPLE,0,START_8589130,
BUS_2_DIR4_T62581.0,390.0,PERIODIC_SAMPLE,0,START_8589130,
BUS_2_DIR4_T62581.0,420.0,PERIODIC_SAMPLE,0,START_8589130,
BUS_2_DIR4_T62581.0,450.0,PERIODIC_SAMPLE,0,START_8589130,
BUS_2_DIR4_T62581.0,480.0,PERIODIC_SAMPLE,0,START_8589130,
BUS_2_DIR4_T62581.0,510.0,PERIODIC_SAMPLE,0,START_8589130,
BUS_2_DIR4_T62581.0,540.0,PERIODIC_SAMPLE,0,START_8589130,
BUS_2_DIR4_T62581.0,570.0,PERIODIC_SAMPLE,0,START_8589130,
BUS_2_DIR4_T62581.0,600.0,PERIODIC_SAMPLE,0,START_8589130,
BUS_2_DIR4_T62581.0,630.0,PERIODIC_SAMPLE,0,START_8589130,
BUS_2_DIR4_T62581.0,660.0,PERIODIC_SAMPLE,0,START_8589130,
BUS_2_DIR4_T62581.0,690.0,PERIODIC_SAMPLE,0,START_8589130,
BUS_2_DIR4_T62581.0,720.0,PERIODIC_SAMPLE,0,START_8589130,
BUS_2_DIR4_T62581.0,750.0,PERIODIC_SAMPLE,0,START_8589130,
BUS_2_DIR4_T62581.0,780.0,PERIODIC_SAMPLE,0,START_8589130,
BUS_2_DIR4_T62581.0,810.0,PERIODIC_SAMPLE,0,START_8589130,
BUS_2_DIR4_T62581.0,840.0,PERIODIC_SAMPLE,0,START_8589130,
BUS_2_DIR4_T62581.0,870.0,PERIODIC_SAMPLE,0,START_8589130,
BUS_2_DIR4_T62581.0,900.0,PERIODIC_SAMPLE,0,START_8589130,
BUS_2_DIR4_T62581.0,930.0,PERIODIC_SAMPLE,0,START_8589130,
BUS_2_DIR4_T62581.0,960.0,PERIODIC_SAMPLE,0,START_8589130,
BUS_2_DIR4_T62581.0,990.0,PERIODIC_SAMPLE,0,START_8589130,
BUS_2_DIR4_T62581.0,1020.0,PERIODIC_SAMPLE,0,START_8589130,
BUS_2_DIR4_T62581.0,1050.0,PERIODIC_SAMPLE,0,START_8589130,
BUS_2_DIR4_T62581.0,1080.0,PERIODIC_SAMPLE,0,START_8589130,
BUS_2_DIR4_T62581.0,1110.0,PERIODIC_SAMPLE,0,START_8589130,
BUS_2_DIR4_T62581.0,1140.0,PERIODIC_SAMPLE,0,START_8589130,
BUS_2_DIR4_T62581.0,1170.0,PERIODIC_SAMPLE,0,START_8589130,
BUS_2_DIR4_T62581.0,1200.0,PERIODIC_SAMPLE,0,START_8589130,
BUS_2_DIR4_T62581.0,1230.0,PERIODIC_SAMPLE,0,START_8589130,
BUS_2_DIR4_T62581.0,1260.0,PERIODIC_SAMPLE,0,START_8589130,
BUS_2_DIR4_T62581.0,1290.0,PERIODIC_SAMPLE,0,START_8589130,
BUS_2_DIR4_T62581.0,1320.0,PERIODIC_SAMPLE,0,START_8589130,
BUS_2_DIR4_T62581.0,1350.0,PERIODIC_SAMPLE,0,START_8589130,
BUS_2_DIR4_T62581.0,1380.0,PERIODIC_SAMPLE,0,START_8589130,
BUS_2_DIR4_T62581.0,1410.0,PERIODIC_SAMPLE,0,START_8589130,
BUS_2_DIR4_T62581.0,1440.0,PERIODIC_SAMPLE,0,START_8589130,
BUS_2_DIR4_T62581.0,1470.0,PERIODIC_SAMPLE,0,START_8589130,
BUS_2_DIR4_T62581.0,1500.0,PERIODIC_SAMPLE,0,START_8589130,
BUS_2_DIR4_T62581.0,1530.0,PERIODIC_SAMPLE,0,START_8589130,
BUS_2_DIR4_T62581.0,1560.0,PERIODIC_SAMPLE,0,START_8589130,
BUS_2_DIR4_T62581.0,1590.0,PERIODIC_SAMPLE,0,START_8589130,
BUS_2_DIR4_T62581.0,1620.0,PERIODIC_SAMPLE,0,START_8589130,
BUS_2_DIR4_T62581.0,1650.0,PERIODIC_SAMPLE,0,START_8589130,
BUS_2_DIR4_T62581.0,1680.0,PERIODIC_SAMPLE,0,START_8589130,
BUS_2_DIR4_T62581.0,1710.0,PERIODIC_SAMPLE,0,START_8589130,
BUS_2_DIR4_T62581.0,1740.0,PERIODIC_SAMPLE,0,START_8589130,
BUS_2_DIR4_T62581.0,1770.0,PERIODIC_SAMPLE,0,START_8589130,
BUS_2_DIR4_T62587.0,30.0,PERIODIC_SAMPLE,0,START_8589130,
BUS_2_DIR4_T62587.0,60.0,PERIODIC_SAMPLE,0,START_8589130,
BUS_2_DIR4_T62587.0,90.0,PERIODIC_SAMPLE,0,START_8589130,
BUS_2_DIR4_T62587.0,120.0,PERIODIC_SAMPLE,0,START_8589130,
BUS_2_DIR4_T62587.0,150.0,PERIODIC_SAMPLE,0,START_8589130,
BUS_2_DIR4_T62587.0,180.0,PERIODIC_SAMPLE,0,START_8589130,
BUS_2_DIR4_T62587.0,210.0,PERIODIC_SAMPLE,0,START_8589130,
BUS_2_DIR4_T62587.0,240.0,PERIODIC_SAMPLE,0,START_8589130,
BUS_2_DIR4_T62587.0,270.0,PERIODIC_SAMPLE,0,START_8589130,
BUS_2_DIR4_T62587.0,300.0,PERIODIC_SAMPLE,0,START_8589130,
BUS_2_DIR4_T62587.0,330.0,PERIODIC_SAMPLE,0,START_8589130,
BUS_2_DIR4_T62587.0,360.0,PERIODIC_SAMPLE,0,START_8589130,
BUS_2_DIR4_T62587.0,390.0,PERIODIC_SAMPLE,0,START_8589130,
BUS_2_DIR4_T62587.0,420.0,PERIODIC_SAMPLE,0,START_8589130,
BUS_2_DIR4_T62587.0,450.0,PERIODIC_SAMPLE,0,START_8589130,
BUS_2_DIR4_T62587.0,480.0,PERIODIC_SAMPLE,0,START_8589130,
BUS_2_DIR4_T62587.0,510.0,PERIODIC_SAMPLE,0,START_8589130,
BUS_2_DIR4_T62587.0,540.0,PERIODIC_SAMPLE,0,START_8589130,
BUS_2_DIR4_T62587.0,570.0,PERIODIC_SAMPLE,0,START_8589130,
BUS_2_DIR4_T62587.0,600.0,PERIODIC_SAMPLE,0,START_8589130,
BUS_2_DIR4_T62587.0,630.0,PERIODIC_SAMPLE,0,START_8589130,
BUS_2_DIR4_T62587.0,660.0,PERIODIC_SAMPLE,0,START_8589130,
BUS_2_DIR4_T62587.0,690.0,PERIODIC_SAMPLE,0,START_8589130,
BUS_2_DIR4_T62587.0,720.0,PERIODIC_SAMPLE,0,START_8589130,
BUS_2_DIR4_T62587.0,750.0,PERIODIC_SAMPLE,0,START_8589130,
BUS_2_DIR4_T62587.0,780.0,PERIODIC_SAMPLE,0,START_8589130,
BUS_2_DIR4_T62587.0,810.0,PERIODIC_SAMPLE,0,START_8589130,
BUS_2_DIR4_T62587.0,840.0,PERIODIC_SAMPLE,0,START_8589130,
BUS_2_DIR4_T62587.0,870.0,PERIODIC_SAMPLE,0,START_8589130,
BUS_2_DIR4_T62587.0,900.0,PERIODIC_SAMPLE,0,START_8589130,
BUS_2_DIR4_T62587.0,930.0,PERIODIC_SAMPLE,0,START_8589130,
BUS_2_DIR4_T62587.0,960.0,PERIODIC_SAMPLE,0,START_8589130,
BUS_2_DIR4_T62587.0,990.0,PERIODIC_SAMPLE,0,START_8589130,
BUS_2_DIR4_T62587.0,1020.0,PERIODIC_SAMPLE,0,START_8589130,
BUS_2_DIR4_T62587.0,1050.0,PERIODIC_SAMPLE,0,START_8589130,
BUS_2_DIR4_T62587.0,1080.0,PERIODIC_SAMPLE,0,START_8589130,
BUS_2_DIR4_T62587.0,1110.0,PERIODIC_SAMPLE,0,START_8589130,
BUS_2_DIR4_T62587.0,1140.0,PERIODIC_SAMPLE,0,START_8589130,
BUS_2_DIR4_T62587.0,1170.0,PERIODIC_SAMPLE,0,START_8589130,
BUS_2_DIR4_T62587.0,1200.0,PERIODIC_SAMPLE,0,START_8589130,
BUS_2_DIR4_T62587.0,1230.0,PERIODIC_SAMPLE,0,START_8589130,
BUS_2_DIR4_T62587.0,1260.0,PERIODIC_SAMPLE,0,START_8589130,
BUS_2_DIR4_T62587.0,1290.0,PERIODIC_SAMPLE,0,START_8589130,
BUS_2_DIR4_T62587.0,1320.0,PERIODIC_SAMPLE,0,START_8589130,
BUS_2_DIR4_T62587.0,1350.0,PERIODIC_SAMPLE,0,START_8589130,
BUS_2_DIR4_T62587.0,1380.0,PERIODIC_SAMPLE,0,START_8589130,
BUS_2_DIR4_T62587.0,1410.0,PERIODIC_SAMPLE,0,START_8589130,
BUS_2_DIR4_T62587.0,1440.0,PERIODIC_SAMPLE,0,START_8589130,
BUS_2_DIR4_T62587.0,1470.0,PERIODIC_SAMPLE,0,START_8589130,
BUS_2_DIR4_T62587.0,1500.0,PERIODIC_SAMPLE,0,START_8589130,
BUS_2_DIR4_T62587.0,1530.0,PERIODIC_SAMPLE,0,START_8589130,
BUS_2_DIR4_T62587.0,1560.0,PERIODIC_SAMPLE,0,START_8589130,
BUS_2_DIR4_T62587.0,1590.0,PERIODIC_SAMPLE,0,START_8589130,
BUS_2_DIR4_T62587.0,1620.0,PERIODIC_SAMPLE,0,START_8589130,
BUS_2_DIR4_T62587.0,1650.0,PERIODIC_SAMPLE,0,START_8589130,
BUS_2_DIR4_T62587.0,1680.0,PERIODIC_SAMPLE,0,START_8589130,
BUS_2_DIR4_T62587.0,1710.0,PERIODIC_SAMPLE,0,START_8589130,
BUS_2_DIR4_T62587.0,1740.0,PERIODIC_SAMPLE,0,START_8589130,
BUS_2_DIR4_T62587.0,1770.0,PERIODIC_SAMPLE,0,START_8589130,
BUS_2_DIR4_T62595.0,30.0,PERIODIC_SAMPLE,0,START_8589130,
BUS_2_DIR4_T62595.0,60.0,PERIODIC_SAMPLE,0,START_8589130,
BUS_2_DIR4_T62595.0,90.0,PERIODIC_SAMPLE,0,START_8589130,
BUS_2_DIR4_T62595.0,120.0,PERIODIC_SAMPLE,0,START_8589130,
BUS_2_DIR4_T62595.0,150.0,PERIODIC_SAMPLE,0,START_8589130,
BUS_2_DIR4_T62595.0,180.0,PERIODIC_SAMPLE,0,START_8589130,
BUS_2_DIR4_T62595.0,210.0,PERIODIC_SAMPLE,0,START_8589130,
BUS_2_DIR4_T62595.0,240.0,PERIODIC_SAMPLE,0,START_8589130,
BUS_2_DIR4_T62595.0,270.0,PERIODIC_SAMPLE,0,START_8589130,
BUS_2_DIR4_T62595.0,300.0,PERIODIC_SAMPLE,0,START_8589130,
BUS_2_DIR4_T62595.0,330.0,PERIODIC_SAMPLE,0,START_8589130,
BUS_2_DIR4_T62595.0,360.0,PERIODIC_SAMPLE,0,START_8589130,
BUS_2_DIR4_T62595.0,390.0,PERIODIC_SAMPLE,0,START_8589130,
BUS_2_DIR4_T62595.0,420.0,PERIODIC_SAMPLE,0,START_8589130,
BUS_2_DIR4_T62595.0,450.0,PERIODIC_SAMPLE,0,START_8589130,
BUS_2_DIR4_T62595.0,480.0,PERIODIC_SAMPLE,0,START_8589130,
BUS_2_DIR4_T62595.0,510.0,PERIODIC_SAMPLE,0,START_8589130,
BUS_2_DIR4_T62595.0,540.0,PERIODIC_SAMPLE,0,START_8589130,
BUS_2_DIR4_T62595.0,570.0,PERIODIC_SAMPLE,0,START_8589130,
BUS_2_DIR4_T62595.0,600.0,PERIODIC_SAMPLE,0,START_8589130,
BUS_2_DIR4_T62595.0,630.0,PERIODIC_SAMPLE,0,START_8589130,
BUS_2_DIR4_T62595.0,660.0,PERIODIC_SAMPLE,0,START_8589130,
BUS_2_DIR4_T62595.0,690.0,PERIODIC_SAMPLE,0,START_8589130,
BUS_2_DIR4_T62595.0,720.0,PERIODIC_SAMPLE,0,START_8589130,
BUS_2_DIR4_T62595.0,750.0,PERIODIC_SAMPLE,0,START_8589130,
BUS_2_DIR4_T62595.0,780.0,PERIODIC_SAMPLE,0,START_8589130,
BUS_2_DIR4_T62595.0,810.0,PERIODIC_SAMPLE,0,START_8589130,
BUS_2_DIR4_T62595.0,840.0,PERIODIC_SAMPLE,0,START_8589130,
BUS_2_DIR4_T62595.0,870.0,PERIODIC_SAMPLE,0,START_8589130,
BUS_2_DIR4_T62595.0,900.0,PERIODIC_SAMPLE,0,START_8589130,
BUS_2_DIR4_T62595.0,930.0,PERIODIC_SAMPLE,0,START_8589130,
BUS_2_DIR4_T62595.0,960.0,PERIODIC_SAMPLE,0,START_8589130,
BUS_2_DIR4_T62595.0,990.0,PERIODIC_SAMPLE,0,START_8589130,
BUS_2_DIR4_T62595.0,1020.0,PERIODIC_SAMPLE,0,START_8589130,
BUS_2_DIR4_T62595.0,1050.0,PERIODIC_SAMPLE,0,START_8589130,
BUS_2_DIR4_T62595.0,1080.0,PERIODIC_SAMPLE,0,START_8589130,
BUS_2_DIR4_T62595.0,1110.0,PERIODIC_SAMPLE,0,START_8589130,
BUS_2_DIR4_T62595.0,1140.0,PERIODIC_SAMPLE,0,START_8589130,
BUS_2_DIR4_T62595.0,1170.0,PERIODIC_SAMPLE,0,START_8589130,
BUS_2_DIR4_T62595.0,1200.0,PERIODIC_SAMPLE,0,START_8589130,
BUS_2_DIR4_T62595.0,1230.0,PERIODIC_SAMPLE,0,START_8589130,
BUS_2_DIR4_T62595.0,1260.0,PERIODIC_SAMPLE,0,START_8589130,
BUS_2_DIR4_T62595.0,1290.0,PERIODIC_SAMPLE,0,START_8589130,
BUS_2_DIR4_T62595.0,1320.0,PERIODIC_SAMPLE,0,START_8589130,
BUS_2_DIR4_T62595.0,1350.0,PERIODIC_SAMPLE,0,START_8589130,
BUS_2_DIR4_T62595.0,1380.0,PERIODIC_SAMPLE,0,START_8589130,
BUS_2_DIR4_T62595.0,1410.0,PERIODIC_SAMPLE,0,START_8589130,
BUS_2_DIR4_T62595.0,1440.0,PERIODIC_SAMPLE,0,START_8589130,
BUS_2_DIR4_T62595.0,1470.0,PERIODIC_SAMPLE,0,START_8589130,
BUS_2_DIR4_T62595.0,1500.0,PERIODIC_SAMPLE,0,START_8589130,
BUS_2_DIR4_T62595.0,1530.0,PERIODIC_SAMPLE,0,START_8589130,
BUS_2_DIR4_T62595.0,1560.0,PERIODIC_SAMPLE,0,START_8589130,
BUS_2_DIR4_T62595.0,1590.0,PERIODIC_SAMPLE,0,START_8589130,
BUS_2_DIR4_T62595.0,1620.0,PERIODIC_SAMPLE,0,START_8589130,
BUS_2_DIR4_T62595.0,1650.0,PERIODIC_SAMPLE,0,START_8589130,
BUS_2_DIR4_T62595.0,1680.0,PERIODIC_SAMPLE,0,START_8589130,
BUS_2_DIR4_T62595.0,1710.0,PERIODIC_SAMPLE,0,START_8589130,
BUS_2_DIR4_T62595.0,1740.0,PERIODIC_SAMPLE,0,START_8589130,
BUS_2_DIR4_T62595.0,1770.0,PERIODIC_SAMPLE,0,START_8589130,
BUS_2_DIR4_T62607.0,30.0,PERIODIC_SAMPLE,0,START_8589130,
BUS_2_DIR4_T62607.0,60.0,PERIODIC_SAMPLE,0,START_8589130,
BUS_2_DIR4_T62607.0,90.0,PERIODIC_SAMPLE,0,START_8589130,
BUS_2_DIR4_T62607.0,120.0,PERIODIC_SAMPLE,0,START_8589130,
BUS_2_DIR4_T62607.0,150.0,PERIODIC_SAMPLE,0,START_8589130,
BUS_2_DIR4_T62607.0,180.0,PERIODIC_SAMPLE,0,START_8589130,
BUS_2_DIR4_T62607.0,210.0,PERIODIC_SAMPLE,0,START_8589130,
BUS_2_DIR4_T62607.0,240.0,PERIODIC_SAMPLE,0,START_8589130,
BUS_2_DIR4_T62607.0,270.0,PERIODIC_SAMPLE,0,START_8589130,
BUS_2_DIR4_T62607.0,300.0,PERIODIC_SAMPLE,0,START_8589130,
BUS_2_DIR4_T62607.0,330.0,PERIODIC_SAMPLE,0,START_8589130,
BUS_2_DIR4_T62607.0,360.0,PERIODIC_SAMPLE,0,START_8589130,
BUS_2_DIR4_T62607.0,390.0,PERIODIC_SAMPLE,0,START_8589130,
BUS_2_DIR4_T62607.0,420.0,PERIODIC_SAMPLE,0,START_8589130,
BUS_2_DIR4_T62607.0,450.0,PERIODIC_SAMPLE,0,START_8589130,
BUS_2_DIR4_T62607.0,480.0,PERIODIC_SAMPLE,0,START_8589130,
BUS_2_DIR4_T62607.0,510.0,PERIODIC_SAMPLE,0,START_8589130,
BUS_2_DIR4_T62607.0,540.0,PERIODIC_SAMPLE,0,START_8589130,
BUS_2_DIR4_T62607.0,570.0,PERIODIC_SAMPLE,0,START_8589130,
BUS_2_DIR4_T62607.0,600.0,PERIODIC_SAMPLE,0,START_8589130,
BUS_2_DIR4_T62607.0,630.0,PERIODIC_SAMPLE,0,START_8589130,
BUS_2_DIR4_T62607.0,660.0,PERIODIC_SAMPLE,0,START_8589130,
BUS_2_DIR4_T62607.0,690.0,PERIODIC_SAMPLE,0,START_8589130,
BUS_2_DIR4_T62607.0,720.0,PERIODIC_SAMPLE,0,START_8589130,
BUS_2_DIR4_T62607.0,750.0,PERIODIC_SAMPLE,0,START_8589130,
BUS_2_DIR4_T62607.0,780.0,PERIODIC_SAMPLE,0,START_8589130,
BUS_2_DIR4_T62607.0,810.0,PERIODIC_SAMPLE,0,START_8589130,
BUS_2_DIR4_T62607.0,840.0,PERIODIC_SAMPLE,0,START_8589130,
BUS_2_DIR4_T62607.0,870.0,PERIODIC_SAMPLE,0,START_8589130,
BUS_2_DIR4_T62607.0,900.0,PERIODIC_SAMPLE,0,START_8589130,
BUS_2_DIR4_T62607.0,930.0,PERIODIC_SAMPLE,0,START_8589130,
BUS_2_DIR4_T62607.0,960.0,PERIODIC_SAMPLE,0,START_8589130,
BUS_2_DIR4_T62607.0,990.0,PERIODIC_SAMPLE,0,START_8589130,
BUS_2_DIR4_T62607.0,1020.0,PERIODIC_SAMPLE,0,START_8589130,
BUS_2_DIR4_T62607.0,1050.0,PERIODIC_SAMPLE,0,START_8589130,
BUS_2_DIR4_T62607.0,1080.0,PERIODIC_SAMPLE,0,START_8589130,
BUS_2_DIR4_T62607.0,1110.0,PERIODIC_SAMPLE,0,START_8589130,
BUS_2_DIR4_T62607.0,1140.0,PERIODIC_SAMPLE,0,START_8589130,
BUS_2_DIR4_T62607.0,1170.0,PERIODIC_SAMPLE,0,START_8589130,
BUS_2_DIR4_T62607.0,1200.0,PERIODIC_SAMPLE,0,START_8589130,
BUS_2_DIR4_T62607.0,1230.0,PERIODIC_SAMPLE,0,START_8589130,
BUS_2_DIR4_T62607.0,1260.0,PERIODIC_SAMPLE,0,START_8589130,
BUS_2_DIR4_T62607.0,1290.0,PERIODIC_SAMPLE,0,START_8589130,
BUS_2_DIR4_T62607.0,1320.0,PERIODIC_SAMPLE,0,START_8589130,
BUS_2_DIR4_T62607.0,1350.0,PERIODIC_SAMPLE,0,START_8589130,
BUS_2_DIR4_T62607.0,1380.0,PERIODIC_SAMPLE,0,START_8589130,
BUS_2_DIR4_T62607.0,1410.0,PERIODIC_SAMPLE,0,START_8589130,
BUS_2_DIR4_T62607.0,1440.0,PERIODIC_SAMPLE,0,START_8589130,
BUS_2_DIR4_T62607.0,1470.0,PERIODIC_SAMPLE,0,START_8589130,
BUS_2_DIR4_T62607.0,1500.0,PERIODIC_SAMPLE,0,START_8589130,
BUS_2_DIR4_T62607.0,1530.0,PERIODIC_SAMPLE,0,START_8589130,
BUS_2_DIR4_T62607.0,1560.0,PERIODIC_SAMPLE,0,START_8589130,
BUS_2_DIR4_T62607.0,1590.0,PERIODIC_SAMPLE,0,START_8589130,
BUS_2_DIR4_T62607.0,1620.0,PERIODIC_SAMPLE,0,START_8589130,
BUS_2_DIR4_T62607.0,1650.0,PERIODIC_SAMPLE,0,START_8589130,
BUS_2_DIR4_T62607.0,1680.0,PERIODIC_SAMPLE,0,START_8589130,
BUS_2_DIR4_T62607.0,1710.0,PERIODIC_SAMPLE,0,START_8589130,
BUS_2_DIR4_T62607.0,1740.0,PERIODIC_SAMPLE,0,START_8589130,
BUS_2_DIR4_T62607.0,1770.0,PERIODIC_SAMPLE,0,START_8589130,
BUS_2_DIR4_T62621.0,30.0,PERIODIC_SAMPLE,0,START_8589130,
BUS_2_DIR4_T62621.0,60.0,PERIODIC_SAMPLE,0,START_8589130,
BUS_2_DIR4_T62621.0,90.0,PERIODIC_SAMPLE,0,START_8589130,
BUS_2_DIR4_T62621.0,120.0,PERIODIC_SAMPLE,0,START_8589130,
BUS_2_DIR4_T62621.0,150.0,PERIODIC_SAMPLE,0,START_8589130,
BUS_2_DIR4_T62621.0,180.0,PERIODIC_SAMPLE,0,START_8589130,
BUS_2_DIR4_T62621.0,210.0,PERIODIC_SAMPLE,0,START_8589130,
BUS_2_DIR4_T62621.0,240.0,PERIODIC_SAMPLE,0,START_8589130,
BUS_2_DIR4_T62621.0,270.0,PERIODIC_SAMPLE,0,START_8589130,
BUS_2_DIR4_T62621.0,300.0,PERIODIC_SAMPLE,0,START_8589130,
BUS_2_DIR4_T62621.0,330.0,PERIODIC_SAMPLE,0,START_8589130,
BUS_2_DIR4_T62621.0,360.0,PERIODIC_SAMPLE,0,START_8589130,
BUS_2_DIR4_T62621.0,390.0,PERIODIC_SAMPLE,0,START_8589130,
BUS_2_DIR4_T62621.0,420.0,PERIODIC_SAMPLE,0,START_8589130,
BUS_2_DIR4_T62621.0,450.0,PERIODIC_SAMPLE,0,START_8589130,
BUS_2_DIR4_T62621.0,480.0,PERIODIC_SAMPLE,0,START_8589130,
BUS_2_DIR4_T62621.0,510.0,PERIODIC_SAMPLE,0,START_8589130,
BUS_2_DIR4_T62621.0,540.0,PERIODIC_SAMPLE,0,START_8589130,
BUS_2_DIR4_T62621.0,570.0,PERIODIC_SAMPLE,0,START_8589130,
BUS_2_DIR4_T62621.0,600.0,PERIODIC_SAMPLE,0,START_8589130,
BUS_2_DIR4_T62621.0,630.0,PERIODIC_SAMPLE,0,START_8589130,
BUS_2_DIR4_T62621.0,660.0,PERIODIC_SAMPLE,0,START_8589130,
BUS_2_DIR4_T62621.0,690.0,PERIODIC_SAMPLE,0,START_8589130,
BUS_2_DIR4_T62621.0,720.0,PERIODIC_SAMPLE,0,START_8589130,
BUS_2_DIR4_T62621.0,750.0,PERIODIC_SAMPLE,0,START_8589130,
BUS_2_DIR4_T62621.0,780.0,PERIODIC_SAMPLE,0,START_8589130,
BUS_2_DIR4_T62621.0,810.0,PERIODIC_SAMPLE,0,START_8589130,
BUS_2_DIR4_T62621.0,840.0,PERIODIC_SAMPLE,0,START_8589130,
BUS_2_DIR4_T62621.0,870.0,PERIODIC_SAMPLE,0,START_8589130,
BUS_2_DIR4_T62621.0,900.0,PERIODIC_SAMPLE,0,START_8589130,
BUS_2_DIR4_T62621.0,930.0,PERIODIC_SAMPLE,0,START_8589130,
BUS_2_DIR4_T62621.0,960.0,PERIODIC_SAMPLE,0,START_8589130,
BUS_2_DIR4_T62621.0,990.0,PERIODIC_SAMPLE,0,START_8589130,
BUS_2_DIR4_T62621.0,1020.0,PERIODIC_SAMPLE,0,START_8589130,
BUS_2_DIR4_T62621.0,1050.0,PERIODIC_SAMPLE,0,START_8589130,
BUS_2_DIR4_T62621.0,1080.0,PERIODIC_SAMPLE,0,START_8589130,
BUS_2_DIR4_T62621.0,1110.0,PERIODIC_SAMPLE,0,START_8589130,
BUS_2_DIR4_T62621.0,1140.0,PERIODIC_SAMPLE,0,START_8589130,
BUS_2_DIR4_T62621.0,1170.0,PERIODIC_SAMPLE,0,START_8589130,
BUS_2_DIR4_T62621.0,1200.0,PERIODIC_SAMPLE,0,START_8589130,
BUS_2_DIR4_T62621.0,1230.0,PERIODIC_SAMPLE,0,START_8589130,
BUS_2_DIR4_T62621.0,1260.0,PERIODIC_SAMPLE,0,START_8589130,
BUS_2_DIR4_T62621.0,1290.0,PERIODIC_SAMPLE,0,START_8589130,
BUS_2_DIR4_T62621.0,1320.0,PERIODIC_SAMPLE,0,START_8589130,
BUS_2_DIR4_T62621.0,1350.0,PERIODIC_SAMPLE,0,START_8589130,
BUS_2_DIR4_T62621.0,1380.0,PERIODIC_SAMPLE,0,START_8589130,
BUS_2_DIR4_T62621.0,1410.0,PERIODIC_SAMPLE,0,START_8589130,
BUS_2_DIR4_T62621.0,1440.0,PERIODIC_SAMPLE,0,START_8589130,
BUS_2_DIR4_T62621.0,1470.0,PERIODIC_SAMPLE,0,START_8589130,
BUS_2_DIR4_T62621.0,1500.0,PERIODIC_SAMPLE,0,START_8589130,
BUS_2_DIR4_T62621.0,1530.0,PERIODIC_SAMPLE,0,START_8589130,
BUS_2_DIR4_T62621.0,1560.0,PERIODIC_SAMPLE,0,START_8589130,
BUS_2_DIR4_T62621.0,1590.0,PERIODIC_SAMPLE,0,START_8589130,
BUS_2_DIR4_T62621.0,1620.0,PERIODIC_SAMPLE,0,START_8589130,
BUS_2_DIR4_T62621.0,1650.0,PERIODIC_SAMPLE,0,START_8589130,
BUS_2_DIR4_T62621.0,1680.0,PERIODIC_SAMPLE,0,START_8589130,
BUS_2_DIR4_T62621.0,1710.0,PERIODIC_SAMPLE,0,START_8589130,
BUS_2_DIR4_T62621.0,1740.0,PERIODIC_SAMPLE,0,START_8589130,
BUS_2_DIR4_T62621.0,1770.0,PERIODIC_SAMPLE,0,START_8589130,
BUS_2_DIR4_T62625.0,30.0,PERIODIC_SAMPLE,0,START_8589131,
BUS_2_DIR4_T62625.0,60.0,PERIODIC_SAMPLE,0,START_8589131,
BUS_2_DIR4_T62625.0,90.0,PERIODIC_SAMPLE,0,START_8589131,
BUS_2_DIR4_T62625.0,120.0,PERIODIC_SAMPLE,0,START_8589131,
BUS_2_DIR4_T62625.0,150.0,PERIODIC_SAMPLE,0,START_8589131,
BUS_2_DIR4_T62625.0,180.0,PERIODIC_SAMPLE,0,START_8589131,
BUS_2_DIR4_T62625.0,210.0,PERIODIC_SAMPLE,0,START_8589131,
BUS_2_DIR4_T62625.0,240.0,PERIODIC_SAMPLE,0,START_8589131,
BUS_2_DIR4_T62625.0,270.0,PERIODIC_SAMPLE,0,START_8589131,
BUS_2_DIR4_T62625.0,300.0,PERIODIC_SAMPLE,0,START_8589131,
BUS_2_DIR4_T62625.0,330.0,PERIODIC_SAMPLE,0,START_8589131,
BUS_2_DIR4_T62625.0,360.0,PERIODIC_SAMPLE,0,START_8589131,
BUS_2_DIR4_T62625.0,390.0,PERIODIC_SAMPLE,0,START_8589131,
BUS_2_DIR4_T62625.0,420.0,PERIODIC_SAMPLE,0,START_8589131,
BUS_2_DIR4_T62625.0,450.0,PERIODIC_SAMPLE,0,START_8589131,
BUS_2_DIR4_T62625.0,480.0,PERIODIC_SAMPLE,0,START_8589131,
BUS_2_DIR4_T62625.0,510.0,PERIODIC_SAMPLE,0,START_8589131,
BUS_2_DIR4_T62625.0,540.0,PERIODIC_SAMPLE,0,START_8589131,
BUS_2_DIR4_T62625.0,570.0,PERIODIC_SAMPLE,0,START_8589131,
BUS_2_DIR4_T62625.0,600.0,PERIODIC_SAMPLE,0,START_8589131,
BUS_2_DIR4_T62625.0,630.0,PERIODIC_SAMPLE,0,START_8589131,
BUS_2_DIR4_T62625.0,660.0,PERIODIC_SAMPLE,0,START_8589131,
BUS_2_DIR4_T62625.0,690.0,PERIODIC_SAMPLE,0,START_8589131,
BUS_2_DIR4_T62625.0,720.0,PERIODIC_SAMPLE,0,START_8589131,
BUS_2_DIR4_T62625.0,750.0,PERIODIC_SAMPLE,0,START_8589131,
BUS_2_DIR4_T62625.0,780.0,PERIODIC_SAMPLE,0,START_8589131,
BUS_2_DIR4_T62625.0,810.0,PERIODIC_SAMPLE,0,START_8589131,
BUS_2_DIR4_T62625.0,840.0,PERIODIC_SAMPLE,0,START_8589131,
BUS_2_DIR4_T62625.0,870.0,PERIODIC_SAMPLE,0,START_8589131,
BUS_2_DIR4_T62625.0,900.0,PERIODIC_SAMPLE,0,START_8589131,
BUS_2_DIR4_T62625.0,930.0,PERIODIC_SAMPLE,0,START_8589131,
BUS_2_DIR4_T62625.0,960.0,PERIODIC_SAMPLE,0,START_8589131,
BUS_2_DIR4_T62625.0,990.0,PERIODIC_SAMPLE,0,START_8589131,
BUS_2_DIR4_T62625.0,1020.0,PERIODIC_SAMPLE,0,START_8589131,
BUS_2_DIR4_T62625.0,1050.0,PERIODIC_SAMPLE,0,START_8589131,
BUS_2_DIR4_T62625.0,1080.0,PERIODIC_SAMPLE,0,START_8589131,
BUS_2_DIR4_T62625.0,1110.0,PERIODIC_SAMPLE,0,START_8589131,
BUS_2_DIR4_T62625.0,1140.0,PERIODIC_SAMPLE,0,START_8589131,
BUS_2_DIR4_T62625.0,1170.0,PERIODIC_SAMPLE,0,START_8589131,
BUS_2_DIR4_T62625.0,1200.0,PERIODIC_SAMPLE,0,START_8589131,
BUS_2_DIR4_T62625.0,1230.0,PERIODIC_SAMPLE,0,START_8589131,
BUS_2_DIR4_T62625.0,1260.0,PERIODIC_SAMPLE,0,START_8589131,
BUS_2_DIR4_T62625.0,1290.0,PERIODIC_SAMPLE,0,START_8589131,
BUS_2_DIR4_T62625.0,1320.0,PERIODIC_SAMPLE,0,START_8589131,
BUS_2_DIR4_T62625.0,1350.0,PERIODIC_SAMPLE,0,START_8589131,
BUS_2_DIR4_T62625.0,1380.0,PERIODIC_SAMPLE,0,START_8589131,
BUS_2_DIR4_T62625.0,1410.0,PERIODIC_SAMPLE,0,START_8589131,
BUS_2_DIR4_T62625.0,1440.0,PERIODIC_SAMPLE,0,START_8589131,
BUS_2_DIR4_T62625.0,1470.0,PERIODIC_SAMPLE,0,START_8589131,
BUS_2_DIR4_T62625.0,1500.0,PERIODIC_SAMPLE,0,START_8589131,
BUS_2_DIR4_T62625.0,1530.0,PERIODIC_SAMPLE,0,START_8589131,
BUS_2_DIR4_T62625.0,1560.0,PERIODIC_SAMPLE,0,START_8589131,
BUS_2_DIR4_T62625.0,1590.0,PERIODIC_SAMPLE,0,START_8589131,
BUS_2_DIR4_T62625.0,1620.0,PERIODIC_SAMPLE,0,START_8589131,
BUS_2_DIR4_T62625.0,1650.0,PERIODIC_SAMPLE,0,START_8589131,
BUS_2_DIR4_T62625.0,1680.0,PERIODIC_SAMPLE,0,START_8589131,
BUS_2_DIR4_T62625.0,1710.0,PERIODIC_SAMPLE,0,START_8589131,
BUS_2_DIR4_T62625.0,1740.0,PERIODIC_SAMPLE,0,START_8589131,
BUS_2_DIR4_T62625.0,1770.0,PERIODIC_SAMPLE,0,START_8589131,
BUS_2_DIR4_T62633.0,30.0,PERIODIC_SAMPLE,0,START_8589130,
BUS_2_DIR4_T62633.0,60.0,PERIODIC_SAMPLE,0,START_8589130,
BUS_2_DIR4_T62633.0,90.0,PERIODIC_SAMPLE,0,START_8589130,
BUS_2_DIR4_T62633.0,120.0,PERIODIC_SAMPLE,0,START_8589130,
BUS_2_DIR4_T62633.0,150.0,PERIODIC_SAMPLE,0,START_8589130,
BUS_2_DIR4_T62633.0,180.0,PERIODIC_SAMPLE,0,START_8589130,
BUS_2_DIR4_T62633.0,210.0,PERIODIC_SAMPLE,0,START_8589130,
BUS_2_DIR4_T62633.0,240.0,PERIODIC_SAMPLE,0,START_8589130,
BUS_2_DIR4_T62633.0,270.0,PERIODIC_SAMPLE,0,START_8589130,
BUS_2_DIR4_T62633.0,300.0,PERIODIC_SAMPLE,0,START_8589130,
BUS_2_DIR4_T62633.0,330.0,PERIODIC_SAMPLE,0,START_8589130,
BUS_2_DIR4_T62633.0,360.0,PERIODIC_SAMPLE,0,START_8589130,
BUS_2_DIR4_T62633.0,390.0,PERIODIC_SAMPLE,0,START_8589130,
BUS_2_DIR4_T62633.0,420.0,PERIODIC_SAMPLE,0,START_8589130,
BUS_2_DIR4_T62633.0,450.0,PERIODIC_SAMPLE,0,START_8589130,
BUS_2_DIR4_T62633.0,480.0,PERIODIC_SAMPLE,0,START_8589130,
BUS_2_DIR4_T62633.0,510.0,PERIODIC_SAMPLE,0,START_8589130,
BUS_2_DIR4_T62633.0,540.0,PERIODIC_SAMPLE,0,START_8589130,
BUS_2_DIR4_T62633.0,570.0,PERIODIC_SAMPLE,0,START_8589130,
BUS_2_DIR4_T62633.0,600.0,PERIODIC_SAMPLE,0,START_8589130,
BUS_2_DIR4_T62633.0,630.0,PERIODIC_SAMPLE,0,START_8589130,
BUS_2_DIR4_T62633.0,660.0,PERIODIC_SAMPLE,0,START_8589130,
BUS_2_DIR4_T62633.0,690.0,PERIODIC_SAMPLE,0,START_8589130,
BUS_2_DIR4_T62633.0,720.0,PERIODIC_SAMPLE,0,START_8589130,
BUS_2_DIR4_T62633.0,750.0,PERIODIC_SAMPLE,0,START_8589130,
BUS_2_DIR4_T62633.0,780.0,PERIODIC_SAMPLE,0,START_8589130,
BUS_2_DIR4_T62633.0,810.0,PERIODIC_SAMPLE,0,START_8589130,
BUS_2_DIR4_T62633.0,840.0,PERIODIC_SAMPLE,0,START_8589130,
BUS_2_DIR4_T62633.0,870.0,PERIODIC_SAMPLE,0,START_8589130,
BUS_2_DIR4_T62633.0,900.0,PERIODIC_SAMPLE,0,START_8589130,
BUS_2_DIR4_T62633.0,930.0,PERIODIC_SAMPLE,0,START_8589130,
BUS_2_DIR4_T62633.0,960.0,PERIODIC_SAMPLE,0,START_8589130,
BUS_2_DIR4_T62633.0,990.0,PERIODIC_SAMPLE,0,START_8589130,
BUS_2_DIR4_T62633.0,1020.0,PERIODIC_SAMPLE,0,START_8589130,
BUS_2_DIR4_T62633.0,1050.0,PERIODIC_SAMPLE,0,START_8589130,
BUS_2_DIR4_T62633.0,1080.0,PERIODIC_SAMPLE,0,START_8589130,
BUS_2_DIR4_T62633.0,1110.0,PERIODIC_SAMPLE,0,START_8589130,
BUS_2_DIR4_T62633.0,1140.0,PERIODIC_SAMPLE,0,START_8589130,
BUS_2_DIR4_T62633.0,1170.0,PERIODIC_SAMPLE,0,START_8589130,
BUS_2_DIR4_T62633.0,1200.0,PERIODIC_SAMPLE,0,START_8589130,
BUS_2_DIR4_T62633.0,1230.0,PERIODIC_SAMPLE,0,START_8589130,
BUS_2_DIR4_T62633.0,1260.0,PERIODIC_SAMPLE,0,START_8589130,
BUS_2_DIR4_T62633.0,1290.0,PERIODIC_SAMPLE,0,START_8589130,
BUS_2_DIR4_T62633.0,1320.0,PERIODIC_SAMPLE,0,START_8589130,
BUS_2_DIR4_T62633.0,1350.0,PERIODIC_SAMPLE,0,START_8589130,
BUS_2_DIR4_T62633.0,1380.0,PERIODIC_SAMPLE,0,START_8589130,
BUS_2_DIR4_T62633.0,1410.0,PERIODIC_SAMPLE,0,START_8589130,
BUS_2_DIR4_T62633.0,1440.0,PERIODIC_SAMPLE,0,START_8589130,
BUS_2_DIR4_T62633.0,1470.0,PERIODIC_SAMPLE,0,START_8589130,
BUS_2_DIR4_T62633.0,1500.0,PERIODIC_SAMPLE,0,START_8589130,
BUS_2_DIR4_T62633.0,1530.0,PERIODIC_SAMPLE,0,START_8589130,
BUS_2_DIR4_T62633.0,1560.0,PERIODIC_SAMPLE,0,START_8589130,
BUS_2_DIR4_T62633.0,1590.0,PERIODIC_SAMPLE,0,START_8589130,
BUS_2_DIR4_T62633.0,1620.0,PERIODIC_SAMPLE,0,START_8589130,
BUS_2_DIR4_T62633.0,1650.0,PERIODIC_SAMPLE,0,START_8589130,
BUS_2_DIR4_T62633.0,1680.0,PERIODIC_SAMPLE,0,START_8589130,
BUS_2_DIR4_T62633.0,1710.0,PERIODIC_SAMPLE,0,START_8589130,
BUS_2_DIR4_T62633.0,1740.0,PERIODIC_SAMPLE,0,START_8589130,
BUS_2_DIR4_T62633.0,1770.0,PERIODIC_SAMPLE,0,START_8589130,
BUS_2_DIR4_T62639.0,30.0,PERIODIC_SAMPLE,0,START_8589130,
BUS_2_DIR4_T62639.0,60.0,PERIODIC_SAMPLE,0,START_8589130,
BUS_2_DIR4_T62639.0,90.0,PERIODIC_SAMPLE,0,START_8589130,
BUS_2_DIR4_T62639.0,120.0,PERIODIC_SAMPLE,0,START_8589130,
BUS_2_DIR4_T62639.0,150.0,PERIODIC_SAMPLE,0,START_8589130,
BUS_2_DIR4_T62639.0,180.0,PERIODIC_SAMPLE,0,START_8589130,
BUS_2_DIR4_T62639.0,210.0,PERIODIC_SAMPLE,0,START_8589130,
BUS_2_DIR4_T62639.0,240.0,PERIODIC_SAMPLE,0,START_8589130,
BUS_2_DIR4_T62639.0,270.0,PERIODIC_SAMPLE,0,START_8589130,
BUS_2_DIR4_T62639.0,300.0,PERIODIC_SAMPLE,0,START_8589130,
BUS_2_DIR4_T62639.0,330.0,PERIODIC_SAMPLE,0,START_8589130,
BUS_2_DIR4_T62639.0,360.0,PERIODIC_SAMPLE,0,START_8589130,
BUS_2_DIR4_T62639.0,390.0,PERIODIC_SAMPLE,0,START_8589130,
BUS_2_DIR4_T62639.0,420.0,PERIODIC_SAMPLE,0,START_8589130,
BUS_2_DIR4_T62639.0,450.0,PERIODIC_SAMPLE,0,START_8589130,
BUS_2_DIR4_T62639.0,480.0,PERIODIC_SAMPLE,0,START_8589130,
BUS_2_DIR4_T62639.0,510.0,PERIODIC_SAMPLE,0,START_8589130,
BUS_2_DIR4_T62639.0,540.0,PERIODIC_SAMPLE,0,START_8589130,
BUS_2_DIR4_T62639.0,570.0,PERIODIC_SAMPLE,0,START_8589130,
BUS_2_DIR4_T62639.0,600.0,PERIODIC_SAMPLE,0,START_8589130,
BUS_2_DIR4_T62639.0,630.0,PERIODIC_SAMPLE,0,START_8589130,
BUS_2_DIR4_T62639.0,660.0,PERIODIC_SAMPLE,0,START_8589130,
BUS_2_DIR4_T62639.0,690.0,PERIODIC_SAMPLE,0,START_8589130,
BUS_2_DIR4_T62639.0,720.0,PERIODIC_SAMPLE,0,START_8589130,
BUS_2_DIR4_T62639.0,750.0,PERIODIC_SAMPLE,0,START_8589130,
BUS_2_DIR4_T62639.0,780.0,PERIODIC_SAMPLE,0,START_8589130,
BUS_2_DIR4_T62639.0,810.0,PERIODIC_SAMPLE,0,START_8589130,
BUS_2_DIR4_T62639.0,840.0,PERIODIC_SAMPLE,0,START_8589130,
BUS_2_DIR4_T62639.0,870.0,PERIODIC_SAMPLE,0,START_8589130,
BUS_2_DIR4_T62639.0,900.0,PERIODIC_SAMPLE,0,START_8589130,
BUS_2_DIR4_T62639.0,930.0,PERIODIC_SAMPLE,0,START_8589130,
BUS_2_DIR4_T62639.0,960.0,PERIODIC_SAMPLE,0,START_8589130,
BUS_2_DIR4_T62639.0,990.0,PERIODIC_SAMPLE,0,START_8589130,
BUS_2_DIR4_T62639.0,1020.0,PERIODIC_SAMPLE,0,START_8589130,
BUS_2_DIR4_T62639.0,1050.0,PERIODIC_SAMPLE,0,START_8589130,
BUS_2_DIR4_T62639.0,1080.0,PERIODIC_SAMPLE,0,START_8589130,
BUS_2_DIR4_T62639.0,1110.0,PERIODIC_SAMPLE,0,START_8589130,
BUS_2_DIR4_T62639.0,1140.0,PERIODIC_SAMPLE,0,START_8589130,
BUS_2_DIR4_T62639.0,1170.0,PERIODIC_SAMPLE,0,START_8589130,
BUS_2_DIR4_T62639.0,1200.0,PERIODIC_SAMPLE,0,START_8589130,
BUS_2_DIR4_T62639.0,1230.0,PERIODIC_SAMPLE,0,START_8589130,
BUS_2_DIR4_T62639.0,1260.0,PERIODIC_SAMPLE,0,START_8589130,
BUS_2_DIR4_T62639.0,1290.0,PERIODIC_SAMPLE,0,START_8589130,
BUS_2_DIR4_T62639.0,1320.0,PERIODIC_SAMPLE,0,START_8589130,
BUS_2_DIR4_T62639.0,1350.0,PERIODIC_SAMPLE,0,START_8589130,
BUS_2_DIR4_T62639.0,1380.0,PERIODIC_SAMPLE,0,START_8589130,
BUS_2_DIR4_T62639.0,1410.0,PERIODIC_SAMPLE,0,START_8589130,
BUS_2_DIR4_T62639.0,1440.0,PERIODIC_SAMPLE,0,START_8589130,
BUS_2_DIR4_T62639.0,1470.0,PERIODIC_SAMPLE,0,START_8589130,
BUS_2_DIR4_T62639.0,1500.0,PERIODIC_SAMPLE,0,START_8589130,
BUS_2_DIR4_T62639.0,1530.0,PERIODIC_SAMPLE,0,START_8589130,
BUS_2_DIR4_T62639.0,1560.0,PERIODIC_SAMPLE,0,START_8589130,
BUS_2_DIR4_T62639.0,1590.0,PERIODIC_SAMPLE,0,START_8589130,
BUS_2_DIR4_T62639.0,1620.0,PERIODIC_SAMPLE,0,START_8589130,
BUS_2_DIR4_T62639.0,1650.0,PERIODIC_SAMPLE,0,START_8589130,
BUS_2_DIR4_T62639.0,1680.0,PERIODIC_SAMPLE,0,START_8589130,
BUS_2_DIR4_T62639.0,1710.0,PERIODIC_SAMPLE,0,START_8589130,
BUS_2_DIR4_T62639.0,1740.0,PERIODIC_SAMPLE,0,START_8589130,
BUS_2_DIR4_T62639.0,1770.0,PERIODIC_SAMPLE,0,START_8589130,
BUS_2_DIR4_T62653.0,30.0,PERIODIC_SAMPLE,0,START_8589130,
BUS_2_DIR4_T62653.0,60.0,PERIODIC_SAMPLE,0,START_8589130,
BUS_2_DIR4_T62653.0,90.0,PERIODIC_SAMPLE,0,START_8589130,
BUS_2_DIR4_T62653.0,120.0,PERIODIC_SAMPLE,0,START_8589130,
BUS_2_DIR4_T62653.0,150.0,PERIODIC_SAMPLE,0,START_8589130,
BUS_2_DIR4_T62653.0,180.0,PERIODIC_SAMPLE,0,START_8589130,
BUS_2_DIR4_T62653.0,210.0,PERIODIC_SAMPLE,0,START_8589130,
BUS_2_DIR4_T62653.0,240.0,PERIODIC_SAMPLE,0,START_8589130,
BUS_2_DIR4_T62653.0,270.0,PERIODIC_SAMPLE,0,START_8589130,
BUS_2_DIR4_T62653.0,300.0,PERIODIC_SAMPLE,0,START_8589130,
BUS_2_DIR4_T62653.0,330.0,PERIODIC_SAMPLE,0,START_8589130,
BUS_2_DIR4_T62653.0,360.0,PERIODIC_SAMPLE,0,START_8589130,
BUS_2_DIR4_T62653.0,390.0,PERIODIC_SAMPLE,0,START_8589130,
BUS_2_DIR4_T62653.0,420.0,PERIODIC_SAMPLE,0,START_8589130,
BUS_2_DIR4_T62653.0,450.0,PERIODIC_SAMPLE,0,START_8589130,
BUS_2_DIR4_T62653.0,480.0,PERIODIC_SAMPLE,0,START_8589130,
BUS_2_DIR4_T62653.0,510.0,PERIODIC_SAMPLE,0,START_8589130,
BUS_2_DIR4_T62653.0,540.0,PERIODIC_SAMPLE,0,START_8589130,
BUS_2_DIR4_T62653.0,570.0,PERIODIC_SAMPLE,0,START_8589130,
BUS_2_DIR4_T62653.0,600.0,PERIODIC_SAMPLE,0,START_8589130,
BUS_2_DIR4_T62653.0,630.0,PERIODIC_SAMPLE,0,START_8589130,
BUS_2_DIR4_T62653.0,660.0,PERIODIC_SAMPLE,0,START_8589130,
BUS_2_DIR4_T62653.0,690.0,PERIODIC_SAMPLE,0,START_8589130,
BUS_2_DIR4_T62653.0,720.0,PERIODIC_SAMPLE,0,START_8589130,
BUS_2_DIR4_T62653.0,750.0,PERIODIC_SAMPLE,0,START_8589130,
BUS_2_DIR4_T62653.0,780.0,PERIODIC_SAMPLE,0,START_8589130,
BUS_2_DIR4_T62653.0,810.0,PERIODIC_SAMPLE,0,START_8589130,
BUS_2_DIR4_T62653.0,840.0,PERIODIC_SAMPLE,0,START_8589130,
BUS_2_DIR4_T62653.0,870.0,PERIODIC_SAMPLE,0,START_8589130,
BUS_2_DIR4_T62653.0,900.0,PERIODIC_SAMPLE,0,START_8589130,
BUS_2_DIR4_T62653.0,930.0,PERIODIC_SAMPLE,0,START_8589130,
BUS_2_DIR4_T62653.0,960.0,PERIODIC_SAMPLE,0,START_8589130,
BUS_2_DIR4_T62653.0,990.0,PERIODIC_SAMPLE,0,START_8589130,
BUS_2_DIR4_T62653.0,1020.0,PERIODIC_SAMPLE,0,START_8589130,
BUS_2_DIR4_T62653.0,1050.0,PERIODIC_SAMPLE,0,START_8589130,
BUS_2_DIR4_T62653.0,1080.0,PERIODIC_SAMPLE,0,START_8589130,
BUS_2_DIR4_T62653.0,1110.0,PERIODIC_SAMPLE,0,START_8589130,
BUS_2_DIR4_T62653.0,1140.0,PERIODIC_SAMPLE,0,START_8589130,
BUS_2_DIR4_T62653.0,1170.0,PERIODIC_SAMPLE,0,START_8589130,
BUS_2_DIR4_T62653.0,1200.0,PERIODIC_SAMPLE,0,START_8589130,
BUS_2_DIR4_T62653.0,1230.0,PERIODIC_SAMPLE,0,START_8589130,
BUS_2_DIR4_T62653.0,1260.0,PERIODIC_SAMPLE,0,START_8589130,
BUS_2_DIR4_T62653.0,1290.0,PERIODIC_SAMPLE,0,START_8589130,
BUS_2_DIR4_T62653.0,1320.0,PERIODIC_SAMPLE,0,START_8589130,
BUS_2_DIR4_T62653.0,1350.0,PERIODIC_SAMPLE,0,START_8589130,
BUS_2_DIR4_T62653.0,1380.0,PERIODIC_SAMPLE,0,START_8589130,
BUS_2_DIR4_T62653.0,1410.0,PERIODIC_SAMPLE,0,START_8589130,
BUS_2_DIR4_T62653.0,1440.0,PERIODIC_SAMPLE,0,START_8589130,
BUS_2_DIR4_T62653.0,1470.0,PERIODIC_SAMPLE,0,START_8589130,
BUS_2_DIR4_T62653.0,1500.0,PERIODIC_SAMPLE,0,START_8589130,
BUS_2_DIR4_T62653.0,1530.0,PERIODIC_SAMPLE,0,START_8589130,
BUS_2_DIR4_T62653.0,1560.0,PERIODIC_SAMPLE,0,START_8589130,
BUS_2_DIR4_T62653.0,1590.0,PERIODIC_SAMPLE,0,START_8589130,
BUS_2_DIR4_T62653.0,1620.0,PERIODIC_SAMPLE,0,START_8589130,
BUS_2_DIR4_T62653.0,1650.0,PERIODIC_SAMPLE,0,START_8589130,
BUS_2_DIR4_T62653.0,1680.0,PERIODIC_SAMPLE,0,START_8589130,
BUS_2_DIR4_T62653.0,1710.0,PERIODIC_SAMPLE,0,START_8589130,
BUS_2_DIR4_T62653.0,1740.0,PERIODIC_SAMPLE,0,START_8589130,
BUS_2_DIR4_T62653.0,1770.0,PERIODIC_SAMPLE,0,START_8589130,
BUS_2_DIR4_T62657.0,30.0,PERIODIC_SAMPLE,0,START_8589130,
BUS_2_DIR4_T62657.0,60.0,PERIODIC_SAMPLE,0,START_8589130,
BUS_2_DIR4_T62657.0,90.0,PERIODIC_SAMPLE,0,START_8589130,
BUS_2_DIR4_T62657.0,120.0,PERIODIC_SAMPLE,0,START_8589130,
BUS_2_DIR4_T62657.0,150.0,PERIODIC_SAMPLE,0,START_8589130,
BUS_2_DIR4_T62657.0,180.0,PERIODIC_SAMPLE,0,START_8589130,
BUS_2_DIR4_T62657.0,210.0,PERIODIC_SAMPLE,0,START_8589130,
BUS_2_DIR4_T62657.0,240.0,PERIODIC_SAMPLE,0,START_8589130,
BUS_2_DIR4_T62657.0,270.0,PERIODIC_SAMPLE,0,START_8589130,
BUS_2_DIR4_T62657.0,300.0,PERIODIC_SAMPLE,0,START_8589130,
BUS_2_DIR4_T62657.0,330.0,PERIODIC_SAMPLE,0,START_8589130,
BUS_2_DIR4_T62657.0,360.0,PERIODIC_SAMPLE,0,START_8589130,
BUS_2_DIR4_T62657.0,390.0,PERIODIC_SAMPLE,0,START_8589130,
BUS_2_DIR4_T62657.0,420.0,PERIODIC_SAMPLE,0,START_8589130,
BUS_2_DIR4_T62657.0,450.0,PERIODIC_SAMPLE,0,START_8589130,
BUS_2_DIR4_T62657.0,480.0,PERIODIC_SAMPLE,0,START_8589130,
BUS_2_DIR4_T62657.0,510.0,PERIODIC_SAMPLE,0,START_8589130,
BUS_2_DIR4_T62657.0,540.0,PERIODIC_SAMPLE,0,START_8589130,
BUS_2_DIR4_T62657.0,570.0,PERIODIC_SAMPLE,0,START_8589130,
BUS_2_DIR4_T62657.0,600.0,PERIODIC_SAMPLE,0,START_8589130,
BUS_2_DIR4_T62657.0,630.0,PERIODIC_SAMPLE,0,START_8589130,
BUS_2_DIR4_T62657.0,660.0,PERIODIC_SAMPLE,0,START_8589130,
BUS_2_DIR4_T62657.0,690.0,PERIODIC_SAMPLE,0,START_8589130,
BUS_2_DIR4_T62657.0,720.0,PERIODIC_SAMPLE,0,START_8589130,
BUS_2_DIR4_T62657.0,750.0,PERIODIC_SAMPLE,0,START_8589130,
BUS_2_DIR4_T62657.0,780.0,PERIODIC_SAMPLE,0,START_8589130,
BUS_2_DIR4_T62657.0,810.0,PERIODIC_SAMPLE,0,START_8589130,
BUS_2_DIR4_T62657.0,840.0,PERIODIC_SAMPLE,0,START_8589130,
BUS_2_DIR4_T62657.0,870.0,PERIODIC_SAMPLE,0,START_8589130,
BUS_2_DIR4_T62657.0,900.0,PERIODIC_SAMPLE,0,START_8589130,
BUS_2_DIR4_T62657.0,930.0,PERIODIC_SAMPLE,0,START_8589130,
BUS_2_DIR4_T62657.0,960.0,PERIODIC_SAMPLE,0,START_8589130,
BUS_2_DIR4_T62657.0,990.0,PERIODIC_SAMPLE,0,START_8589130,
BUS_2_DIR4_T62657.0,1020.0,PERIODIC_SAMPLE,0,START_8589130,
BUS_2_DIR4_T62657.0,1050.0,PERIODIC_SAMPLE,0,START_8589130,
BUS_2_DIR4_T62657.0,1080.0,PERIODIC_SAMPLE,0,START_8589130,
BUS_2_DIR4_T62657.0,1110.0,PERIODIC_SAMPLE,0,START_8589130,
BUS_2_DIR4_T62657.0,1140.0,PERIODIC_SAMPLE,0,START_8589130,
BUS_2_DIR4_T62657.0,1170.0,PERIODIC_SAMPLE,0,START_8589130,
BUS_2_DIR4_T62657.0,1200.0,PERIODIC_SAMPLE,0,START_8589130,
BUS_2_DIR4_T62657.0,1230.0,PERIODIC_SAMPLE,0,START_8589130,
BUS_2_DIR4_T62657.0,1260.0,PERIODIC_SAMPLE,0,START_8589130,
BUS_2_DIR4_T62657.0,1290.0,PERIODIC_SAMPLE,0,START_8589130,
BUS_2_DIR4_T62657.0,1320.0,PERIODIC_SAMPLE,0,START_8589130,
BUS_2_DIR4_T62657.0,1350.0,PERIODIC_SAMPLE,0,START_8589130,
BUS_2_DIR4_T62657.0,1380.0,PERIODIC_SAMPLE,0,START_8589130,
BUS_2_DIR4_T62657.0,1410.0,PERIODIC_SAMPLE,0,START_8589130,
BUS_2_DIR4_T62657.0,1440.0,PERIODIC_SAMPLE,0,START_8589130,
BUS_2_DIR4_T62657.0,1470.0,PERIODIC_SAMPLE,0,START_8589130,
BUS_2_DIR4_T62657.0,1500.0,PERIODIC_SAMPLE,0,START_8589130,
BUS_2_DIR4_T62657.0,1530.0,PERIODIC_SAMPLE,0,START_8589130,
BUS_2_DIR4_T62657.0,1560.0,PERIODIC_SAMPLE,0,START_8589130,
BUS_2_DIR4_T62657.0,1590.0,PERIODIC_SAMPLE,0,START_8589130,
BUS_2_DIR4_T62657.0,1620.0,PERIODIC_SAMPLE,0,START_8589130,
BUS_2_DIR4_T62657.0,1650.0,PERIODIC_SAMPLE,0,START_8589130,
BUS_2_DIR4_T62657.0,1680.0,PERIODIC_SAMPLE,0,START_8589130,
BUS_2_DIR4_T62657.0,1710.0,PERIODIC_SAMPLE,0,START_8589130,
BUS_2_DIR4_T62657.0,1740.0,PERIODIC_SAMPLE,0,START_8589130,
BUS_2_DIR4_T62657.0,1770.0,PERIODIC_SAMPLE,0,START_8589130,
BUS_2_DIR4_T62665.0,30.0,PERIODIC_SAMPLE,0,START_8592374,
BUS_2_DIR4_T62665.0,60.0,PERIODIC_SAMPLE,0,START_8592374,
BUS_2_DIR4_T62665.0,90.0,PERIODIC_SAMPLE,0,START_8592374,
BUS_2_DIR4_T62665.0,120.0,PERIODIC_SAMPLE,0,START_8592374,
BUS_2_DIR4_T62665.0,150.0,PERIODIC_SAMPLE,0,START_8592374,
BUS_2_DIR4_T62665.0,180.0,PERIODIC_SAMPLE,0,START_8592374,
BUS_2_DIR4_T62665.0,210.0,PERIODIC_SAMPLE,0,START_8592374,
BUS_2_DIR4_T62665.0,240.0,PERIODIC_SAMPLE,0,START_8592374,
BUS_2_DIR4_T62665.0,270.0,PERIODIC_SAMPLE,0,START_8592374,
BUS_2_DIR4_T62665.0,300.0,PERIODIC_SAMPLE,0,START_8592374,
BUS_2_DIR4_T62665.0,330.0,PERIODIC_SAMPLE,0,START_8592374,
BUS_2_DIR4_T62665.0,360.0,PERIODIC_SAMPLE,0,START_8592374,
BUS_2_DIR4_T62665.0,390.0,PERIODIC_SAMPLE,0,START_8592374,
BUS_2_DIR4_T62665.0,420.0,PERIODIC_SAMPLE,0,START_8592374,
BUS_2_DIR4_T62665.0,450.0,PERIODIC_SAMPLE,0,START_8592374,
BUS_2_DIR4_T62665.0,480.0,PERIODIC_SAMPLE,0,START_8592374,
BUS_2_DIR4_T62665.0,510.0,PERIODIC_SAMPLE,0,START_8592374,
BUS_2_DIR4_T62665.0,540.0,PERIODIC_SAMPLE,0,START_8592374,
BUS_2_DIR4_T62665.0,570.0,PERIODIC_SAMPLE,0,START_8592374,
BUS_2_DIR4_T62665.0,600.0,PERIODIC_SAMPLE,0,START_8592374,
BUS_2_DIR4_T62665.0,630.0,PERIODIC_SAMPLE,0,START_8592374,
BUS_2_DIR4_T62665.0,660.0,PERIODIC_SAMPLE,0,START_8592374,
BUS_2_DIR4_T62665.0,690.0,PERIODIC_SAMPLE,0,START_8592374,
BUS_2_DIR4_T62665.0,720.0,PERIODIC_SAMPLE,0,START_8592374,
BUS_2_DIR4_T62665.0,750.0,PERIODIC_SAMPLE,0,START_8592374,
BUS_2_DIR4_T62665.0,780.0,PERIODIC_SAMPLE,0,START_8592374,
BUS_2_DIR4_T62665.0,810.0,PERIODIC_SAMPLE,0,START_8592374,
BUS_2_DIR4_T62665.0,840.0,PERIODIC_SAMPLE,0,START_8592374,
BUS_2_DIR4_T62665.0,870.0,PERIODIC_SAMPLE,0,START_8592374,
BUS_2_DIR4_T62665.0,900.0,PERIODIC_SAMPLE,0,START_8592374,
BUS_2_DIR4_T62665.0,930.0,PERIODIC_SAMPLE,0,START_8592374,
BUS_2_DIR4_T62665.0,960.0,PERIODIC_SAMPLE,0,START_8592374,
BUS_2_DIR4_T62665.0,990.0,PERIODIC_SAMPLE,0,START_8592374,
BUS_2_DIR4_T62665.0,1020.0,PERIODIC_SAMPLE,0,START_8592374,
BUS_2_DIR4_T62665.0,1050.0,PERIODIC_SAMPLE,0,START_8592374,
BUS_2_DIR4_T62665.0,1080.0,PERIODIC_SAMPLE,0,START_8592374,
BUS_2_DIR4_T62665.0,1110.0,PERIODIC_SAMPLE,0,START_8592374,
BUS_2_DIR4_T62665.0,1140.0,PERIODIC_SAMPLE,0,START_8592374,
BUS_2_DIR4_T62665.0,1170.0,PERIODIC_SAMPLE,0,START_8592374,
BUS_2_DIR4_T62665.0,1200.0,PERIODIC_SAMPLE,0,START_8592374,
BUS_2_DIR4_T62665.0,1230.0,PERIODIC_SAMPLE,0,START_8592374,
BUS_2_DIR4_T62665.0,1260.0,PERIODIC_SAMPLE,0,START_8592374,
BUS_2_DIR4_T62665.0,1290.0,PERIODIC_SAMPLE,0,START_8592374,
BUS_2_DIR4_T62665.0,1320.0,PERIODIC_SAMPLE,0,START_8592374,
BUS_2_DIR4_T62665.0,1350.0,PERIODIC_SAMPLE,0,START_8592374,
BUS_2_DIR4_T62665.0,1380.0,PERIODIC_SAMPLE,0,START_8592374,
BUS_2_DIR4_T62665.0,1410.0,PERIODIC_SAMPLE,0,START_8592374,
BUS_2_DIR4_T62665.0,1440.0,PERIODIC_SAMPLE,0,START_8592374,
BUS_2_DIR4_T62665.0,1470.0,PERIODIC_SAMPLE,0,START_8592374,
BUS_2_DIR4_T62665.0,1500.0,PERIODIC_SAMPLE,0,START_8592374,
BUS_2_DIR4_T62665.0,1530.0,PERIODIC_SAMPLE,0,START_8592374,
BUS_2_DIR4_T62665.0,1560.0,PERIODIC_SAMPLE,0,START_8592374,
BUS_2_DIR4_T62665.0,1590.0,PERIODIC_SAMPLE,0,START_8592374,
BUS_2_DIR4_T62665.0,1620.0,PERIODIC_SAMPLE,0,START_8592374,
BUS_2_DIR4_T62665.0,1650.0,PERIODIC_SAMPLE,0,START_8592374,
BUS_2_DIR4_T62665.0,1680.0,PERIODIC_SAMPLE,0,START_8592374,
BUS_2_DIR4_T62665.0,1710.0,PERIODIC_SAMPLE,0,START_8592374,
BUS_2_DIR4_T62665.0,1740.0,PERIODIC_SAMPLE,0,START_8592374,
BUS_2_DIR4_T62665.0,1770.0,PERIODIC_SAMPLE,0,START_8592374,
BUS_2_DIR4_T62671.0,30.0,PERIODIC_SAMPLE,0,START_8589130,
BUS_2_DIR4_T62671.0,60.0,PERIODIC_SAMPLE,0,START_8589130,
BUS_2_DIR4_T62671.0,90.0,PERIODIC_SAMPLE,0,START_8589130,
BUS_2_DIR4_T62671.0,120.0,PERIODIC_SAMPLE,0,START_8589130,
BUS_2_DIR4_T62671.0,150.0,PERIODIC_SAMPLE,0,START_8589130,
BUS_2_DIR4_T62671.0,180.0,PERIODIC_SAMPLE,0,START_8589130,
BUS_2_DIR4_T62671.0,210.0,PERIODIC_SAMPLE,0,START_8589130,
BUS_2_DIR4_T62671.0,240.0,PERIODIC_SAMPLE,0,START_8589130,
BUS_2_DIR4_T62671.0,270.0,PERIODIC_SAMPLE,0,START_8589130,
BUS_2_DIR4_T62671.0,300.0,PERIODIC_SAMPLE,0,START_8589130,
BUS_2_DIR4_T62671.0,330.0,PERIODIC_SAMPLE,0,START_8589130,
BUS_2_DIR4_T62671.0,360.0,PERIODIC_SAMPLE,0,START_8589130,
BUS_2_DIR4_T62671.0,390.0,PERIODIC_SAMPLE,0,START_8589130,
BUS_2_DIR4_T62671.0,420.0,PERIODIC_SAMPLE,0,START_8589130,
BUS_2_DIR4_T62671.0,450.0,PERIODIC_SAMPLE,0,START_8589130,
BUS_2_DIR4_T62671.0,480.0,PERIODIC_SAMPLE,0,START_8589130,
BUS_2_DIR4_T62671.0,510.0,PERIODIC_SAMPLE,0,START_8589130,
BUS_2_DIR4_T62671.0,540.0,PERIODIC_SAMPLE,0,START_8589130,
BUS_2_DIR4_T62671.0,570.0,PERIODIC_SAMPLE,0,START_8589130,
BUS_2_DIR4_T62671.0,600.0,PERIODIC_SAMPLE,0,START_8589130,
BUS_2_DIR4_T62671.0,630.0,PERIODIC_SAMPLE,0,START_8589130,
BUS_2_DIR4_T62671.0,660.0,PERIODIC_SAMPLE,0,START_8589130,
BUS_2_DIR4_T62671.0,690.0,PERIODIC_SAMPLE,0,START_8589130,
BUS_2_DIR4_T62671.0,720.0,PERIODIC_SAMPLE,0,START_8589130,
BUS_2_DIR4_T62671.0,750.0,PERIODIC_SAMPLE,0,START_8589130,
BUS_2_DIR4_T62671.0,780.0,PERIODIC_SAMPLE,0,START_8589130,
BUS_2_DIR4_T62671.0,810.0,PERIODIC_SAMPLE,0,START_8589130,
BUS_2_DIR4_T62671.0,840.0,PERIODIC_SAMPLE,0,START_8589130,
BUS_2_DIR4_T62671.0,870.0,PERIODIC_SAMPLE,0,START_8589130,
BUS_2_DIR4_T62671.0,900.0,PERIODIC_SAMPLE,0,START_8589130,
BUS_2_DIR4_T62671.0,930.0,PERIODIC_SAMPLE,0,START_8589130,
BUS_2_DIR4_T62671.0,960.0,PERIODIC_SAMPLE,0,START_8589130,
BUS_2_DIR4_T62671.0,990.0,PERIODIC_SAMPLE,0,START_8589130,
BUS_2_DIR4_T62671.0,1020.0,PERIODIC_SAMPLE,0,START_8589130,
BUS_2_DIR4_T62671.0,1050.0,PERIODIC_SAMPLE,0,START_8589130,
BUS_2_DIR4_T62671.0,1080.0,PERIODIC_SAMPLE,0,START_8589130,
BUS_2_DIR4_T62671.0,1110.0,PERIODIC_SAMPLE,0,START_8589130,
BUS_2_DIR4_T62671.0,1140.0,PERIODIC_SAMPLE,0,START_8589130,
BUS_2_DIR4_T62671.0,1170.0,PERIODIC_SAMPLE,0,START_8589130,
BUS_2_DIR4_T62671.0,1200.0,PERIODIC_SAMPLE,0,START_8589130,
BUS_2_DIR4_T62671.0,1230.0,PERIODIC_SAMPLE,0,START_8589130,
BUS_2_DIR4_T62671.0,1260.0,PERIODIC_SAMPLE,0,START_8589130,
BUS_2_DIR4_T62671.0,1290.0,PERIODIC_SAMPLE,0,START_8589130,
BUS_2_DIR4_T62671.0,1320.0,PERIODIC_SAMPLE,0,START_8589130,
BUS_2_DIR4_T62671.0,1350.0,PERIODIC_SAMPLE,0,START_8589130,
BUS_2_DIR4_T62671.0,1380.0,PERIODIC_SAMPLE,0,START_8589130,
BUS_2_DIR4_T62671.0,1410.0,PERIODIC_SAMPLE,0,START_8589130,
BUS_2_DIR4_T62671.0,1440.0,PERIODIC_SAMPLE,0,START_8589130,
BUS_2_DIR4_T62671.0,1470.0,PERIODIC_SAMPLE,0,START_8589130,
BUS_2_DIR4_T62671.0,1500.0,PERIODIC_SAMPLE,0,START_8589130,
BUS_2_DIR4_T62671.0,1530.0,PERIODIC_SAMPLE,0,START_8589130,
BUS_2_DIR4_T62671.0,1560.0,PERIODIC_SAMPLE,0,START_8589130,
BUS_2_DIR4_T62671.0,1590.0,PERIODIC_SAMPLE,0,START_8589130,
BUS_2_DIR4_T62671.0,1620.0,PERIODIC_SAMPLE,0,START_8589130,
BUS_2_DIR4_T62671.0,1650.0,PERIODIC_SAMPLE,0,START_8589130,
BUS_2_DIR4_T62671.0,1680.0,PERIODIC_SAMPLE,0,START_8589130,
BUS_2_DIR4_T62671.0,1710.0,PERIODIC_SAMPLE,0,START_8589130,
BUS_2_DIR4_T62671.0,1740.0,PERIODIC_SAMPLE,0,START_8589130,
BUS_2_DIR4_T62671.0,1770.0,PERIODIC_SAMPLE,0,START_8589130,
BUS_2_DIR4_T62683.0,30.0,PERIODIC_SAMPLE,0,START_8589130,
BUS_2_DIR4_T62683.0,60.0,PERIODIC_SAMPLE,0,START_8589130,
BUS_2_DIR4_T62683.0,90.0,PERIODIC_SAMPLE,0,START_8589130,
BUS_2_DIR4_T62683.0,120.0,PERIODIC_SAMPLE,0,START_8589130,
BUS_2_DIR4_T62683.0,150.0,PERIODIC_SAMPLE,0,START_8589130,
BUS_2_DIR4_T62683.0,180.0,PERIODIC_SAMPLE,0,START_8589130,
BUS_2_DIR4_T62683.0,210.0,PERIODIC_SAMPLE,0,START_8589130,
BUS_2_DIR4_T62683.0,240.0,PERIODIC_SAMPLE,0,START_8589130,
BUS_2_DIR4_T62683.0,270.0,PERIODIC_SAMPLE,0,START_8589130,
BUS_2_DIR4_T62683.0,300.0,PERIODIC_SAMPLE,0,START_8589130,
BUS_2_DIR4_T62683.0,330.0,PERIODIC_SAMPLE,0,START_8589130,
BUS_2_DIR4_T62683.0,360.0,PERIODIC_SAMPLE,0,START_8589130,
BUS_2_DIR4_T62683.0,390.0,PERIODIC_SAMPLE,0,START_8589130,
BUS_2_DIR4_T62683.0,420.0,PERIODIC_SAMPLE,0,START_8589130,
BUS_2_DIR4_T62683.0,450.0,PERIODIC_SAMPLE,0,START_8589130,
BUS_2_DIR4_T62683.0,480.0,PERIODIC_SAMPLE,0,START_8589130,
BUS_2_DIR4_T62683.0,510.0,PERIODIC_SAMPLE,0,START_8589130,
BUS_2_DIR4_T62683.0,540.0,PERIODIC_SAMPLE,0,START_8589130,
BUS_2_DIR4_T62683.0,570.0,PERIODIC_SAMPLE,0,START_8589130,
BUS_2_DIR4_T62683.0,600.0,PERIODIC_SAMPLE,0,START_8589130,
BUS_2_DIR4_T62683.0,630.0,PERIODIC_SAMPLE,0,START_8589130,
BUS_2_DIR4_T62683.0,660.0,PERIODIC_SAMPLE,0,START_8589130,
BUS_2_DIR4_T62683.0,690.0,PERIODIC_SAMPLE,0,START_8589130,
BUS_2_DIR4_T62683.0,720.0,PERIODIC_SAMPLE,0,START_8589130,
BUS_2_DIR4_T62683.0,750.0,PERIODIC_SAMPLE,0,START_8589130,
BUS_2_DIR4_T62683.0,780.0,PERIODIC_SAMPLE,0,START_8589130,
BUS_2_DIR4_T62683.0,810.0,PERIODIC_SAMPLE,0,START_8589130,
BUS_2_DIR4_T62683.0,840.0,PERIODIC_SAMPLE,0,START_8589130,
BUS_2_DIR4_T62683.0,870.0,PERIODIC_SAMPLE,0,START_8589130,
BUS_2_DIR4_T62683.0,900.0,PERIODIC_SAMPLE,0,START_8589130,
BUS_2_DIR4_T62683.0,930.0,PERIODIC_SAMPLE,0,START_8589130,
BUS_2_DIR4_T62683.0,960.0,PERIODIC_SAMPLE,0,START_8589130,
BUS_2_DIR4_T62683.0,990.0,PERIODIC_SAMPLE,0,START_8589130,
BUS_2_DIR4_T62683.0,1020.0,PERIODIC_SAMPLE,0,START_8589130,
BUS_2_DIR4_T62683.0,1050.0,PERIODIC_SAMPLE,0,START_8589130,
BUS_2_DIR4_T62683.0,1080.0,PERIODIC_SAMPLE,0,START_8589130,
BUS_2_DIR4_T62683.0,1110.0,PERIODIC_SAMPLE,0,START_8589130,
BUS_2_DIR4_T62683.0,1140.0,PERIODIC_SAMPLE,0,START_8589130,
BUS_2_DIR4_T62683.0,1170.0,PERIODIC_SAMPLE,0,START_8589130,
BUS_2_DIR4_T62683.0,1200.0,PERIODIC_SAMPLE,0,START_8589130,
BUS_2_DIR4_T62683.0,1230.0,PERIODIC_SAMPLE,0,START_8589130,
BUS_2_DIR4_T62683.0,1260.0,PERIODIC_SAMPLE,0,START_8589130,
BUS_2_DIR4_T62683.0,1290.0,PERIODIC_SAMPLE,0,START_8589130,
BUS_2_DIR4_T62683.0,1320.0,PERIODIC_SAMPLE,0,START_8589130,
BUS_2_DIR4_T62683.0,1350.0,PERIODIC_SAMPLE,0,START_8589130,
BUS_2_DIR4_T62683.0,1380.0,PERIODIC_SAMPLE,0,START_8589130,
BUS_2_DIR4_T62683.0,1410.0,PERIODIC_SAMPLE,0,START_8589130,
BUS_2_DIR4_T62683.0,1440.0,PERIODIC_SAMPLE,0,START_8589130,
BUS_2_DIR4_T62683.0,1470.0,PERIODIC_SAMPLE,0,START_8589130,
BUS_2_DIR4_T62683.0,1500.0,PERIODIC_SAMPLE,0,START_8589130,
BUS_2_DIR4_T62683.0,1530.0,PERIODIC_SAMPLE,0,START_8589130,
BUS_2_DIR4_T62683.0,1560.0,PERIODIC_SAMPLE,0,START_8589130,
BUS_2_DIR4_T62683.0,1590.0,PERIODIC_SAMPLE,0,START_8589130,
BUS_2_DIR4_T62683.0,1620.0,PERIODIC_SAMPLE,0,START_8589130,
BUS_2_DIR4_T62683.0,1650.0,PERIODIC_SAMPLE,0,START_8589130,
BUS_2_DIR4_T62683.0,1680.0,PERIODIC_SAMPLE,0,START_8589130,
BUS_2_DIR4_T62683.0,1710.0,PERIODIC_SAMPLE,0,START_8589130,
BUS_2_DIR4_T62683.0,1740.0,PERIODIC_SAMPLE,0,START_8589130,
BUS_2_DIR4_T62683.0,1770.0,PERIODIC_SAMPLE,0,START_8589130,
BUS_2_DIR4_T62685.0,30.0,PERIODIC_SAMPLE,0,START_8589130,
BUS_2_DIR4_T62685.0,60.0,PERIODIC_SAMPLE,0,START_8589130,
BUS_2_DIR4_T62685.0,90.0,PERIODIC_SAMPLE,0,START_8589130,
BUS_2_DIR4_T62685.0,120.0,PERIODIC_SAMPLE,0,START_8589130,
BUS_2_DIR4_T62685.0,150.0,PERIODIC_SAMPLE,0,START_8589130,
BUS_2_DIR4_T62685.0,180.0,PERIODIC_SAMPLE,0,START_8589130,
BUS_2_DIR4_T62685.0,210.0,PERIODIC_SAMPLE,0,START_8589130,
BUS_2_DIR4_T62685.0,240.0,PERIODIC_SAMPLE,0,START_8589130,
BUS_2_DIR4_T62685.0,270.0,PERIODIC_SAMPLE,0,START_8589130,
BUS_2_DIR4_T62685.0,300.0,PERIODIC_SAMPLE,0,START_8589130,
BUS_2_DIR4_T62685.0,330.0,PERIODIC_SAMPLE,0,START_8589130,
BUS_2_DIR4_T62685.0,360.0,PERIODIC_SAMPLE,0,START_8589130,
BUS_2_DIR4_T62685.0,390.0,PERIODIC_SAMPLE,0,START_8589130,
BUS_2_DIR4_T62685.0,420.0,PERIODIC_SAMPLE,0,START_8589130,
BUS_2_DIR4_T62685.0,450.0,PERIODIC_SAMPLE,0,START_8589130,
BUS_2_DIR4_T62685.0,480.0,PERIODIC_SAMPLE,0,START_8589130,
BUS_2_DIR4_T62685.0,510.0,PERIODIC_SAMPLE,0,START_8589130,
BUS_2_DIR4_T62685.0,540.0,PERIODIC_SAMPLE,0,START_8589130,
BUS_2_DIR4_T62685.0,570.0,PERIODIC_SAMPLE,0,START_8589130,
BUS_2_DIR4_T62685.0,600.0,PERIODIC_SAMPLE,0,START_8589130,
BUS_2_DIR4_T62685.0,630.0,PERIODIC_SAMPLE,0,START_8589130,
BUS_2_DIR4_T62685.0,660.0,PERIODIC_SAMPLE,0,START_8589130,
BUS_2_DIR4_T62685.0,690.0,PERIODIC_SAMPLE,0,START_8589130,
BUS_2_DIR4_T62685.0,720.0,PERIODIC_SAMPLE,0,START_8589130,
BUS_2_DIR4_T62685.0,750.0,PERIODIC_SAMPLE,0,START_8589130,
BUS_2_DIR4_T62685.0,780.0,PERIODIC_SAMPLE,0,START_8589130,
BUS_2_DIR4_T62685.0,810.0,PERIODIC_SAMPLE,0,START_8589130,
BUS_2_DIR4_T62685.0,840.0,PERIODIC_SAMPLE,0,START_8589130,
BUS_2_DIR4_T62685.0,870.0,PERIODIC_SAMPLE,0,START_8589130,
BUS_2_DIR4_T62685.0,900.0,PERIODIC_SAMPLE,0,START_8589130,
BUS_2_DIR4_T62685.0,930.0,PERIODIC_SAMPLE,0,START_8589130,
BUS_2_DIR4_T62685.0,960.0,PERIODIC_SAMPLE,0,START_8589130,
BUS_2_DIR4_T62685.0,990.0,PERIODIC_SAMPLE,0,START_8589130,
BUS_2_DIR4_T62685.0,1020.0,PERIODIC_SAMPLE,0,START_8589130,
BUS_2_DIR4_T62685.0,1050.0,PERIODIC_SAMPLE,0,START_8589130,
BUS_2_DIR4_T62685.0,1080.0,PERIODIC_SAMPLE,0,START_8589130,
BUS_2_DIR4_T62685.0,1110.0,PERIODIC_SAMPLE,0,START_8589130,
BUS_2_DIR4_T62685.0,1140.0,PERIODIC_SAMPLE,0,START_8589130,
BUS_2_DIR4_T62685.0,1170.0,PERIODIC_SAMPLE,0,START_8589130,
BUS_2_DIR4_T62685.0,1200.0,PERIODIC_SAMPLE,0,START_8589130,
BUS_2_DIR4_T62685.0,1230.0,PERIODIC_SAMPLE,0,START_8589130,
BUS_2_DIR4_T62685.0,1260.0,PERIODIC_SAMPLE,0,START_8589130,
BUS_2_DIR4_T62685.0,1290.0,PERIODIC_SAMPLE,0,START_8589130,
BUS_2_DIR4_T62685.0,1320.0,PERIODIC_SAMPLE,0,START_8589130,
BUS_2_DIR4_T62685.0,1350.0,PERIODIC_SAMPLE,0,START_8589130,
BUS_2_DIR4_T62685.0,1380.0,PERIODIC_SAMPLE,0,START_8589130,
BUS_2_DIR4_T62685.0,1410.0,PERIODIC_SAMPLE,0,START_8589130,
BUS_2_DIR4_T62685.0,1440.0,PERIODIC_SAMPLE,0,START_8589130,
BUS_2_DIR4_T62685.0,1470.0,PERIODIC_SAMPLE,0,START_8589130,
BUS_2_DIR4_T62685.0,1500.0,PERIODIC_SAMPLE,0,START_8589130,
BUS_2_DIR4_T62685.0,1530.0,PERIODIC_SAMPLE,0,START_8589130,
BUS_2_DIR4_T62685.0,1560.0,PERIODIC_SAMPLE,0,START_8589130,
BUS_2_DIR4_T62685.0,1590.0,PERIODIC_SAMPLE,0,START_8589130,
BUS_2_DIR4_T62685.0,1620.0,PERIODIC_SAMPLE,0,START_8589130,
BUS_2_DIR4_T62685.0,1650.0,PERIODIC_SAMPLE,0,START_8589130,
BUS_2_DIR4_T62685.0,1680.0,PERIODIC_SAMPLE,0,START_8589130,
BUS_2_DIR4_T62685.0,1710.0,PERIODIC_SAMPLE,0,START_8589130,
BUS_2_DIR4_T62685.0,1740.0,PERIODIC_SAMPLE,0,START_8589130,
BUS_2_DIR4_T62685.0,1770.0,PERIODIC_SAMPLE,0,START_8589130,
BUS_2_DIR4_T62693.0,30.0,PERIODIC_SAMPLE,0,START_8589131,
BUS_2_DIR4_T62693.0,60.0,PERIODIC_SAMPLE,0,START_8589131,
BUS_2_DIR4_T62693.0,90.0,PERIODIC_SAMPLE,0,START_8589131,
BUS_2_DIR4_T62693.0,120.0,PERIODIC_SAMPLE,0,START_8589131,
BUS_2_DIR4_T62693.0,150.0,PERIODIC_SAMPLE,0,START_8589131,
BUS_2_DIR4_T62693.0,180.0,PERIODIC_SAMPLE,0,START_8589131,
BUS_2_DIR4_T62693.0,210.0,PERIODIC_SAMPLE,0,START_8589131,
BUS_2_DIR4_T62693.0,240.0,PERIODIC_SAMPLE,0,START_8589131,
BUS_2_DIR4_T62693.0,270.0,PERIODIC_SAMPLE,0,START_8589131,
BUS_2_DIR4_T62693.0,300.0,PERIODIC_SAMPLE,0,START_8589131,
BUS_2_DIR4_T62693.0,330.0,PERIODIC_SAMPLE,0,START_8589131,
BUS_2_DIR4_T62693.0,360.0,PERIODIC_SAMPLE,0,START_8589131,
BUS_2_DIR4_T62693.0,390.0,PERIODIC_SAMPLE,0,START_8589131,
BUS_2_DIR4_T62693.0,420.0,PERIODIC_SAMPLE,0,START_8589131,
BUS_2_DIR4_T62693.0,450.0,PERIODIC_SAMPLE,0,START_8589131,
BUS_2_DIR4_T62693.0,480.0,PERIODIC_SAMPLE,0,START_8589131,
BUS_2_DIR4_T62693.0,510.0,PERIODIC_SAMPLE,0,START_8589131,
BUS_2_DIR4_T62693.0,540.0,PERIODIC_SAMPLE,0,START_8589131,
BUS_2_DIR4_T62693.0,570.0,PERIODIC_SAMPLE,0,START_8589131,
BUS_2_DIR4_T62693.0,600.0,PERIODIC_SAMPLE,0,START_8589131,
BUS_2_DIR4_T62693.0,630.0,PERIODIC_SAMPLE,0,START_8589131,
BUS_2_DIR4_T62693.0,660.0,PERIODIC_SAMPLE,0,START_8589131,
BUS_2_DIR4_T62693.0,690.0,PERIODIC_SAMPLE,0,START_8589131,
BUS_2_DIR4_T62693.0,720.0,PERIODIC_SAMPLE,0,START_8589131,
BUS_2_DIR4_T62693.0,750.0,PERIODIC_SAMPLE,0,START_8589131,
BUS_2_DIR4_T62693.0,780.0,PERIODIC_SAMPLE,0,START_8589131,
BUS_2_DIR4_T62693.0,810.0,PERIODIC_SAMPLE,0,START_8589131,
BUS_2_DIR4_T62693.0,840.0,PERIODIC_SAMPLE,0,START_8589131,
BUS_2_DIR4_T62693.0,870.0,PERIODIC_SAMPLE,0,START_8589131,
BUS_2_DIR4_T62693.0,900.0,PERIODIC_SAMPLE,0,START_8589131,
BUS_2_DIR4_T62693.0,930.0,PERIODIC_SAMPLE,0,START_8589131,
BUS_2_DIR4_T62693.0,960.0,PERIODIC_SAMPLE,0,START_8589131,
BUS_2_DIR4_T62693.0,990.0,PERIODIC_SAMPLE,0,START_8589131,
BUS_2_DIR4_T62693.0,1020.0,PERIODIC_SAMPLE,0,START_8589131,
BUS_2_DIR4_T62693.0,1050.0,PERIODIC_SAMPLE,0,START_8589131,
BUS_2_DIR4_T62693.0,1080.0,PERIODIC_SAMPLE,0,START_8589131,
BUS_2_DIR4_T62693.0,1110.0,PERIODIC_SAMPLE,0,START_8589131,
BUS_2_DIR4_T62693.0,1140.0,PERIODIC_SAMPLE,0,START_8589131,
BUS_2_DIR4_T62693.0,1170.0,PERIODIC_SAMPLE,0,START_8589131,
BUS_2_DIR4_T62693.0,1200.0,PERIODIC_SAMPLE,0,START_8589131,
BUS_2_DIR4_T62693.0,1230.0,PERIODIC_SAMPLE,0,START_8589131,
BUS_2_DIR4_T62693.0,1260.0,PERIODIC_SAMPLE,0,START_8589131,
BUS_2_DIR4_T62693.0,1290.0,PERIODIC_SAMPLE,0,START_8589131,
BUS_2_DIR4_T62693.0,1320.0,PERIODIC_SAMPLE,0,START_8589131,
BUS_2_DIR4_T62693.0,1350.0,PERIODIC_SAMPLE,0,START_8589131,
BUS_2_DIR4_T62693.0,1380.0,PERIODIC_SAMPLE,0,START_8589131,
BUS_2_DIR4_T62693.0,1410.0,PERIODIC_SAMPLE,0,START_8589131,
BUS_2_DIR4_T62693.0,1440.0,PERIODIC_SAMPLE,0,START_8589131,
BUS_2_DIR4_T62693.0,1470.0,PERIODIC_SAMPLE,0,START_8589131,
BUS_2_DIR4_T62693.0,1500.0,PERIODIC_SAMPLE,0,START_8589131,
BUS_2_DIR4_T62693.0,1530.0,PERIODIC_SAMPLE,0,START_8589131,
BUS_2_DIR4_T62693.0,1560.0,PERIODIC_SAMPLE,0,START_8589131,
BUS_2_DIR4_T62693.0,1590.0,PERIODIC_SAMPLE,0,START_8589131,
BUS_2_DIR4_T62693.0,1620.0,PERIODIC_SAMPLE,0,START_8589131,
BUS_2_DIR4_T62693.0,1650.0,PERIODIC_SAMPLE,0,START_8589131,
BUS_2_DIR4_T62693.0,1680.0,PERIODIC_SAMPLE,0,START_8589131,
BUS_2_DIR4_T62693.0,1710.0,PERIODIC_SAMPLE,0,START_8589131,
BUS_2_DIR4_T62693.0,1740.0,PERIODIC_SAMPLE,0,START_8589131,
BUS_2_DIR4_T62693.0,1770.0,PERIODIC_SAMPLE,0,START_8589131,
BUS_2_DIR4_T62701.0,30.0,PERIODIC_SAMPLE,0,START_8589130,
BUS_2_DIR4_T62701.0,60.0,PERIODIC_SAMPLE,0,START_8589130,
BUS_2_DIR4_T62701.0,90.0,PERIODIC_SAMPLE,0,START_8589130,
BUS_2_DIR4_T62701.0,120.0,PERIODIC_SAMPLE,0,START_8589130,
BUS_2_DIR4_T62701.0,150.0,PERIODIC_SAMPLE,0,START_8589130,
BUS_2_DIR4_T62701.0,180.0,PERIODIC_SAMPLE,0,START_8589130,
BUS_2_DIR4_T62701.0,210.0,PERIODIC_SAMPLE,0,START_8589130,
BUS_2_DIR4_T62701.0,240.0,PERIODIC_SAMPLE,0,START_8589130,
BUS_2_DIR4_T62701.0,270.0,PERIODIC_SAMPLE,0,START_8589130,
BUS_2_DIR4_T62701.0,300.0,PERIODIC_SAMPLE,0,START_8589130,
BUS_2_DIR4_T62701.0,330.0,PERIODIC_SAMPLE,0,START_8589130,
BUS_2_DIR4_T62701.0,360.0,PERIODIC_SAMPLE,0,START_8589130,
BUS_2_DIR4_T62701.0,390.0,PERIODIC_SAMPLE,0,START_8589130,
BUS_2_DIR4_T62701.0,420.0,PERIODIC_SAMPLE,0,START_8589130,
BUS_2_DIR4_T62701.0,450.0,PERIODIC_SAMPLE,0,START_8589130,
BUS_2_DIR4_T62701.0,480.0,PERIODIC_SAMPLE,0,START_8589130,
BUS_2_DIR4_T62701.0,510.0,PERIODIC_SAMPLE,0,START_8589130,
BUS_2_DIR4_T62701.0,540.0,PERIODIC_SAMPLE,0,START_8589130,
BUS_2_DIR4_T62701.0,570.0,PERIODIC_SAMPLE,0,START_8589130,
BUS_2_DIR4_T62701.0,600.0,PERIODIC_SAMPLE,0,START_8589130,
BUS_2_DIR4_T62701.0,630.0,PERIODIC_SAMPLE,0,START_8589130,
BUS_2_DIR4_T62701.0,660.0,PERIODIC_SAMPLE,0,START_8589130,
BUS_2_DIR4_T62701.0,690.0,PERIODIC_SAMPLE,0,START_8589130,
BUS_2_DIR4_T62701.0,720.0,PERIODIC_SAMPLE,0,START_8589130,
BUS_2_DIR4_T62701.0,750.0,PERIODIC_SAMPLE,0,START_8589130,
BUS_2_DIR4_T62701.0,780.0,PERIODIC_SAMPLE,0,START_8589130,
BUS_2_DIR4_T62701.0,810.0,PERIODIC_SAMPLE,0,START_8589130,
BUS_2_DIR4_T62701.0,840.0,PERIODIC_SAMPLE,0,START_8589130,
BUS_2_DIR4_T62701.0,870.0,PERIODIC_SAMPLE,0,START_8589130,
BUS_2_DIR4_T62701.0,900.0,PERIODIC_SAMPLE,0,START_8589130,
BUS_2_DIR4_T62701.0,930.0,PERIODIC_SAMPLE,0,START_8589130,
BUS_2_DIR4_T62701.0,960.0,PERIODIC_SAMPLE,0,START_8589130,
BUS_2_DIR4_T62701.0,990.0,PERIODIC_SAMPLE,0,START_8589130,
BUS_2_DIR4_T62701.0,1020.0,PERIODIC_SAMPLE,0,START_8589130,
BUS_2_DIR4_T62701.0,1050.0,PERIODIC_SAMPLE,0,START_8589130,
BUS_2_DIR4_T62701.0,1080.0,PERIODIC_SAMPLE,0,START_8589130,
BUS_2_DIR4_T62701.0,1110.0,PERIODIC_SAMPLE,0,START_8589130,
BUS_2_DIR4_T62701.0,1140.0,PERIODIC_SAMPLE,0,START_8589130,
BUS_2_DIR4_T62701.0,1170.0,PERIODIC_SAMPLE,0,START_8589130,
BUS_2_DIR4_T62701.0,1200.0,PERIODIC_SAMPLE,0,START_8589130,
BUS_2_DIR4_T62701.0,1230.0,PERIODIC_SAMPLE,0,START_8589130,
BUS_2_DIR4_T62701.0,1260.0,PERIODIC_SAMPLE,0,START_8589130,
BUS_2_DIR4_T62701.0,1290.0,PERIODIC_SAMPLE,0,START_8589130,
BUS_2_DIR4_T62701.0,1320.0,PERIODIC_SAMPLE,0,START_8589130,
BUS_2_DIR4_T62701.0,1350.0,PERIODIC_SAMPLE,0,START_8589130,
BUS_2_DIR4_T62701.0,1380.0,PERIODIC_SAMPLE,0,START_8589130,
BUS_2_DIR4_T62701.0,1410.0,PERIODIC_SAMPLE,0,START_8589130,
BUS_2_DIR4_T62701.0,1440.0,PERIODIC_SAMPLE,0,START_8589130,
BUS_2_DIR4_T62701.0,1470.0,PERIODIC_SAMPLE,0,START_8589130,
BUS_2_DIR4_T62701.0,1500.0,PERIODIC_SAMPLE,0,START_8589130,
BUS_2_DIR4_T62701.0,1530.0,PERIODIC_SAMPLE,0,START_8589130,
BUS_2_DIR4_T62701.0,1560.0,PERIODIC_SAMPLE,0,START_8589130,
BUS_2_DIR4_T62701.0,1590.0,PERIODIC_SAMPLE,0,START_8589130,
BUS_2_DIR4_T62701.0,1620.0,PERIODIC_SAMPLE,0,START_8589130,
BUS_2_DIR4_T62701.0,1650.0,PERIODIC_SAMPLE,0,START_8589130,
BUS_2_DIR4_T62701.0,1680.0,PERIODIC_SAMPLE,0,START_8589130,
BUS_2_DIR4_T62701.0,1710.0,PERIODIC_SAMPLE,0,START_8589130,
BUS_2_DIR4_T62701.0,1740.0,PERIODIC_SAMPLE,0,START_8589130,
BUS_2_DIR4_T62701.0,1770.0,PERIODIC_SAMPLE,0,START_8589130,
BUS_2_DIR4_T62709.0,30.0,PERIODIC_SAMPLE,0,START_8589131,
BUS_2_DIR4_T62709.0,60.0,PERIODIC_SAMPLE,0,START_8589131,
BUS_2_DIR4_T62709.0,90.0,PERIODIC_SAMPLE,0,START_8589131,
BUS_2_DIR4_T62709.0,120.0,PERIODIC_SAMPLE,0,START_8589131,
BUS_2_DIR4_T62709.0,150.0,PERIODIC_SAMPLE,0,START_8589131,
BUS_2_DIR4_T62709.0,180.0,PERIODIC_SAMPLE,0,START_8589131,
BUS_2_DIR4_T62709.0,210.0,PERIODIC_SAMPLE,0,START_8589131,
BUS_2_DIR4_T62709.0,240.0,PERIODIC_SAMPLE,0,START_8589131,
BUS_2_DIR4_T62709.0,270.0,PERIODIC_SAMPLE,0,START_8589131,
BUS_2_DIR4_T62709.0,300.0,PERIODIC_SAMPLE,0,START_8589131,
BUS_2_DIR4_T62709.0,330.0,PERIODIC_SAMPLE,0,START_8589131,
BUS_2_DIR4_T62709.0,360.0,PERIODIC_SAMPLE,0,START_8589131,
BUS_2_DIR4_T62709.0,390.0,PERIODIC_SAMPLE,0,START_8589131,
BUS_2_DIR4_T62709.0,420.0,PERIODIC_SAMPLE,0,START_8589131,
BUS_2_DIR4_T62709.0,450.0,PERIODIC_SAMPLE,0,START_8589131,
BUS_2_DIR4_T62709.0,480.0,PERIODIC_SAMPLE,0,START_8589131,
BUS_2_DIR4_T62709.0,510.0,PERIODIC_SAMPLE,0,START_8589131,
BUS_2_DIR4_T62709.0,540.0,PERIODIC_SAMPLE,0,START_8589131,
BUS_2_DIR4_T62709.0,570.0,PERIODIC_SAMPLE,0,START_8589131,
BUS_2_DIR4_T62709.0,600.0,PERIODIC_SAMPLE,0,START_8589131,
BUS_2_DIR4_T62709.0,630.0,PERIODIC_SAMPLE,0,START_8589131,
BUS_2_DIR4_T62709.0,660.0,PERIODIC_SAMPLE,0,START_8589131,
BUS_2_DIR4_T62709.0,690.0,PERIODIC_SAMPLE,0,START_8589131,
BUS_2_DIR4_T62709.0,720.0,PERIODIC_SAMPLE,0,START_8589131,
BUS_2_DIR4_T62709.0,750.0,PERIODIC_SAMPLE,0,START_8589131,
BUS_2_DIR4_T62709.0,780.0,PERIODIC_SAMPLE,0,START_8589131,
BUS_2_DIR4_T62709.0,810.0,PERIODIC_SAMPLE,0,START_8589131,
BUS_2_DIR4_T62709.0,840.0,PERIODIC_SAMPLE,0,START_8589131,
BUS_2_DIR4_T62709.0,870.0,PERIODIC_SAMPLE,0,START_8589131,
BUS_2_DIR4_T62709.0,900.0,PERIODIC_SAMPLE,0,START_8589131,
BUS_2_DIR4_T62709.0,930.0,PERIODIC_SAMPLE,0,START_8589131,
BUS_2_DIR4_T62709.0,960.0,PERIODIC_SAMPLE,0,START_8589131,
BUS_2_DIR4_T62709.0,990.0,PERIODIC_SAMPLE,0,START_8589131,
BUS_2_DIR4_T62709.0,1020.0,PERIODIC_SAMPLE,0,START_8589131,
BUS_2_DIR4_T62709.0,1050.0,PERIODIC_SAMPLE,0,START_8589131,
BUS_2_DIR4_T62709.0,1080.0,PERIODIC_SAMPLE,0,START_8589131,
BUS_2_DIR4_T62709.0,1110.0,PERIODIC_SAMPLE,0,START_8589131,
BUS_2_DIR4_T62709.0,1140.0,PERIODIC_SAMPLE,0,START_8589131,
BUS_2_DIR4_T62709.0,1170.0,PERIODIC_SAMPLE,0,START_8589131,
BUS_2_DIR4_T62709.0,1200.0,PERIODIC_SAMPLE,0,START_8589131,
BUS_2_DIR4_T62709.0,1230.0,PERIODIC_SAMPLE,0,START_8589131,
BUS_2_DIR4_T62709.0,1260.0,PERIODIC_SAMPLE,0,START_8589131,
BUS_2_DIR4_T62709.0,1290.0,PERIODIC_SAMPLE,0,START_8589131,
BUS_2_DIR4_T62709.0,1320.0,PERIODIC_SAMPLE,0,START_8589131,
BUS_2_DIR4_T62709.0,1350.0,PERIODIC_SAMPLE,0,START_8589131,
BUS_2_DIR4_T62709.0,1380.0,PERIODIC_SAMPLE,0,START_8589131,
BUS_2_DIR4_T62709.0,1410.0,PERIODIC_SAMPLE,0,START_8589131,
BUS_2_DIR4_T62709.0,1440.0,PERIODIC_SAMPLE,0,START_8589131,
BUS_2_DIR4_T62709.0,1470.0,PERIODIC_SAMPLE,0,START_8589131,
BUS_2_DIR4_T62709.0,1500.0,PERIODIC_SAMPLE,0,START_8589131,
BUS_2_DIR4_T62709.0,1530.0,PERIODIC_SAMPLE,0,START_8589131,
BUS_2_DIR4_T62709.0,1560.0,PERIODIC_SAMPLE,0,START_8589131,
BUS_2_DIR4_T62709.0,1590.0,PERIODIC_SAMPLE,0,START_8589131,
BUS_2_DIR4_T62709.0,1620.0,PERIODIC_SAMPLE,0,START_8589131,
BUS_2_DIR4_T62709.0,1650.0,PERIODIC_SAMPLE,0,START_8589131,
BUS_2_DIR4_T62709.0,1680.0,PERIODIC_SAMPLE,0,START_8589131,
BUS_2_DIR4_T62709.0,1710.0,PERIODIC_SAMPLE,0,START_8589131,
BUS_2_DIR4_T62709.0,1740.0,PERIODIC_SAMPLE,0,START_8589131,
BUS_2_DIR4_T62709.0,1770.0,PERIODIC_SAMPLE,0,START_8589131,
BUS_2_DIR4_T62731.0,30.0,PERIODIC_SAMPLE,0,START_8589131,
BUS_2_DIR4_T62731.0,60.0,PERIODIC_SAMPLE,0,START_8589131,
BUS_2_DIR4_T62731.0,90.0,PERIODIC_SAMPLE,0,START_8589131,
BUS_2_DIR4_T62731.0,120.0,PERIODIC_SAMPLE,0,START_8589131,
BUS_2_DIR4_T62731.0,150.0,PERIODIC_SAMPLE,0,START_8589131,
BUS_2_DIR4_T62731.0,180.0,PERIODIC_SAMPLE,0,START_8589131,
BUS_2_DIR4_T62731.0,210.0,PERIODIC_SAMPLE,0,START_8589131,
BUS_2_DIR4_T62731.0,240.0,PERIODIC_SAMPLE,0,START_8589131,
BUS_2_DIR4_T62731.0,270.0,PERIODIC_SAMPLE,0,START_8589131,
BUS_2_DIR4_T62731.0,300.0,PERIODIC_SAMPLE,0,START_8589131,
BUS_2_DIR4_T62731.0,330.0,PERIODIC_SAMPLE,0,START_8589131,
BUS_2_DIR4_T62731.0,360.0,PERIODIC_SAMPLE,0,START_8589131,
BUS_2_DIR4_T62731.0,390.0,PERIODIC_SAMPLE,0,START_8589131,
BUS_2_DIR4_T62731.0,420.0,PERIODIC_SAMPLE,0,START_8589131,
BUS_2_DIR4_T62731.0,450.0,PERIODIC_SAMPLE,0,START_8589131,
BUS_2_DIR4_T62731.0,480.0,PERIODIC_SAMPLE,0,START_8589131,
BUS_2_DIR4_T62731.0,510.0,PERIODIC_SAMPLE,0,START_8589131,
BUS_2_DIR4_T62731.0,540.0,PERIODIC_SAMPLE,0,START_8589131,
BUS_2_DIR4_T62731.0,570.0,PERIODIC_SAMPLE,0,START_8589131,
BUS_2_DIR4_T62731.0,600.0,PERIODIC_SAMPLE,0,START_8589131,
BUS_2_DIR4_T62731.0,630.0,PERIODIC_SAMPLE,0,START_8589131,
BUS_2_DIR4_T62731.0,660.0,PERIODIC_SAMPLE,0,START_8589131,
BUS_2_DIR4_T62731.0,690.0,PERIODIC_SAMPLE,0,START_8589131,
BUS_2_DIR4_T62731.0,720.0,PERIODIC_SAMPLE,0,START_8589131,
BUS_2_DIR4_T62731.0,750.0,PERIODIC_SAMPLE,0,START_8589131,
BUS_2_DIR4_T62731.0,780.0,PERIODIC_SAMPLE,0,START_8589131,
BUS_2_DIR4_T62731.0,810.0,PERIODIC_SAMPLE,0,START_8589131,
BUS_2_DIR4_T62731.0,840.0,PERIODIC_SAMPLE,0,START_8589131,
BUS_2_DIR4_T62731.0,870.0,PERIODIC_SAMPLE,0,START_8589131,
BUS_2_DIR4_T62731.0,900.0,PERIODIC_SAMPLE,0,START_8589131,
BUS_2_DIR4_T62731.0,930.0,PERIODIC_SAMPLE,0,START_8589131,
BUS_2_DIR4_T62731.0,960.0,PERIODIC_SAMPLE,0,START_8589131,
BUS_2_DIR4_T62731.0,990.0,PERIODIC_SAMPLE,0,START_8589131,
BUS_2_DIR4_T62731.0,1020.0,PERIODIC_SAMPLE,0,START_8589131,
BUS_2_DIR4_T62731.0,1050.0,PERIODIC_SAMPLE,0,START_8589131,
BUS_2_DIR4_T62731.0,1080.0,PERIODIC_SAMPLE,0,START_8589131,
BUS_2_DIR4_T62731.0,1110.0,PERIODIC_SAMPLE,0,START_8589131,
BUS_2_DIR4_T62731.0,1140.0,PERIODIC_SAMPLE,0,START_8589131,
BUS_2_DIR4_T62731.0,1170.0,PERIODIC_SAMPLE,0,START_8589131,
BUS_2_DIR4_T62731.0,1200.0,PERIODIC_SAMPLE,0,START_8589131,
BUS_2_DIR4_T62731.0,1230.0,PERIODIC_SAMPLE,0,START_8589131,
BUS_2_DIR4_T62731.0,1260.0,PERIODIC_SAMPLE,0,START_8589131,
BUS_2_DIR4_T62731.0,1290.0,PERIODIC_SAMPLE,0,START_8589131,
BUS_2_DIR4_T62731.0,1320.0,PERIODIC_SAMPLE,0,START_8589131,
BUS_2_DIR4_T62731.0,1350.0,PERIODIC_SAMPLE,0,START_8589131,
BUS_2_DIR4_T62731.0,1380.0,PERIODIC_SAMPLE,0,START_8589131,
BUS_2_DIR4_T62731.0,1410.0,PERIODIC_SAMPLE,0,START_8589131,
BUS_2_DIR4_T62731.0,1440.0,PERIODIC_SAMPLE,0,START_8589131,
BUS_2_DIR4_T62731.0,1470.0,PERIODIC_SAMPLE,0,START_8589131,
BUS_2_DIR4_T62731.0,1500.0,PERIODIC_SAMPLE,0,START_8589131,
BUS_2_DIR4_T62731.0,1530.0,PERIODIC_SAMPLE,0,START_8589131,
BUS_2_DIR4_T62731.0,1560.0,PERIODIC_SAMPLE,0,START_8589131,
BUS_2_DIR4_T62731.0,1590.0,PERIODIC_SAMPLE,0,START_8589131,
BUS_2_DIR4_T62731.0,1620.0,PERIODIC_SAMPLE,0,START_8589131,
BUS_2_DIR4_T62731.0,1650.0,PERIODIC_SAMPLE,0,START_8589131,
BUS_2_DIR4_T62731.0,1680.0,PERIODIC_SAMPLE,0,START_8589131,
BUS_2_DIR4_T62731.0,1710.0,PERIODIC_SAMPLE,0,START_8589131,
BUS_2_DIR4_T62731.0,1740.0,PERIODIC_SAMPLE,0,START_8589131,
BUS_2_DIR4_T62731.0,1770.0,PERIODIC_SAMPLE,0,START_8589131,
BUS_2_DIR4_T62737.0,30.0,PERIODIC_SAMPLE,0,START_8589131,
BUS_2_DIR4_T62737.0,60.0,PERIODIC_SAMPLE,0,START_8589131,
BUS_2_DIR4_T62737.0,90.0,PERIODIC_SAMPLE,0,START_8589131,
BUS_2_DIR4_T62737.0,120.0,PERIODIC_SAMPLE,0,START_8589131,
BUS_2_DIR4_T62737.0,150.0,PERIODIC_SAMPLE,0,START_8589131,
BUS_2_DIR4_T62737.0,180.0,PERIODIC_SAMPLE,0,START_8589131,
BUS_2_DIR4_T62737.0,210.0,PERIODIC_SAMPLE,0,START_8589131,
BUS_2_DIR4_T62737.0,240.0,PERIODIC_SAMPLE,0,START_8589131,
BUS_2_DIR4_T62737.0,270.0,PERIODIC_SAMPLE,0,START_8589131,
BUS_2_DIR4_T62737.0,300.0,PERIODIC_SAMPLE,0,START_8589131,
BUS_2_DIR4_T62737.0,330.0,PERIODIC_SAMPLE,0,START_8589131,
BUS_2_DIR4_T62737.0,360.0,PERIODIC_SAMPLE,0,START_8589131,
BUS_2_DIR4_T62737.0,390.0,PERIODIC_SAMPLE,0,START_8589131,
BUS_2_DIR4_T62737.0,420.0,PERIODIC_SAMPLE,0,START_8589131,
BUS_2_DIR4_T62737.0,450.0,PERIODIC_SAMPLE,0,START_8589131,
BUS_2_DIR4_T62737.0,480.0,PERIODIC_SAMPLE,0,START_8589131,
BUS_2_DIR4_T62737.0,510.0,PERIODIC_SAMPLE,0,START_8589131,
BUS_2_DIR4_T62737.0,540.0,PERIODIC_SAMPLE,0,START_8589131,
BUS_2_DIR4_T62737.0,570.0,PERIODIC_SAMPLE,0,START_8589131,
BUS_2_DIR4_T62737.0,600.0,PERIODIC_SAMPLE,0,START_8589131,
BUS_2_DIR4_T62737.0,630.0,PERIODIC_SAMPLE,0,START_8589131,
BUS_2_DIR4_T62737.0,660.0,PERIODIC_SAMPLE,0,START_8589131,
BUS_2_DIR4_T62737.0,690.0,PERIODIC_SAMPLE,0,START_8589131,
BUS_2_DIR4_T62737.0,720.0,PERIODIC_SAMPLE,0,START_8589131,
BUS_2_DIR4_T62737.0,750.0,PERIODIC_SAMPLE,0,START_8589131,
BUS_2_DIR4_T62737.0,780.0,PERIODIC_SAMPLE,0,START_8589131,
BUS_2_DIR4_T62737.0,810.0,PERIODIC_SAMPLE,0,START_8589131,
BUS_2_DIR4_T62737.0,840.0,PERIODIC_SAMPLE,0,START_8589131,
BUS_2_DIR4_T62737.0,870.0,PERIODIC_SAMPLE,0,START_8589131,
BUS_2_DIR4_T62737.0,900.0,PERIODIC_SAMPLE,0,START_8589131,
BUS_2_DIR4_T62737.0,930.0,PERIODIC_SAMPLE,0,START_8589131,
BUS_2_DIR4_T62737.0,960.0,PERIODIC_SAMPLE,0,START_8589131,
BUS_2_DIR4_T62737.0,990.0,PERIODIC_SAMPLE,0,START_8589131,
BUS_2_DIR4_T62737.0,1020.0,PERIODIC_SAMPLE,0,START_8589131,
BUS_2_DIR4_T62737.0,1050.0,PERIODIC_SAMPLE,0,START_8589131,
BUS_2_DIR4_T62737.0,1080.0,PERIODIC_SAMPLE,0,START_8589131,
BUS_2_DIR4_T62737.0,1110.0,PERIODIC_SAMPLE,0,START_8589131,
BUS_2_DIR4_T62737.0,1140.0,PERIODIC_SAMPLE,0,START_8589131,
BUS_2_DIR4_T62737.0,1170.0,PERIODIC_SAMPLE,0,START_8589131,
BUS_2_DIR4_T62737.0,1200.0,PERIODIC_SAMPLE,0,START_8589131,
BUS_2_DIR4_T62737.0,1230.0,PERIODIC_SAMPLE,0,START_8589131,
BUS_2_DIR4_T62737.0,1260.0,PERIODIC_SAMPLE,0,START_8589131,
BUS_2_DIR4_T62737.0,1290.0,PERIODIC_SAMPLE,0,START_8589131,
BUS_2_DIR4_T62737.0,1320.0,PERIODIC_SAMPLE,0,START_8589131,
BUS_2_DIR4_T62737.0,1350.0,PERIODIC_SAMPLE,0,START_8589131,
BUS_2_DIR4_T62737.0,1380.0,PERIODIC_SAMPLE,0,START_8589131,
BUS_2_DIR4_T62737.0,1410.0,PERIODIC_SAMPLE,0,START_8589131,
BUS_2_DIR4_T62737.0,1440.0,PERIODIC_SAMPLE,0,START_8589131,
BUS_2_DIR4_T62737.0,1470.0,PERIODIC_SAMPLE,0,START_8589131,
BUS_2_DIR4_T62737.0,1500.0,PERIODIC_SAMPLE,0,START_8589131,
BUS_2_DIR4_T62737.0,1530.0,PERIODIC_SAMPLE,0,START_8589131,
BUS_2_DIR4_T62737.0,1560.0,PERIODIC_SAMPLE,0,START_8589131,
BUS_2_DIR4_T62737.0,1590.0,PERIODIC_SAMPLE,0,START_8589131,
BUS_2_DIR4_T62737.0,1620.0,PERIODIC_SAMPLE,0,START_8589131,
BUS_2_DIR4_T62737.0,1650.0,PERIODIC_SAMPLE,0,START_8589131,
BUS_2_DIR4_T62737.0,1680.0,PERIODIC_SAMPLE,0,START_8589131,
BUS_2_DIR4_T62737.0,1710.0,PERIODIC_SAMPLE,0,START_8589131,
BUS_2_DIR4_T62737.0,1740.0,PERIODIC_SAMPLE,0,START_8589131,
BUS_2_DIR4_T62737.0,1770.0,PERIODIC_SAMPLE,0,START_8589131,
BUS_2_DIR4_T62743.0,30.0,PERIODIC_SAMPLE,0,START_8592374,
BUS_2_DIR4_T62743.0,60.0,PERIODIC_SAMPLE,0,START_8592374,
BUS_2_DIR4_T62743.0,90.0,PERIODIC_SAMPLE,0,START_8592374,
BUS_2_DIR4_T62743.0,120.0,PERIODIC_SAMPLE,0,START_8592374,
BUS_2_DIR4_T62743.0,150.0,PERIODIC_SAMPLE,0,START_8592374,
BUS_2_DIR4_T62743.0,180.0,PERIODIC_SAMPLE,0,START_8592374,
BUS_2_DIR4_T62743.0,210.0,PERIODIC_SAMPLE,0,START_8592374,
BUS_2_DIR4_T62743.0,240.0,PERIODIC_SAMPLE,0,START_8592374,
BUS_2_DIR4_T62743.0,270.0,PERIODIC_SAMPLE,0,START_8592374,
BUS_2_DIR4_T62743.0,300.0,PERIODIC_SAMPLE,0,START_8592374,
BUS_2_DIR4_T62743.0,330.0,PERIODIC_SAMPLE,0,START_8592374,
BUS_2_DIR4_T62743.0,360.0,PERIODIC_SAMPLE,0,START_8592374,
BUS_2_DIR4_T62743.0,390.0,PERIODIC_SAMPLE,0,START_8592374,
BUS_2_DIR4_T62743.0,420.0,PERIODIC_SAMPLE,0,START_8592374,
BUS_2_DIR4_T62743.0,450.0,PERIODIC_SAMPLE,0,START_8592374,
BUS_2_DIR4_T62743.0,480.0,PERIODIC_SAMPLE,0,START_8592374,
BUS_2_DIR4_T62743.0,510.0,PERIODIC_SAMPLE,0,START_8592374,
BUS_2_DIR4_T62743.0,540.0,PERIODIC_SAMPLE,0,START_8592374,
BUS_2_DIR4_T62743.0,570.0,PERIODIC_SAMPLE,0,START_8592374,
BUS_2_DIR4_T62743.0,600.0,PERIODIC_SAMPLE,0,START_8592374,
BUS_2_DIR4_T62743.0,630.0,PERIODIC_SAMPLE,0,START_8592374,
BUS_2_DIR4_T62743.0,660.0,PERIODIC_SAMPLE,0,START_8592374,
BUS_2_DIR4_T62743.0,690.0,PERIODIC_SAMPLE,0,START_8592374,
BUS_2_DIR4_T62743.0,720.0,PERIODIC_SAMPLE,0,START_8592374,
BUS_2_DIR4_T62743.0,750.0,PERIODIC_SAMPLE,0,START_8592374,
BUS_2_DIR4_T62743.0,780.0,PERIODIC_SAMPLE,0,START_8592374,
BUS_2_DIR4_T62743.0,810.0,PERIODIC_SAMPLE,0,START_8592374,
BUS_2_DIR4_T62743.0,840.0,PERIODIC_SAMPLE,0,START_8592374,
BUS_2_DIR4_T62743.0,870.0,PERIODIC_SAMPLE,0,START_8592374,
BUS_2_DIR4_T62743.0,900.0,PERIODIC_SAMPLE,0,START_8592374,
BUS_2_DIR4_T62743.0,930.0,PERIODIC_SAMPLE,0,START_8592374,
BUS_2_DIR4_T62743.0,960.0,PERIODIC_SAMPLE,0,START_8592374,
BUS_2_DIR4_T62743.0,990.0,PERIODIC_SAMPLE,0,START_8592374,
BUS_2_DIR4_T62743.0,1020.0,PERIODIC_SAMPLE,0,START_8592374,
BUS_2_DIR4_T62743.0,1050.0,PERIODIC_SAMPLE,0,START_8592374,
BUS_2_DIR4_T62743.0,1080.0,PERIODIC_SAMPLE,0,START_8592374,
BUS_2_DIR4_T62743.0,1110.0,PERIODIC_SAMPLE,0,START_8592374,
BUS_2_DIR4_T62743.0,1140.0,PERIODIC_SAMPLE,0,START_8592374,
BUS_2_DIR4_T62743.0,1170.0,PERIODIC_SAMPLE,0,START_8592374,
BUS_2_DIR4_T62743.0,1200.0,PERIODIC_SAMPLE,0,START_8592374,
BUS_2_DIR4_T62743.0,1230.0,PERIODIC_SAMPLE,0,START_8592374,
BUS_2_DIR4_T62743.0,1260.0,PERIODIC_SAMPLE,0,START_8592374,
BUS_2_DIR4_T62743.0,1290.0,PERIODIC_SAMPLE,0,START_8592374,
BUS_2_DIR4_T62743.0,1320.0,PERIODIC_SAMPLE,0,START_8592374,
BUS_2_DIR4_T62743.0,1350.0,PERIODIC_SAMPLE,0,START_8592374,
BUS_2_DIR4_T62743.0,1380.0,PERIODIC_SAMPLE,0,START_8592374,
BUS_2_DIR4_T62743.0,1410.0,PERIODIC_SAMPLE,0,START_8592374,
BUS_2_DIR4_T62743.0,1440.0,PERIODIC_SAMPLE,0,START_8592374,
BUS_2_DIR4_T62743.0,1470.0,PERIODIC_SAMPLE,0,START_8592374,
BUS_2_DIR4_T62743.0,1500.0,PERIODIC_SAMPLE,0,START_8592374,
BUS_2_DIR4_T62743.0,1530.0,PERIODIC_SAMPLE,0,START_8592374,
BUS_2_DIR4_T62743.0,1560.0,PERIODIC_SAMPLE,0,START_8592374,
BUS_2_DIR4_T62743.0,1590.0,PERIODIC_SAMPLE,0,START_8592374,
BUS_2_DIR4_T62743.0,1620.0,PERIODIC_SAMPLE,0,START_8592374,
BUS_2_DIR4_T62743.0,1650.0,PERIODIC_SAMPLE,0,START_8592374,
BUS_2_DIR4_T62743.0,1680.0,PERIODIC_SAMPLE,0,START_8592374,
BUS_2_DIR4_T62743.0,1710.0,PERIODIC_SAMPLE,0,START_8592374,
BUS_2_DIR4_T62743.0,1740.0,PERIODIC_SAMPLE,0,START_8592374,
BUS_2_DIR4_T62743.0,1770.0,PERIODIC_SAMPLE,0,START_8592374,
BUS_2_DIR4_T62747.0,30.0,PERIODIC_SAMPLE,0,START_8589130,
BUS_2_DIR4_T62747.0,60.0,PERIODIC_SAMPLE,0,START_8589130,
BUS_2_DIR4_T62747.0,90.0,PERIODIC_SAMPLE,0,START_8589130,
BUS_2_DIR4_T62747.0,120.0,PERIODIC_SAMPLE,0,START_8589130,
BUS_2_DIR4_T62747.0,150.0,PERIODIC_SAMPLE,0,START_8589130,
BUS_2_DIR4_T62747.0,180.0,PERIODIC_SAMPLE,0,START_8589130,
BUS_2_DIR4_T62747.0,210.0,PERIODIC_SAMPLE,0,START_8589130,
BUS_2_DIR4_T62747.0,240.0,PERIODIC_SAMPLE,0,START_8589130,
BUS_2_DIR4_T62747.0,270.0,PERIODIC_SAMPLE,0,START_8589130,
BUS_2_DIR4_T62747.0,300.0,PERIODIC_SAMPLE,0,START_8589130,
BUS_2_DIR4_T62747.0,330.0,PERIODIC_SAMPLE,0,START_8589130,
BUS_2_DIR4_T62747.0,360.0,PERIODIC_SAMPLE,0,START_8589130,
BUS_2_DIR4_T62747.0,390.0,PERIODIC_SAMPLE,0,START_8589130,
BUS_2_DIR4_T62747.0,420.0,PERIODIC_SAMPLE,0,START_8589130,
BUS_2_DIR4_T62747.0,450.0,PERIODIC_SAMPLE,0,START_8589130,
BUS_2_DIR4_T62747.0,480.0,PERIODIC_SAMPLE,0,START_8589130,
BUS_2_DIR4_T62747.0,510.0,PERIODIC_SAMPLE,0,START_8589130,
BUS_2_DIR4_T62747.0,540.0,PERIODIC_SAMPLE,0,START_8589130,
BUS_2_DIR4_T62747.0,570.0,PERIODIC_SAMPLE,0,START_8589130,
BUS_2_DIR4_T62747.0,600.0,PERIODIC_SAMPLE,0,START_8589130,
BUS_2_DIR4_T62747.0,630.0,PERIODIC_SAMPLE,0,START_8589130,
BUS_2_DIR4_T62747.0,660.0,PERIODIC_SAMPLE,0,START_8589130,
BUS_2_DIR4_T62747.0,690.0,PERIODIC_SAMPLE,0,START_8589130,
BUS_2_DIR4_T62747.0,720.0,PERIODIC_SAMPLE,0,START_8589130,
BUS_2_DIR4_T62747.0,750.0,PERIODIC_SAMPLE,0,START_8589130,
BUS_2_DIR4_T62747.0,780.0,PERIODIC_SAMPLE,0,START_8589130,
BUS_2_DIR4_T62747.0,810.0,PERIODIC_SAMPLE,0,START_8589130,
BUS_2_DIR4_T62747.0,840.0,PERIODIC_SAMPLE,0,START_8589130,
BUS_2_DIR4_T62747.0,870.0,PERIODIC_SAMPLE,0,START_8589130,
BUS_2_DIR4_T62747.0,900.0,PERIODIC_SAMPLE,0,START_8589130,
BUS_2_DIR4_T62747.0,930.0,PERIODIC_SAMPLE,0,START_8589130,
BUS_2_DIR4_T62747.0,960.0,PERIODIC_SAMPLE,0,START_8589130,
BUS_2_DIR4_T62747.0,990.0,PERIODIC_SAMPLE,0,START_8589130,
BUS_2_DIR4_T62747.0,1020.0,PERIODIC_SAMPLE,0,START_8589130,
BUS_2_DIR4_T62747.0,1050.0,PERIODIC_SAMPLE,0,START_8589130,
BUS_2_DIR4_T62747.0,1080.0,PERIODIC_SAMPLE,0,START_8589130,
BUS_2_DIR4_T62747.0,1110.0,PERIODIC_SAMPLE,0,START_8589130,
BUS_2_DIR4_T62747.0,1140.0,PERIODIC_SAMPLE,0,START_8589130,
BUS_2_DIR4_T62747.0,1170.0,PERIODIC_SAMPLE,0,START_8589130,
BUS_2_DIR4_T62747.0,1200.0,PERIODIC_SAMPLE,0,START_8589130,
BUS_2_DIR4_T62747.0,1230.0,PERIODIC_SAMPLE,0,START_8589130,
BUS_2_DIR4_T62747.0,1260.0,PERIODIC_SAMPLE,0,START_8589130,
BUS_2_DIR4_T62747.0,1290.0,PERIODIC_SAMPLE,0,START_8589130,
BUS_2_DIR4_T62747.0,1320.0,PERIODIC_SAMPLE,0,START_8589130,
BUS_2_DIR4_T62747.0,1350.0,PERIODIC_SAMPLE,0,START_8589130,
BUS_2_DIR4_T62747.0,1380.0,PERIODIC_SAMPLE,0,START_8589130,
BUS_2_DIR4_T62747.0,1410.0,PERIODIC_SAMPLE,0,START_8589130,
BUS_2_DIR4_T62747.0,1440.0,PERIODIC_SAMPLE,0,START_8589130,
BUS_2_DIR4_T62747.0,1470.0,PERIODIC_SAMPLE,0,START_8589130,
BUS_2_DIR4_T62747.0,1500.0,PERIODIC_SAMPLE,0,START_8589130,
BUS_2_DIR4_T62747.0,1530.0,PERIODIC_SAMPLE,0,START_8589130,
BUS_2_DIR4_T62747.0,1560.0,PERIODIC_SAMPLE,0,START_8589130,
BUS_2_DIR4_T62747.0,1590.0,PERIODIC_SAMPLE,0,START_8589130,
BUS_2_DIR4_T62747.0,1620.0,PERIODIC_SAMPLE,0,START_8589130,
BUS_2_DIR4_T62747.0,1650.0,PERIODIC_SAMPLE,0,START_8589130,
BUS_2_DIR4_T62747.0,1680.0,PERIODIC_SAMPLE,0,START_8589130,
BUS_2_DIR4_T62747.0,1710.0,PERIODIC_SAMPLE,0,START_8589130,
BUS_2_DIR4_T62747.0,1740.0,PERIODIC_SAMPLE,0,START_8589130,
BUS_2_DIR4_T62747.0,1770.0,PERIODIC_SAMPLE,0,START_8589130,
BUS_2_DIR4_T62757.0,30.0,PERIODIC_SAMPLE,0,START_8589130,
BUS_2_DIR4_T62757.0,60.0,PERIODIC_SAMPLE,0,START_8589130,
BUS_2_DIR4_T62757.0,90.0,PERIODIC_SAMPLE,0,START_8589130,
BUS_2_DIR4_T62757.0,120.0,PERIODIC_SAMPLE,0,START_8589130,
BUS_2_DIR4_T62757.0,150.0,PERIODIC_SAMPLE,0,START_8589130,
BUS_2_DIR4_T62757.0,180.0,PERIODIC_SAMPLE,0,START_8589130,
BUS_2_DIR4_T62757.0,210.0,PERIODIC_SAMPLE,0,START_8589130,
BUS_2_DIR4_T62757.0,240.0,PERIODIC_SAMPLE,0,START_8589130,
BUS_2_DIR4_T62757.0,270.0,PERIODIC_SAMPLE,0,START_8589130,
BUS_2_DIR4_T62757.0,300.0,PERIODIC_SAMPLE,0,START_8589130,
BUS_2_DIR4_T62757.0,330.0,PERIODIC_SAMPLE,0,START_8589130,
BUS_2_DIR4_T62757.0,360.0,PERIODIC_SAMPLE,0,START_8589130,
BUS_2_DIR4_T62757.0,390.0,PERIODIC_SAMPLE,0,START_8589130,
BUS_2_DIR4_T62757.0,420.0,PERIODIC_SAMPLE,0,START_8589130,
BUS_2_DIR4_T62757.0,450.0,PERIODIC_SAMPLE,0,START_8589130,
BUS_2_DIR4_T62757.0,480.0,PERIODIC_SAMPLE,0,START_8589130,
BUS_2_DIR4_T62757.0,510.0,PERIODIC_SAMPLE,0,START_8589130,
BUS_2_DIR4_T62757.0,540.0,PERIODIC_SAMPLE,0,START_8589130,
BUS_2_DIR4_T62757.0,570.0,PERIODIC_SAMPLE,0,START_8589130,
BUS_2_DIR4_T62757.0,600.0,PERIODIC_SAMPLE,0,START_8589130,
BUS_2_DIR4_T62757.0,630.0,PERIODIC_SAMPLE,0,START_8589130,
BUS_2_DIR4_T62757.0,660.0,PERIODIC_SAMPLE,0,START_8589130,
BUS_2_DIR4_T62757.0,690.0,PERIODIC_SAMPLE,0,START_8589130,
BUS_2_DIR4_T62757.0,720.0,PERIODIC_SAMPLE,0,START_8589130,
BUS_2_DIR4_T62757.0,750.0,PERIODIC_SAMPLE,0,START_8589130,
BUS_2_DIR4_T62757.0,780.0,PERIODIC_SAMPLE,0,START_8589130,
BUS_2_DIR4_T62757.0,810.0,PERIODIC_SAMPLE,0,START_8589130,
BUS_2_DIR4_T62757.0,840.0,PERIODIC_SAMPLE,0,START_8589130,
BUS_2_DIR4_T62757.0,870.0,PERIODIC_SAMPLE,0,START_8589130,
BUS_2_DIR4_T62757.0,900.0,PERIODIC_SAMPLE,0,START_8589130,
BUS_2_DIR4_T62757.0,930.0,PERIODIC_SAMPLE,0,START_8589130,
BUS_2_DIR4_T62757.0,960.0,PERIODIC_SAMPLE,0,START_8589130,
BUS_2_DIR4_T62757.0,990.0,PERIODIC_SAMPLE,0,START_8589130,
BUS_2_DIR4_T62757.0,1020.0,PERIODIC_SAMPLE,0,START_8589130,
BUS_2_DIR4_T62757.0,1050.0,PERIODIC_SAMPLE,0,START_8589130,
BUS_2_DIR4_T62757.0,1080.0,PERIODIC_SAMPLE,0,START_8589130,
BUS_2_DIR4_T62757.0,1110.0,PERIODIC_SAMPLE,0,START_8589130,
BUS_2_DIR4_T62757.0,1140.0,PERIODIC_SAMPLE,0,START_8589130,
BUS_2_DIR4_T62757.0,1170.0,PERIODIC_SAMPLE,0,START_8589130,
BUS_2_DIR4_T62757.0,1200.0,PERIODIC_SAMPLE,0,START_8589130,
BUS_2_DIR4_T62757.0,1230.0,PERIODIC_SAMPLE,0,START_8589130,
BUS_2_DIR4_T62757.0,1260.0,PERIODIC_SAMPLE,0,START_8589130,
BUS_2_DIR4_T62757.0,1290.0,PERIODIC_SAMPLE,0,START_8589130,
BUS_2_DIR4_T62757.0,1320.0,PERIODIC_SAMPLE,0,START_8589130,
BUS_2_DIR4_T62757.0,1350.0,PERIODIC_SAMPLE,0,START_8589130,
BUS_2_DIR4_T62757.0,1380.0,PERIODIC_SAMPLE,0,START_8589130,
BUS_2_DIR4_T62757.0,1410.0,PERIODIC_SAMPLE,0,START_8589130,
BUS_2_DIR4_T62757.0,1440.0,PERIODIC_SAMPLE,0,START_8589130,
BUS_2_DIR4_T62757.0,1470.0,PERIODIC_SAMPLE,0,START_8589130,
BUS_2_DIR4_T62757.0,1500.0,PERIODIC_SAMPLE,0,START_8589130,
BUS_2_DIR4_T62757.0,1530.0,PERIODIC_SAMPLE,0,START_8589130,
BUS_2_DIR4_T62757.0,1560.0,PERIODIC_SAMPLE,0,START_8589130,
BUS_2_DIR4_T62757.0,1590.0,PERIODIC_SAMPLE,0,START_8589130,
BUS_2_DIR4_T62757.0,1620.0,PERIODIC_SAMPLE,0,START_8589130,
BUS_2_DIR4_T62757.0,1650.0,PERIODIC_SAMPLE,0,START_8589130,
BUS_2_DIR4_T62757.0,1680.0,PERIODIC_SAMPLE,0,START_8589130,
BUS_2_DIR4_T62757.0,1710.0,PERIODIC_SAMPLE,0,START_8589130,
BUS_2_DIR4_T62757.0,1740.0,PERIODIC_SAMPLE,0,START_8589130,
BUS_2_DIR4_T62757.0,1770.0,PERIODIC_SAMPLE,0,START_8589130,
BUS_2_DIR4_T62763.0,30.0,PERIODIC_SAMPLE,0,START_8589130,
BUS_2_DIR4_T62763.0,60.0,PERIODIC_SAMPLE,0,START_8589130,
BUS_2_DIR4_T62763.0,90.0,PERIODIC_SAMPLE,0,START_8589130,
BUS_2_DIR4_T62763.0,120.0,PERIODIC_SAMPLE,0,START_8589130,
BUS_2_DIR4_T62763.0,150.0,PERIODIC_SAMPLE,0,START_8589130,
BUS_2_DIR4_T62763.0,180.0,PERIODIC_SAMPLE,0,START_8589130,
BUS_2_DIR4_T62763.0,210.0,PERIODIC_SAMPLE,0,START_8589130,
BUS_2_DIR4_T62763.0,240.0,PERIODIC_SAMPLE,0,START_8589130,
BUS_2_DIR4_T62763.0,270.0,PERIODIC_SAMPLE,0,START_8589130,
BUS_2_DIR4_T62763.0,300.0,PERIODIC_SAMPLE,0,START_8589130,
BUS_2_DIR4_T62763.0,330.0,PERIODIC_SAMPLE,0,START_8589130,
BUS_2_DIR4_T62763.0,360.0,PERIODIC_SAMPLE,0,START_8589130,
BUS_2_DIR4_T62763.0,390.0,PERIODIC_SAMPLE,0,START_8589130,
BUS_2_DIR4_T62763.0,420.0,PERIODIC_SAMPLE,0,START_8589130,
BUS_2_DIR4_T62763.0,450.0,PERIODIC_SAMPLE,0,START_8589130,
BUS_2_DIR4_T62763.0,480.0,PERIODIC_SAMPLE,0,START_8589130,
BUS_2_DIR4_T62763.0,510.0,PERIODIC_SAMPLE,0,START_8589130,
BUS_2_DIR4_T62763.0,540.0,PERIODIC_SAMPLE,0,START_8589130,
BUS_2_DIR4_T62763.0,570.0,PERIODIC_SAMPLE,0,START_8589130,
BUS_2_DIR4_T62763.0,600.0,PERIODIC_SAMPLE,0,START_8589130,
BUS_2_DIR4_T62763.0,630.0,PERIODIC_SAMPLE,0,START_8589130,
BUS_2_DIR4_T62763.0,660.0,PERIODIC_SAMPLE,0,START_8589130,
BUS_2_DIR4_T62763.0,690.0,PERIODIC_SAMPLE,0,START_8589130,
BUS_2_DIR4_T62763.0,720.0,PERIODIC_SAMPLE,0,START_8589130,
BUS_2_DIR4_T62763.0,750.0,PERIODIC_SAMPLE,0,START_8589130,
BUS_2_DIR4_T62763.0,780.0,PERIODIC_SAMPLE,0,START_8589130,
BUS_2_DIR4_T62763.0,810.0,PERIODIC_SAMPLE,0,START_8589130,
BUS_2_DIR4_T62763.0,840.0,PERIODIC_SAMPLE,0,START_8589130,
BUS_2_DIR4_T62763.0,870.0,PERIODIC_SAMPLE,0,START_8589130,
BUS_2_DIR4_T62763.0,900.0,PERIODIC_SAMPLE,0,START_8589130,
BUS_2_DIR4_T62763.0,930.0,PERIODIC_SAMPLE,0,START_8589130,
BUS_2_DIR4_T62763.0,960.0,PERIODIC_SAMPLE,0,START_8589130,
BUS_2_DIR4_T62763.0,990.0,PERIODIC_SAMPLE,0,START_8589130,
BUS_2_DIR4_T62763.0,1020.0,PERIODIC_SAMPLE,0,START_8589130,
BUS_2_DIR4_T62763.0,1050.0,PERIODIC_SAMPLE,0,START_8589130,
BUS_2_DIR4_T62763.0,1080.0,PERIODIC_SAMPLE,0,START_8589130,
BUS_2_DIR4_T62763.0,1110.0,PERIODIC_SAMPLE,0,START_8589130,
BUS_2_DIR4_T62763.0,1140.0,PERIODIC_SAMPLE,0,START_8589130,
BUS_2_DIR4_T62763.0,1170.0,PERIODIC_SAMPLE,0,START_8589130,
BUS_2_DIR4_T62763.0,1200.0,PERIODIC_SAMPLE,0,START_8589130,
BUS_2_DIR4_T62763.0,1230.0,PERIODIC_SAMPLE,0,START_8589130,
BUS_2_DIR4_T62763.0,1260.0,PERIODIC_SAMPLE,0,START_8589130,
BUS_2_DIR4_T62763.0,1290.0,PERIODIC_SAMPLE,0,START_8589130,
BUS_2_DIR4_T62763.0,1320.0,PERIODIC_SAMPLE,0,START_8589130,
BUS_2_DIR4_T62763.0,1350.0,PERIODIC_SAMPLE,0,START_8589130,
BUS_2_DIR4_T62763.0,1380.0,PERIODIC_SAMPLE,0,START_8589130,
BUS_2_DIR4_T62763.0,1410.0,PERIODIC_SAMPLE,0,START_8589130,
BUS_2_DIR4_T62763.0,1440.0,PERIODIC_SAMPLE,0,START_8589130,
BUS_2_DIR4_T62763.0,1470.0,PERIODIC_SAMPLE,0,START_8589130,
BUS_2_DIR4_T62763.0,1500.0,PERIODIC_SAMPLE,0,START_8589130,
BUS_2_DIR4_T62763.0,1530.0,PERIODIC_SAMPLE,0,START_8589130,
BUS_2_DIR4_T62763.0,1560.0,PERIODIC_SAMPLE,0,START_8589130,
BUS_2_DIR4_T62763.0,1590.0,PERIODIC_SAMPLE,0,START_8589130,
BUS_2_DIR4_T62763.0,1620.0,PERIODIC_SAMPLE,0,START_8589130,
BUS_2_DIR4_T62763.0,1650.0,PERIODIC_SAMPLE,0,START_8589130,
BUS_2_DIR4_T62763.0,1680.0,PERIODIC_SAMPLE,0,START_8589130,
BUS_2_DIR4_T62763.0,1710.0,PERIODIC_SAMPLE,0,START_8589130,
BUS_2_DIR4_T62763.0,1740.0,PERIODIC_SAMPLE,0,START_8589130,
BUS_2_DIR4_T62763.0,1770.0,PERIODIC_SAMPLE,0,START_8589130,
BUS_2_DIR4_T62775.0,30.0,PERIODIC_SAMPLE,0,START_8589130,
BUS_2_DIR4_T62775.0,60.0,PERIODIC_SAMPLE,0,START_8589130,
BUS_2_DIR4_T62775.0,90.0,PERIODIC_SAMPLE,0,START_8589130,
BUS_2_DIR4_T62775.0,120.0,PERIODIC_SAMPLE,0,START_8589130,
BUS_2_DIR4_T62775.0,150.0,PERIODIC_SAMPLE,0,START_8589130,
BUS_2_DIR4_T62775.0,180.0,PERIODIC_SAMPLE,0,START_8589130,
BUS_2_DIR4_T62775.0,210.0,PERIODIC_SAMPLE,0,START_8589130,
BUS_2_DIR4_T62775.0,240.0,PERIODIC_SAMPLE,0,START_8589130,
BUS_2_DIR4_T62775.0,270.0,PERIODIC_SAMPLE,0,START_8589130,
BUS_2_DIR4_T62775.0,300.0,PERIODIC_SAMPLE,0,START_8589130,
BUS_2_DIR4_T62775.0,330.0,PERIODIC_SAMPLE,0,START_8589130,
BUS_2_DIR4_T62775.0,360.0,PERIODIC_SAMPLE,0,START_8589130,
BUS_2_DIR4_T62775.0,390.0,PERIODIC_SAMPLE,0,START_8589130,
BUS_2_DIR4_T62775.0,420.0,PERIODIC_SAMPLE,0,START_8589130,
BUS_2_DIR4_T62775.0,450.0,PERIODIC_SAMPLE,0,START_8589130,
BUS_2_DIR4_T62775.0,480.0,PERIODIC_SAMPLE,0,START_8589130,
BUS_2_DIR4_T62775.0,510.0,PERIODIC_SAMPLE,0,START_8589130,
BUS_2_DIR4_T62775.0,540.0,PERIODIC_SAMPLE,0,START_8589130,
BUS_2_DIR4_T62775.0,570.0,PERIODIC_SAMPLE,0,START_8589130,
BUS_2_DIR4_T62775.0,600.0,PERIODIC_SAMPLE,0,START_8589130,
BUS_2_DIR4_T62775.0,630.0,PERIODIC_SAMPLE,0,START_8589130,
BUS_2_DIR4_T62775.0,660.0,PERIODIC_SAMPLE,0,START_8589130,
BUS_2_DIR4_T62775.0,690.0,PERIODIC_SAMPLE,0,START_8589130,
BUS_2_DIR4_T62775.0,720.0,PERIODIC_SAMPLE,0,START_8589130,
BUS_2_DIR4_T62775.0,750.0,PERIODIC_SAMPLE,0,START_8589130,
BUS_2_DIR4_T62775.0,780.0,PERIODIC_SAMPLE,0,START_8589130,
BUS_2_DIR4_T62775.0,810.0,PERIODIC_SAMPLE,0,START_8589130,
BUS_2_DIR4_T62775.0,840.0,PERIODIC_SAMPLE,0,START_8589130,
BUS_2_DIR4_T62775.0,870.0,PERIODIC_SAMPLE,0,START_8589130,
BUS_2_DIR4_T62775.0,900.0,PERIODIC_SAMPLE,0,START_8589130,
BUS_2_DIR4_T62775.0,930.0,PERIODIC_SAMPLE,0,START_8589130,
BUS_2_DIR4_T62775.0,960.0,PERIODIC_SAMPLE,0,START_8589130,
BUS_2_DIR4_T62775.0,990.0,PERIODIC_SAMPLE,0,START_8589130,
BUS_2_DIR4_T62775.0,1020.0,PERIODIC_SAMPLE,0,START_8589130,
BUS_2_DIR4_T62775.0,1050.0,PERIODIC_SAMPLE,0,START_8589130,
BUS_2_DIR4_T62775.0,1080.0,PERIODIC_SAMPLE,0,START_8589130,
BUS_2_DIR4_T62775.0,1110.0,PERIODIC_SAMPLE,0,START_8589130,
BUS_2_DIR4_T62775.0,1140.0,PERIODIC_SAMPLE,0,START_8589130,
BUS_2_DIR4_T62775.0,1170.0,PERIODIC_SAMPLE,0,START_8589130,
BUS_2_DIR4_T62775.0,1200.0,PERIODIC_SAMPLE,0,START_8589130,
BUS_2_DIR4_T62775.0,1230.0,PERIODIC_SAMPLE,0,START_8589130,
BUS_2_DIR4_T62775.0,1260.0,PERIODIC_SAMPLE,0,START_8589130,
BUS_2_DIR4_T62775.0,1290.0,PERIODIC_SAMPLE,0,START_8589130,
BUS_2_DIR4_T62775.0,1320.0,PERIODIC_SAMPLE,0,START_8589130,
BUS_2_DIR4_T62775.0,1350.0,PERIODIC_SAMPLE,0,START_8589130,
BUS_2_DIR4_T62775.0,1380.0,PERIODIC_SAMPLE,0,START_8589130,
BUS_2_DIR4_T62775.0,1410.0,PERIODIC_SAMPLE,0,START_8589130,
BUS_2_DIR4_T62775.0,1440.0,PERIODIC_SAMPLE,0,START_8589130,
BUS_2_DIR4_T62775.0,1470.0,PERIODIC_SAMPLE,0,START_8589130,
BUS_2_DIR4_T62775.0,1500.0,PERIODIC_SAMPLE,0,START_8589130,
BUS_2_DIR4_T62775.0,1530.0,PERIODIC_SAMPLE,0,START_8589130,
BUS_2_DIR4_T62775.0,1560.0,PERIODIC_SAMPLE,0,START_8589130,
BUS_2_DIR4_T62775.0,1590.0,PERIODIC_SAMPLE,0,START_8589130,
BUS_2_DIR4_T62775.0,1620.0,PERIODIC_SAMPLE,0,START_8589130,
BUS_2_DIR4_T62775.0,1650.0,PERIODIC_SAMPLE,0,START_8589130,
BUS_2_DIR4_T62775.0,1680.0,PERIODIC_SAMPLE,0,START_8589130,
BUS_2_DIR4_T62775.0,1710.0,PERIODIC_SAMPLE,0,START_8589130,
BUS_2_DIR4_T62775.0,1740.0,PERIODIC_SAMPLE,0,START_8589130,
BUS_2_DIR4_T62775.0,1770.0,PERIODIC_SAMPLE,0,START_8589130,
BUS_2_DIR4_T62777.0,30.0,PERIODIC_SAMPLE,0,START_8589130,
BUS_2_DIR4_T62777.0,60.0,PERIODIC_SAMPLE,0,START_8589130,
BUS_2_DIR4_T62777.0,90.0,PERIODIC_SAMPLE,0,START_8589130,
BUS_2_DIR4_T62777.0,120.0,PERIODIC_SAMPLE,0,START_8589130,
BUS_2_DIR4_T62777.0,150.0,PERIODIC_SAMPLE,0,START_8589130,
BUS_2_DIR4_T62777.0,180.0,PERIODIC_SAMPLE,0,START_8589130,
BUS_2_DIR4_T62777.0,210.0,PERIODIC_SAMPLE,0,START_8589130,
BUS_2_DIR4_T62777.0,240.0,PERIODIC_SAMPLE,0,START_8589130,
BUS_2_DIR4_T62777.0,270.0,PERIODIC_SAMPLE,0,START_8589130,
BUS_2_DIR4_T62777.0,300.0,PERIODIC_SAMPLE,0,START_8589130,
BUS_2_DIR4_T62777.0,330.0,PERIODIC_SAMPLE,0,START_8589130,
BUS_2_DIR4_T62777.0,360.0,PERIODIC_SAMPLE,0,START_8589130,
BUS_2_DIR4_T62777.0,390.0,PERIODIC_SAMPLE,0,START_8589130,
BUS_2_DIR4_T62777.0,420.0,PERIODIC_SAMPLE,0,START_8589130,
BUS_2_DIR4_T62777.0,450.0,PERIODIC_SAMPLE,0,START_8589130,
BUS_2_DIR4_T62777.0,480.0,PERIODIC_SAMPLE,0,START_8589130,
BUS_2_DIR4_T62777.0,510.0,PERIODIC_SAMPLE,0,START_8589130,
BUS_2_DIR4_T62777.0,540.0,PERIODIC_SAMPLE,0,START_8589130,
BUS_2_DIR4_T62777.0,570.0,PERIODIC_SAMPLE,0,START_8589130,
BUS_2_DIR4_T62777.0,600.0,PERIODIC_SAMPLE,0,START_8589130,
BUS_2_DIR4_T62777.0,630.0,PERIODIC_SAMPLE,0,START_8589130,
BUS_2_DIR4_T62777.0,660.0,PERIODIC_SAMPLE,0,START_8589130,
BUS_2_DIR4_T62777.0,690.0,PERIODIC_SAMPLE,0,START_8589130,
BUS_2_DIR4_T62777.0,720.0,PERIODIC_SAMPLE,0,START_8589130,
BUS_2_DIR4_T62777.0,750.0,PERIODIC_SAMPLE,0,START_8589130,
BUS_2_DIR4_T62777.0,780.0,PERIODIC_SAMPLE,0,START_8589130,
BUS_2_DIR4_T62777.0,810.0,PERIODIC_SAMPLE,0,START_8589130,
BUS_2_DIR4_T62777.0,840.0,PERIODIC_SAMPLE,0,START_8589130,
BUS_2_DIR4_T62777.0,870.0,PERIODIC_SAMPLE,0,START_8589130,
BUS_2_DIR4_T62777.0,900.0,PERIODIC_SAMPLE,0,START_8589130,
BUS_2_DIR4_T62777.0,930.0,PERIODIC_SAMPLE,0,START_8589130,
BUS_2_DIR4_T62777.0,960.0,PERIODIC_SAMPLE,0,START_8589130,
BUS_2_DIR4_T62777.0,990.0,PERIODIC_SAMPLE,0,START_8589130,
BUS_2_DIR4_T62777.0,1020.0,PERIODIC_SAMPLE,0,START_8589130,
BUS_2_DIR4_T62777.0,1050.0,PERIODIC_SAMPLE,0,START_8589130,
BUS_2_DIR4_T62777.0,1080.0,PERIODIC_SAMPLE,0,START_8589130,
BUS_2_DIR4_T62777.0,1110.0,PERIODIC_SAMPLE,0,START_8589130,
BUS_2_DIR4_T62777.0,1140.0,PERIODIC_SAMPLE,0,START_8589130,
BUS_2_DIR4_T62777.0,1170.0,PERIODIC_SAMPLE,0,START_8589130,
BUS_2_DIR4_T62777.0,1200.0,PERIODIC_SAMPLE,0,START_8589130,
BUS_2_DIR4_T62777.0,1230.0,PERIODIC_SAMPLE,0,START_8589130,
BUS_2_DIR4_T62777.0,1260.0,PERIODIC_SAMPLE,0,START_8589130,
BUS_2_DIR4_T62777.0,1290.0,PERIODIC_SAMPLE,0,START_8589130,
BUS_2_DIR4_T62777.0,1320.0,PERIODIC_SAMPLE,0,START_8589130,
BUS_2_DIR4_T62777.0,1350.0,PERIODIC_SAMPLE,0,START_8589130,
BUS_2_DIR4_T62777.0,1380.0,PERIODIC_SAMPLE,0,START_8589130,
BUS_2_DIR4_T62777.0,1410.0,PERIODIC_SAMPLE,0,START_8589130,
BUS_2_DIR4_T62777.0,1440.0,PERIODIC_SAMPLE,0,START_8589130,
BUS_2_DIR4_T62777.0,1470.0,PERIODIC_SAMPLE,0,START_8589130,
BUS_2_DIR4_T62777.0,1500.0,PERIODIC_SAMPLE,0,START_8589130,
BUS_2_DIR4_T62777.0,1530.0,PERIODIC_SAMPLE,0,START_8589130,
BUS_2_DIR4_T62777.0,1560.0,PERIODIC_SAMPLE,0,START_8589130,
BUS_2_DIR4_T62777.0,1590.0,PERIODIC_SAMPLE,0,START_8589130,
BUS_2_DIR4_T62777.0,1620.0,PERIODIC_SAMPLE,0,START_8589130,
BUS_2_DIR4_T62777.0,1650.0,PERIODIC_SAMPLE,0,START_8589130,
BUS_2_DIR4_T62777.0,1680.0,PERIODIC_SAMPLE,0,START_8589130,
BUS_2_DIR4_T62777.0,1710.0,PERIODIC_SAMPLE,0,START_8589130,
BUS_2_DIR4_T62777.0,1740.0,PERIODIC_SAMPLE,0,START_8589130,
BUS_2_DIR4_T62777.0,1770.0,PERIODIC_SAMPLE,0,START_8589130,
BUS_2_DIR4_T62785.0,30.0,PERIODIC_SAMPLE,0,START_8589130,
BUS_2_DIR4_T62785.0,60.0,PERIODIC_SAMPLE,0,START_8589130,
BUS_2_DIR4_T62785.0,90.0,PERIODIC_SAMPLE,0,START_8589130,
BUS_2_DIR4_T62785.0,120.0,PERIODIC_SAMPLE,0,START_8589130,
BUS_2_DIR4_T62785.0,150.0,PERIODIC_SAMPLE,0,START_8589130,
BUS_2_DIR4_T62785.0,180.0,PERIODIC_SAMPLE,0,START_8589130,
BUS_2_DIR4_T62785.0,210.0,PERIODIC_SAMPLE,0,START_8589130,
BUS_2_DIR4_T62785.0,240.0,PERIODIC_SAMPLE,0,START_8589130,
BUS_2_DIR4_T62785.0,270.0,PERIODIC_SAMPLE,0,START_8589130,
BUS_2_DIR4_T62785.0,300.0,PERIODIC_SAMPLE,0,START_8589130,
BUS_2_DIR4_T62785.0,330.0,PERIODIC_SAMPLE,0,START_8589130,
BUS_2_DIR4_T62785.0,360.0,PERIODIC_SAMPLE,0,START_8589130,
BUS_2_DIR4_T62785.0,390.0,PERIODIC_SAMPLE,0,START_8589130,
BUS_2_DIR4_T62785.0,420.0,PERIODIC_SAMPLE,0,START_8589130,
BUS_2_DIR4_T62785.0,450.0,PERIODIC_SAMPLE,0,START_8589130,
BUS_2_DIR4_T62785.0,480.0,PERIODIC_SAMPLE,0,START_8589130,
BUS_2_DIR4_T62785.0,510.0,PERIODIC_SAMPLE,0,START_8589130,
BUS_2_DIR4_T62785.0,540.0,PERIODIC_SAMPLE,0,START_8589130,
BUS_2_DIR4_T62785.0,570.0,PERIODIC_SAMPLE,0,START_8589130,
BUS_2_DIR4_T62785.0,600.0,PERIODIC_SAMPLE,0,START_8589130,
BUS_2_DIR4_T62785.0,630.0,PERIODIC_SAMPLE,0,START_8589130,
BUS_2_DIR4_T62785.0,660.0,PERIODIC_SAMPLE,0,START_8589130,
BUS_2_DIR4_T62785.0,690.0,PERIODIC_SAMPLE,0,START_8589130,
BUS_2_DIR4_T62785.0,720.0,PERIODIC_SAMPLE,0,START_8589130,
BUS_2_DIR4_T62785.0,750.0,PERIODIC_SAMPLE,0,START_8589130,
BUS_2_DIR4_T62785.0,780.0,PERIODIC_SAMPLE,0,START_8589130,
BUS_2_DIR4_T62785.0,810.0,PERIODIC_SAMPLE,0,START_8589130,
BUS_2_DIR4_T62785.0,840.0,PERIODIC_SAMPLE,0,START_8589130,
BUS_2_DIR4_T62785.0,870.0,PERIODIC_SAMPLE,0,START_8589130,
BUS_2_DIR4_T62785.0,900.0,PERIODIC_SAMPLE,0,START_8589130,
BUS_2_DIR4_T62785.0,930.0,PERIODIC_SAMPLE,0,START_8589130,
BUS_2_DIR4_T62785.0,960.0,PERIODIC_SAMPLE,0,START_8589130,
BUS_2_DIR4_T62785.0,990.0,PERIODIC_SAMPLE,0,START_8589130,
BUS_2_DIR4_T62785.0,1020.0,PERIODIC_SAMPLE,0,START_8589130,
BUS_2_DIR4_T62785.0,1050.0,PERIODIC_SAMPLE,0,START_8589130,
BUS_2_DIR4_T62785.0,1080.0,PERIODIC_SAMPLE,0,START_8589130,
BUS_2_DIR4_T62785.0,1110.0,PERIODIC_SAMPLE,0,START_8589130,
BUS_2_DIR4_T62785.0,1140.0,PERIODIC_SAMPLE,0,START_8589130,
BUS_2_DIR4_T62785.0,1170.0,PERIODIC_SAMPLE,0,START_8589130,
BUS_2_DIR4_T62785.0,1200.0,PERIODIC_SAMPLE,0,START_8589130,
BUS_2_DIR4_T62785.0,1230.0,PERIODIC_SAMPLE,0,START_8589130,
BUS_2_DIR4_T62785.0,1260.0,PERIODIC_SAMPLE,0,START_8589130,
BUS_2_DIR4_T62785.0,1290.0,PERIODIC_SAMPLE,0,START_8589130,
BUS_2_DIR4_T62785.0,1320.0,PERIODIC_SAMPLE,0,START_8589130,
BUS_2_DIR4_T62785.0,1350.0,PERIODIC_SAMPLE,0,START_8589130,
BUS_2_DIR4_T62785.0,1380.0,PERIODIC_SAMPLE,0,START_8589130,
BUS_2_DIR4_T62785.0,1410.0,PERIODIC_SAMPLE,0,START_8589130,
BUS_2_DIR4_T62785.0,1440.0,PERIODIC_SAMPLE,0,START_8589130,
BUS_2_DIR4_T62785.0,1470.0,PERIODIC_SAMPLE,0,START_8589130,
BUS_2_DIR4_T62785.0,1500.0,PERIODIC_SAMPLE,0,START_8589130,
BUS_2_DIR4_T62785.0,1530.0,PERIODIC_SAMPLE,0,START_8589130,
BUS_2_DIR4_T62785.0,1560.0,PERIODIC_SAMPLE,0,START_8589130,
BUS_2_DIR4_T62785.0,1590.0,PERIODIC_SAMPLE,0,START_8589130,
BUS_2_DIR4_T62785.0,1620.0,PERIODIC_SAMPLE,0,START_8589130,
BUS_2_DIR4_T62785.0,1650.0,PERIODIC_SAMPLE,0,START_8589130,
BUS_2_DIR4_T62785.0,1680.0,PERIODIC_SAMPLE,0,START_8589130,
BUS_2_DIR4_T62785.0,1710.0,PERIODIC_SAMPLE,0,START_8589130,
BUS_2_DIR4_T62785.0,1740.0,PERIODIC_SAMPLE,0,START_8589130,
BUS_2_DIR4_T62785.0,1770.0,PERIODIC_SAMPLE,0,START_8589130,
BUS_2_DIR4_T62793.0,30.0,PERIODIC_SAMPLE,0,START_8589130,
BUS_2_DIR4_T62793.0,60.0,PERIODIC_SAMPLE,0,START_8589130,
BUS_2_DIR4_T62793.0,90.0,PERIODIC_SAMPLE,0,START_8589130,
BUS_2_DIR4_T62793.0,120.0,PERIODIC_SAMPLE,0,START_8589130,
BUS_2_DIR4_T62793.0,150.0,PERIODIC_SAMPLE,0,START_8589130,
BUS_2_DIR4_T62793.0,180.0,PERIODIC_SAMPLE,0,START_8589130,
BUS_2_DIR4_T62793.0,210.0,PERIODIC_SAMPLE,0,START_8589130,
BUS_2_DIR4_T62793.0,240.0,PERIODIC_SAMPLE,0,START_8589130,
BUS_2_DIR4_T62793.0,270.0,PERIODIC_SAMPLE,0,START_8589130,
BUS_2_DIR4_T62793.0,300.0,PERIODIC_SAMPLE,0,START_8589130,
BUS_2_DIR4_T62793.0,330.0,PERIODIC_SAMPLE,0,START_8589130,
BUS_2_DIR4_T62793.0,360.0,PERIODIC_SAMPLE,0,START_8589130,
BUS_2_DIR4_T62793.0,390.0,PERIODIC_SAMPLE,0,START_8589130,
BUS_2_DIR4_T62793.0,420.0,PERIODIC_SAMPLE,0,START_8589130,
BUS_2_DIR4_T62793.0,450.0,PERIODIC_SAMPLE,0,START_8589130,
BUS_2_DIR4_T62793.0,480.0,PERIODIC_SAMPLE,0,START_8589130,
BUS_2_DIR4_T62793.0,510.0,PERIODIC_SAMPLE,0,START_8589130,
BUS_2_DIR4_T62793.0,540.0,PERIODIC_SAMPLE,0,START_8589130,
BUS_2_DIR4_T62793.0,570.0,PERIODIC_SAMPLE,0,START_8589130,
BUS_2_DIR4_T62793.0,600.0,PERIODIC_SAMPLE,0,START_8589130,
BUS_2_DIR4_T62793.0,630.0,PERIODIC_SAMPLE,0,START_8589130,
BUS_2_DIR4_T62793.0,660.0,PERIODIC_SAMPLE,0,START_8589130,
BUS_2_DIR4_T62793.0,690.0,PERIODIC_SAMPLE,0,START_8589130,
BUS_2_DIR4_T62793.0,720.0,PERIODIC_SAMPLE,0,START_8589130,
BUS_2_DIR4_T62793.0,750.0,PERIODIC_SAMPLE,0,START_8589130,
BUS_2_DIR4_T62793.0,780.0,PERIODIC_SAMPLE,0,START_8589130,
BUS_2_DIR4_T62793.0,810.0,PERIODIC_SAMPLE,0,START_8589130,
BUS_2_DIR4_T62793.0,840.0,PERIODIC_SAMPLE,0,START_8589130,
BUS_2_DIR4_T62793.0,870.0,PERIODIC_SAMPLE,0,START_8589130,
BUS_2_DIR4_T62793.0,900.0,PERIODIC_SAMPLE,0,START_8589130,
BUS_2_DIR4_T62793.0,930.0,PERIODIC_SAMPLE,0,START_8589130,
BUS_2_DIR4_T62793.0,960.0,PERIODIC_SAMPLE,0,START_8589130,
BUS_2_DIR4_T62793.0,990.0,PERIODIC_SAMPLE,0,START_8589130,
BUS_2_DIR4_T62793.0,1020.0,PERIODIC_SAMPLE,0,START_8589130,
BUS_2_DIR4_T62793.0,1050.0,PERIODIC_SAMPLE,0,START_8589130,
BUS_2_DIR4_T62793.0,1080.0,PERIODIC_SAMPLE,0,START_8589130,
BUS_2_DIR4_T62793.0,1110.0,PERIODIC_SAMPLE,0,START_8589130,
BUS_2_DIR4_T62793.0,1140.0,PERIODIC_SAMPLE,0,START_8589130,
BUS_2_DIR4_T62793.0,1170.0,PERIODIC_SAMPLE,0,START_8589130,
BUS_2_DIR4_T62793.0,1200.0,PERIODIC_SAMPLE,0,START_8589130,
BUS_2_DIR4_T62793.0,1230.0,PERIODIC_SAMPLE,0,START_8589130,
BUS_2_DIR4_T62793.0,1260.0,PERIODIC_SAMPLE,0,START_8589130,
BUS_2_DIR4_T62793.0,1290.0,PERIODIC_SAMPLE,0,START_8589130,
BUS_2_DIR4_T62793.0,1320.0,PERIODIC_SAMPLE,0,START_8589130,
BUS_2_DIR4_T62793.0,1350.0,PERIODIC_SAMPLE,0,START_8589130,
BUS_2_DIR4_T62793.0,1380.0,PERIODIC_SAMPLE,0,START_8589130,
BUS_2_DIR4_T62793.0,1410.0,PERIODIC_SAMPLE,0,START_8589130,
BUS_2_DIR4_T62793.0,1440.0,PERIODIC_SAMPLE,0,START_8589130,
BUS_2_DIR4_T62793.0,1470.0,PERIODIC_SAMPLE,0,START_8589130,
BUS_2_DIR4_T62793.0,1500.0,PERIODIC_SAMPLE,0,START_8589130,
BUS_2_DIR4_T62793.0,1530.0,PERIODIC_SAMPLE,0,START_8589130,
BUS_2_DIR4_T62793.0,1560.0,PERIODIC_SAMPLE,0,START_8589130,
BUS_2_DIR4_T62793.0,1590.0,PERIODIC_SAMPLE,0,START_8589130,
BUS_2_DIR4_T62793.0,1620.0,PERIODIC_SAMPLE,0,START_8589130,
BUS_2_DIR4_T62793.0,1650.0,PERIODIC_SAMPLE,0,START_8589130,
BUS_2_DIR4_T62793.0,1680.0,PERIODIC_SAMPLE,0,START_8589130,
BUS_2_DIR4_T62793.0,1710.0,PERIODIC_SAMPLE,0,START_8589130,
BUS_2_DIR4_T62793.0,1740.0,PERIODIC_SAMPLE,0,START_8589130,
BUS_2_DIR4_T62793.0,1770.0,PERIODIC_SAMPLE,0,START_8589130,
BUS_6_DIR4_T66329.0,30.0,PERIODIC_SAMPLE,0,START_8592375,
BUS_6_DIR4_T66329.0,60.0,PERIODIC_SAMPLE,0,START_8592375,
BUS_6_DIR4_T66329.0,90.0,PERIODIC_SAMPLE,0,START_8592375,
BUS_6_DIR4_T66329.0,120.0,PERIODIC_SAMPLE,0,START_8592375,
BUS_6_DIR4_T66329.0,150.0,PERIODIC_SAMPLE,0,START_8592375,
BUS_6_DIR4_T66329.0,180.0,PERIODIC_SAMPLE,0,START_8592375,
BUS_6_DIR4_T66329.0,210.0,PERIODIC_SAMPLE,0,START_8592375,
BUS_6_DIR4_T66329.0,240.0,PERIODIC_SAMPLE,0,START_8592375,
BUS_6_DIR4_T66329.0,270.0,PERIODIC_SAMPLE,0,START_8592375,
BUS_6_DIR4_T66329.0,300.0,PERIODIC_SAMPLE,0,START_8592375,
BUS_6_DIR4_T66329.0,330.0,PERIODIC_SAMPLE,0,START_8592375,
BUS_6_DIR4_T66329.0,360.0,PERIODIC_SAMPLE,0,START_8592375,
BUS_6_DIR4_T66329.0,390.0,PERIODIC_SAMPLE,0,START_8592375,
BUS_6_DIR4_T66329.0,420.0,PERIODIC_SAMPLE,0,START_8592375,
BUS_6_DIR4_T66329.0,450.0,PERIODIC_SAMPLE,0,START_8592375,
BUS_6_DIR4_T66329.0,480.0,PERIODIC_SAMPLE,0,START_8592375,
BUS_6_DIR4_T66329.0,510.0,PERIODIC_SAMPLE,0,START_8592375,
BUS_6_DIR4_T66329.0,540.0,PERIODIC_SAMPLE,0,START_8592375,
BUS_6_DIR4_T66329.0,570.0,PERIODIC_SAMPLE,0,START_8592375,
BUS_6_DIR4_T66329.0,600.0,PERIODIC_SAMPLE,0,START_8592375,
BUS_6_DIR4_T66329.0,630.0,PERIODIC_SAMPLE,0,START_8592375,
BUS_6_DIR4_T66329.0,660.0,PERIODIC_SAMPLE,0,START_8592375,
BUS_6_DIR4_T66329.0,690.0,PERIODIC_SAMPLE,0,START_8592375,
BUS_6_DIR4_T66329.0,720.0,PERIODIC_SAMPLE,0,START_8592375,
BUS_6_DIR4_T66329.0,750.0,PERIODIC_SAMPLE,0,START_8592375,
BUS_6_DIR4_T66329.0,780.0,PERIODIC_SAMPLE,0,START_8592375,
BUS_6_DIR4_T66329.0,782.0,ARRIVAL,0,8592375,
BUS_6_DIR4_T66329.0,810.0,PERIODIC_SAMPLE,0,8592375,
BUS_6_DIR4_T66329.0,840.0,PERIODIC_SAMPLE,0,8592375,
BUS_6_DIR4_T66329.0,859.0,ARRIVAL,1,8592378,
BUS_6_DIR4_T66329.0,859.0,BOARDING,1,8592378,1
BUS_6_DIR4_T66329.0,870.0,PERIODIC_SAMPLE,1,8592378,
BUS_6_DIR4_T66329.0,900.0,PERIODIC_SAMPLE,1,8592378,
BUS_6_DIR4_T66329.0,926.0,ARRIVAL,7,8592377,
BUS_6_DIR4_T66329.0,926.0,BOARDING,7,8592377,6
BUS_6_DIR4_T66329.0,930.0,PERIODIC_SAMPLE,7,8592377,
BUS_6_DIR4_T66329.0,960.0,PERIODIC_SAMPLE,7,8592377,
BUS_6_DIR4_T66329.0,990.0,PERIODIC_SAMPLE,7,8592377,
BUS_6_DIR4_T66329.0,1020.0,PERIODIC_SAMPLE,7,8592377,
BUS_6_DIR4_T66329.0,1050.0,PERIODIC_SAMPLE,7,8592377,
BUS_6_DIR4_T66329.0,1060.0,ARRIVAL,13,8577785,
BUS_6_DIR4_T66329.0,1060.0,BOARDING,13,8577785,6
BUS_6_DIR4_T66329.0,1080.0,PERIODIC_SAMPLE,13,8577785,
BUS_6_DIR4_T66329.0,1110.0,PERIODIC_SAMPLE,13,8577785,
BUS_6_DIR4_T66329.0,1140.0,PERIODIC_SAMPLE,13,8577785,
BUS_6_DIR4_T66329.0,1170.0,PERIODIC_SAMPLE,13,8577785,
BUS_6_DIR4_T66329.0,1200.0,PERIODIC_SAMPLE,13,8577785,
BUS_6_DIR4_T66329.0,1230.0,PERIODIC_SAMPLE,13,8577785,
BUS_6_DIR4_T66329.0,1260.0,PERIODIC_SAMPLE,13,8577785,
BUS_6_DIR4_T66329.0,1290.0,PERIODIC_SAMPLE,13,8577785,
BUS_6_DIR4_T66329.0,1320.0,PERIODIC_SAMPLE,13,8577785,
BUS_6_DIR4_T66329.0,1350.0,PERIODIC_SAMPLE,13,8577785,
BUS_6_DIR4_T66329.0,1380.0,ARRIVAL,22,8592374,
BUS_6_DIR4_T66329.0,1380.0,BOARDING,22,8592374,22
BUS_6_DIR4_T66329.0,1380.0,ALIGHTING,22,8592374,13
BUS_6_DIR4_T66329.0,1380.0,PERIODIC_SAMPLE,22,8592374,
BUS_6_DIR4_T66329.0,1410.0,PERIODIC_SAMPLE,22,8592374,
BUS_6_DIR4_T66329.0,1440.0,PERIODIC_SAMPLE,22,8592374,
BUS_6_DIR4_T66329.0,1470.0,PERIODIC_SAMPLE,22,8592374,
BUS_6_DIR4_T66329.0,1500.0,PERIODIC_SAMPLE,22,8592374,
BUS_6_DIR4_T66329.0,1516.0,ARRIVAL,31,8589161,
BUS_6_DIR4_T66329.0,1516.0,BOARDING,31,8589161,9
BUS_6_DIR4_T66329.0,1530.0,PERIODIC_SAMPLE,31,8589161,
BUS_6_DIR4_T66329.0,1560.0,PERIODIC_SAMPLE,31,8589161,
BUS_6_DIR4_T66329.0,1590.0,PERIODIC_SAMPLE,31,8589161,
BUS_6_DIR4_T66329.0,1620.0,ARRIVAL,20,8587255,
BUS_6_DIR4_T66329.0,1620.0,ALIGHTING,20,8587255,11
BUS_6_DIR4_T66329.0,1620.0,PERIODIC_SAMPLE,20,8587255,
BUS_6_DIR4_T66329.0,1650.0,PERIODIC_SAMPLE,20,8587255,
BUS_6_DIR4_T66329.0,1680.0,PERIODIC_SAMPLE,20,8587255,
BUS_6_DIR4_T66329.0,1710.0,PERIODIC_SAMPLE,20,8587255,
BUS_6_DIR4_T66329.0,1740.0,PERIODIC_SAMPLE,20,8587255,
BUS_6_DIR4_T66329.0,1770.0,PERIODIC_SAMPLE,20,8587255,
BUS_6_DIR4_T66329.0,1774.0,ARRIVAL,20,8587356,
BUS_6_DIR4_T66337.0,30.0,PERIODIC_SAMPLE,0,START_8592375,
BUS_6_DIR4_T66337.0,60.0,PERIODIC_SAMPLE,0,START_8592375,
BUS_6_DIR4_T66337.0,90.0,PERIODIC_SAMPLE,0,START_8592375,
BUS_6_DIR4_T66337.0,120.0,PERIODIC_SAMPLE,0,START_8592375,
BUS_6_DIR4_T66337.0,150.0,PERIODIC_SAMPLE,0,START_8592375,
BUS_6_DIR4_T66337.0,180.0,PERIODIC_SAMPLE,0,START_8592375,
BUS_6_DIR4_T66337.0,210.0,PERIODIC_SAMPLE,0,START_8592375,
BUS_6_DIR4_T66337.0,240.0,PERIODIC_SAMPLE,0,START_8592375,
BUS_6_DIR4_T66337.0,270.0,PERIODIC_SAMPLE,0,START_8592375,
BUS_6_DIR4_T66337.0,300.0,PERIODIC_SAMPLE,0,START_8592375,
BUS_6_DIR4_T66337.0,330.0,PERIODIC_SAMPLE,0,START_8592375,
BUS_6_DIR4_T66337.0,360.0,PERIODIC_SAMPLE,0,START_8592375,
BUS_6_DIR4_T66337.0,390.0,PERIODIC_SAMPLE,0,START_8592375,
BUS_6_DIR4_T66337.0,420.0,PERIODIC_SAMPLE,0,START_8592375,
BUS_6_DIR4_T66337.0,450.0,PERIODIC_SAMPLE,0,START_8592375,
BUS_6_DIR4_T66337.0,480.0,PERIODIC_SAMPLE,0,START_8592375,
BUS_6_DIR4_T66337.0,510.0,PERIODIC_SAMPLE,0,START_8592375,
BUS_6_DIR4_T66337.0,540.0,PERIODIC_SAMPLE,0,START_8592375,
BUS_6_DIR4_T66337.0,570.0,PERIODIC_SAMPLE,0,START_8592375,
BUS_6_DIR4_T66337.0,600.0,PERIODIC_SAMPLE,0,START_8592375,
BUS_6_DIR4_T66337.0,630.0,PERIODIC_SAMPLE,0,START_8592375,
BUS_6_DIR4_T66337.0,660.0,PERIODIC_SAMPLE,0,START_8592375,
BUS_6_DIR4_T66337.0,690.0,PERIODIC_SAMPLE,0,START_8592375,
BUS_6_DIR4_T66337.0,720.0,PERIODIC_SAMPLE,0,START_8592375,
BUS_6_DIR4_T66337.0,750.0,PERIODIC_SAMPLE,0,START_8592375,
BUS_6_DIR4_T66337.0,780.0,PERIODIC_SAMPLE,0,START_8592375,
BUS_6_DIR4_T66337.0,810.0,PERIODIC_SAMPLE,0,START_8592375,
BUS_6_DIR4_T66337.0,840.0,PERIODIC_SAMPLE,0,START_8592375,
BUS_6_DIR4_T66337.0,870.0,PERIODIC_SAMPLE,0,START_8592375,
BUS_6_DIR4_T66337.0,900.0,PERIODIC_SAMPLE,0,START_8592375,
BUS_6_DIR4_T66337.0,930.0,PERIODIC_SAMPLE,0,START_8592375,
BUS_6_DIR4_T66337.0,960.0,PERIODIC_SAMPLE,0,START_8592375,
BUS_6_DIR4_T66337.0,990.0,PERIODIC_SAMPLE,0,START_8592375,
BUS_6_DIR4_T66337.0,1020.0,PERIODIC_SAMPLE,0,START_8592375,
BUS_6_DIR4_T66337.0,1050.0,PERIODIC_SAMPLE,0,START_8592375,
BUS_6_DIR4_T66337.0,1080.0,PERIODIC_SAMPLE,0,START_8592375,
BUS_6_DIR4_T66337.0,1110.0,PERIODIC_SAMPLE,0,START_8592375,
BUS_6_DIR4_T66337.0,1140.0,PERIODIC_SAMPLE,0,START_8592375,
BUS_6_DIR4_T66337.0,1170.0,PERIODIC_SAMPLE,0,START_8592375,
BUS_6_DIR4_T66337.0,1200.0,PERIODIC_SAMPLE,0,START_8592375,
BUS_6_DIR4_T66337.0,1230.0,PERIODIC_SAMPLE,0,START_8592375,
BUS_6_DIR4_T66337.0,1260.0,PERIODIC_SAMPLE,0,START_8592375,
BUS_6_DIR4_T66337.0,1290.0,PERIODIC_SAMPLE,0,START_8592375,
BUS_6_DIR4_T66337.0,1320.0,PERIODIC_SAMPLE,0,START_8592375,
BUS_6_DIR4_T66337.0,1350.0,PERIODIC_SAMPLE,0,START_8592375,
BUS_6_DIR4_T66337.0,1380.0,PERIODIC_SAMPLE,0,START_8592375,
BUS_6_DIR4_T66337.0,1410.0,PERIODIC_SAMPLE,0,START_8592375,
BUS_6_DIR4_T66337.0,1440.0,PERIODIC_SAMPLE,0,START_8592375,
BUS_6_DIR4_T66337.0,1460.0,ARRIVAL,0,8592375,
BUS_6_DIR4_T66337.0,1470.0,PERIODIC_SAMPLE,0,8592375,
BUS_6_DIR4_T66337.0,1500.0,PERIODIC_SAMPLE,0,8592375,
BUS_6_DIR4_T66337.0,1530.0,PERIODIC_SAMPLE,0,8592375,
BUS_6_DIR4_T66337.0,1560.0,PERIODIC_SAMPLE,0,8592375,
BUS_6_DIR4_T66337.0,1590.0,PERIODIC_SAMPLE,0,8592375,
BUS_6_DIR4_T66337.0,1620.0,PERIODIC_SAMPLE,0,8592375,
BUS_6_DIR4_T66337.0,1650.0,PERIODIC_SAMPLE,0,8592375,
BUS_6_DIR4_T66337.0,1680.0,PERIODIC_SAMPLE,0,8592375,
BUS_6_DIR4_T66337.0,1710.0,PERIODIC_SAMPLE,0,8592375,
BUS_6_DIR4_T66337.0,1740.0,PERIODIC_SAMPLE,0,8592375,
BUS_6_DIR4_T66337.0,1770.0,PERIODIC_SAMPLE,0,8592375,
BUS_6_DIR4_T66345.0,30.0,PERIODIC_SAMPLE,0,START_8592375,
BUS_6_DIR4_T66345.0,60.0,PERIODIC_SAMPLE,0,START_8592375,
BUS_6_DIR4_T66345.0,90.0,PERIODIC_SAMPLE,0,START_8592375,
BUS_6_DIR4_T66345.0,120.0,PERIODIC_SAMPLE,0,START_8592375,
BUS_6_DIR4_T66345.0,150.0,PERIODIC_SAMPLE,0,START_8592375,
BUS_6_DIR4_T66345.0,180.0,PERIODIC_SAMPLE,0,START_8592375,
BUS_6_DIR4_T66345.0,210.0,PERIODIC_SAMPLE,0,START_8592375,
BUS_6_DIR4_T66345.0,240.0,PERIODIC_SAMPLE,0,START_8592375,
BUS_6_DIR4_T66345.0,270.0,PERIODIC_SAMPLE,0,START_8592375,
BUS_6_DIR4_T66345.0,300.0,PERIODIC_SAMPLE,0,START_8592375,
BUS_6_DIR4_T66345.0,330.0,PERIODIC_SAMPLE,0,START_8592375,
BUS_6_DIR4_T66345.0,360.0,PERIODIC_SAMPLE,0,START_8592375,
BUS_6_DIR4_T66345.0,390.0,PERIODIC_SAMPLE,0,START_8592375,
BUS_6_DIR4_T66345.0,420.0,PERIODIC_SAMPLE,0,START_8592375,
BUS_6_DIR4_T66345.0,450.0,PERIODIC_SAMPLE,0,START_8592375,
BUS_6_DIR4_T66345.0,480.0,PERIODIC_SAMPLE,0,START_8592375,
BUS_6_DIR4_T66345.0,510.0,PERIODIC_SAMPLE,0,START_8592375,
BUS_6_DIR4_T66345.0,540.0,PERIODIC_SAMPLE,0,START_8592375,
BUS_6_DIR4_T66345.0,570.0,PERIODIC_SAMPLE,0,START_8592375,
BUS_6_DIR4_T66345.0,600.0,PERIODIC_SAMPLE,0,START_8592375,
BUS_6_DIR4_T66345.0,630.0,PERIODIC_SAMPLE,0,START_8592375,
BUS_6_DIR4_T66345.0,660.0,PERIODIC_SAMPLE,0,START_8592375,
BUS_6_DIR4_T66345.0,690.0,PERIODIC_SAMPLE,0,START_8592375,
BUS_6_DIR4_T66345.0,720.0,PERIODIC_SAMPLE,0,START_8592375,
BUS_6_DIR4_T66345.0,750.0,PERIODIC_SAMPLE,0,START_8592375,
BUS_6_DIR4_T66345.0,780.0,PERIODIC_SAMPLE,0,START_8592375,
BUS_6_DIR4_T66345.0,810.0,PERIODIC_SAMPLE,0,START_8592375,
BUS_6_DIR4_T66345.0,840.0,PERIODIC_SAMPLE,0,START_8592375,
BUS_6_DIR4_T66345.0,870.0,PERIODIC_SAMPLE,0,START_8592375,
BUS_6_DIR4_T66345.0,900.0,PERIODIC_SAMPLE,0,START_8592375,
BUS_6_DIR4_T66345.0,930.0,PERIODIC_SAMPLE,0,START_8592375,
BUS_6_DIR4_T66345.0,960.0,PERIODIC_SAMPLE,0,START_8592375,
BUS_6_DIR4_T66345.0,990.0,PERIODIC_SAMPLE,0,START_8592375,
BUS_6_DIR4_T66345.0,1020.0,PERIODIC_SAMPLE,0,START_8592375,
BUS_6_DIR4_T66345.0,1050.0,PERIODIC_SAMPLE,0,START_8592375,
BUS_6_DIR4_T66345.0,1080.0,PERIODIC_SAMPLE,0,START_8592375,
BUS_6_DIR4_T66345.0,1110.0,PERIODIC_SAMPLE,0,START_8592375,
BUS_6_DIR4_T66345.0,1140.0,PERIODIC_SAMPLE,0,START_8592375,
BUS_6_DIR4_T66345.0,1170.0,PERIODIC_SAMPLE,0,START_8592375,
BUS_6_DIR4_T66345.0,1200.0,PERIODIC_SAMPLE,0,START_8592375,
BUS_6_DIR4_T66345.0,1230.0,PERIODIC_SAMPLE,0,START_8592375,
BUS_6_DIR4_T66345.0,1260.0,PERIODIC_SAMPLE,0,START_8592375,
BUS_6_DIR4_T66345.0,1290.0,PERIODIC_SAMPLE,0,START_8592375,
BUS_6_DIR4_T66345.0,1320.0,PERIODIC_SAMPLE,0,START_8592375,
BUS_6_DIR4_T66345.0,1350.0,PERIODIC_SAMPLE,0,START_8592375,
BUS_6_DIR4_T66345.0,1380.0,PERIODIC_SAMPLE,0,START_8592375,
BUS_6_DIR4_T66345.0,1410.0,PERIODIC_SAMPLE,0,START_8592375,
BUS_6_DIR4_T66345.0,1440.0,PERIODIC_SAMPLE,0,START_8592375,
BUS_6_DIR4_T66345.0,1470.0,PERIODIC_SAMPLE,0,START_8592375,
BUS_6_DIR4_T66345.0,1500.0,PERIODIC_SAMPLE,0,START_8592375,
BUS_6_DIR4_T66345.0,1530.0,PERIODIC_SAMPLE,0,START_8592375,
BUS_6_DIR4_T66345.0,1560.0,PERIODIC_SAMPLE,0,START_8592375,
BUS_6_DIR4_T66345.0,1590.0,PERIODIC_SAMPLE,0,START_8592375,
BUS_6_DIR4_T66345.0,1620.0,PERIODIC_SAMPLE,0,START_8592375,
BUS_6_DIR4_T66345.0,1650.0,PERIODIC_SAMPLE,0,START_8592375,
BUS_6_DIR4_T66345.0,1680.0,PERIODIC_SAMPLE,0,START_8592375,
BUS_6_DIR4_T66345.0,1710.0,PERIODIC_SAMPLE,0,START_8592375,
BUS_6_DIR4_T66345.0,1740.0,PERIODIC_SAMPLE,0,START_8592375,
BUS_6_DIR4_T66345.0,1770.0,PERIODIC_SAMPLE,0,START_8592375,
BUS_6_DIR4_T66353.0,30.0,PERIODIC_SAMPLE,0,START_8592375,
BUS_6_DIR4_T66353.0,60.0,PERIODIC_SAMPLE,0,START_8592375,
BUS_6_DIR4_T66353.0,90.0,PERIODIC_SAMPLE,0,START_8592375,
BUS_6_DIR4_T66353.0,120.0,PERIODIC_SAMPLE,0,START_8592375,
BUS_6_DIR4_T66353.0,150.0,PERIODIC_SAMPLE,0,START_8592375,
BUS_6_DIR4_T66353.0,180.0,PERIODIC_SAMPLE,0,START_8592375,
BUS_6_DIR4_T66353.0,210.0,PERIODIC_SAMPLE,0,START_8592375,
BUS_6_DIR4_T66353.0,240.0,PERIODIC_SAMPLE,0,START_8592375,
BUS_6_DIR4_T66353.0,270.0,PERIODIC_SAMPLE,0,START_8592375,
BUS_6_DIR4_T66353.0,300.0,PERIODIC_SAMPLE,0,START_8592375,
BUS_6_DIR4_T66353.0,330.0,PERIODIC_SAMPLE,0,START_8592375,
BUS_6_DIR4_T66353.0,360.0,PERIODIC_SAMPLE,0,START_8592375,
BUS_6_DIR4_T66353.0,390.0,PERIODIC_SAMPLE,0,START_8592375,
BUS_6_DIR4_T66353.0,420.0,PERIODIC_SAMPLE,0,START_8592375,
BUS_6_DIR4_T66353.0,450.0,PERIODIC_SAMPLE,0,START_8592375,
BUS_6_DIR4_T66353.0,480.0,PERIODIC_SAMPLE,0,START_8592375,
BUS_6_DIR4_T66353.0,510.0,PERIODIC_SAMPLE,0,START_8592375,
BUS_6_DIR4_T66353.0,540.0,PERIODIC_SAMPLE,0,START_8592375,
BUS_6_DIR4_T66353.0,570.0,PERIODIC_SAMPLE,0,START_8592375,
BUS_6_DIR4_T66353.0,600.0,PERIODIC_SAMPLE,0,START_8592375,
BUS_6_DIR4_T66353.0,630.0,PERIODIC_SAMPLE,0,START_8592375,
BUS_6_DIR4_T66353.0,660.0,PERIODIC_SAMPLE,0,START_8592375,
BUS_6_DIR4_T66353.0,690.0,PERIODIC_SAMPLE,0,START_8592375,
BUS_6_DIR4_T66353.0,720.0,PERIODIC_SAMPLE,0,START_8592375,
BUS_6_DIR4_T66353.0,750.0,PERIODIC_SAMPLE,0,START_8592375,
BUS_6_DIR4_T66353.0,780.0,PERIODIC_SAMPLE,0,START_8592375,
BUS_6_DIR4_T66353.0,810.0,PERIODIC_SAMPLE,0,START_8592375,
BUS_6_DIR4_T66353.0,840.0,PERIODIC_SAMPLE,0,START_8592375,
BUS_6_DIR4_T66353.0,870.0,PERIODIC_SAMPLE,0,START_8592375,
BUS_6_DIR4_T66353.0,900.0,PERIODIC_SAMPLE,0,START_8592375,
BUS_6_DIR4_T66353.0,930.0,PERIODIC_SAMPLE,0,START_8592375,
BUS_6_DIR4_T66353.0,960.0,PERIODIC_SAMPLE,0,START_8592375,
BUS_6_DIR4_T66353.0,990.0,PERIODIC_SAMPLE,0,START_8592375,
BUS_6_DIR4_T66353.0,1020.0,PERIODIC_SAMPLE,0,START_8592375,
BUS_6_DIR4_T66353.0,1050.0,PERIODIC_SAMPLE,0,START_8592375,
BUS_6_DIR4_T66353.0,1080.0,PERIODIC_SAMPLE,0,START_8592375,
BUS_6_DIR4_T66353.0,1110.0,PERIODIC_SAMPLE,0,START_8592375,
BUS_6_DIR4_T66353.0,1140.0,PERIODIC_SAMPLE,0,START_8592375,
BUS_6_DIR4_T66353.0,1170.0,PERIODIC_SAMPLE,0,START_8592375,
BUS_6_DIR4_T66353.0,1200.0,PERIODIC_SAMPLE,0,START_8592375,
BUS_6_DIR4_T66353.0,1230.0,PERIODIC_SAMPLE,0,START_8592375,
BUS_6_DIR4_T66353.0,1260.0,PERIODIC_SAMPLE,0,START_8592375,
BUS_6_DIR4_T66353.0,1290.0,PERIODIC_SAMPLE,0,START_8592375,
BUS_6_DIR4_T66353.0,1320.0,PERIODIC_SAMPLE,0,START_8592375,
BUS_6_DIR4_T66353.0,1350.0,PERIODIC_SAMPLE,0,START_8592375,
BUS_6_DIR4_T66353.0,1380.0,PERIODIC_SAMPLE,0,START_8592375,
BUS_6_DIR4_T66353.0,1410.0,PERIODIC_SAMPLE,0,START_8592375,
BUS_6_DIR4_T66353.0,1440.0,PERIODIC_SAMPLE,0,START_8592375,
BUS_6_DIR4_T66353.0,1470.0,PERIODIC_SAMPLE,0,START_8592375,
BUS_6_DIR4_T66353.0,1500.0,PERIODIC_SAMPLE,0,START_8592375,
BUS_6_DIR4_T66353.0,1530.0,PERIODIC_SAMPLE,0,START_8592375,
BUS_6_DIR4_T66353.0,1560.0,PERIODIC_SAMPLE,0,START_8592375,
BUS_6_DIR4_T66353.0,1590.0,PERIODIC_SAMPLE,0,START_8592375,
BUS_6_DIR4_T66353.0,1620.0,PERIODIC_SAMPLE,0,START_8592375,
BUS_6_DIR4_T66353.0,1650.0,PERIODIC_SAMPLE,0,START_8592375,
BUS_6_DIR4_T66353.0,1680.0,PERIODIC_SAMPLE,0,START_8592375,
BUS_6_DIR4_T66353.0,1710.0,PERIODIC_SAMPLE,0,START_8592375,
BUS_6_DIR4_T66353.0,1740.0,PERIODIC_SAMPLE,0,START_8592375,
BUS_6_DIR4_T66353.0,1770.0,PERIODIC_SAMPLE,0,START_8592375,
BUS_6_DIR4_T66361.0,30.0,PERIODIC_SAMPLE,0,START_8592375,
BUS_6_DIR4_T66361.0,60.0,PERIODIC_SAMPLE,0,START_8592375,
BUS_6_DIR4_T66361.0,90.0,PERIODIC_SAMPLE,0,START_8592375,
BUS_6_DIR4_T66361.0,120.0,PERIODIC_SAMPLE,0,START_8592375,
BUS_6_DIR4_T66361.0,150.0,PERIODIC_SAMPLE,0,START_8592375,
BUS_6_DIR4_T66361.0,180.0,PERIODIC_SAMPLE,0,START_8592375,
BUS_6_DIR4_T66361.0,210.0,PERIODIC_SAMPLE,0,START_8592375,
BUS_6_DIR4_T66361.0,240.0,PERIODIC_SAMPLE,0,START_8592375,
BUS_6_DIR4_T66361.0,270.0,PERIODIC_SAMPLE,0,START_8592375,
BUS_6_DIR4_T66361.0,300.0,PERIODIC_SAMPLE,0,START_8592375,
BUS_6_DIR4_T66361.0,330.0,PERIODIC_SAMPLE,0,START_8592375,
BUS_6_DIR4_T66361.0,360.0,PERIODIC_SAMPLE,0,START_8592375,
BUS_6_DIR4_T66361.0,390.0,PERIODIC_SAMPLE,0,START_8592375,
BUS_6_DIR4_T66361.0,420.0,PERIODIC_SAMPLE,0,START_8592375,
BUS_6_DIR4_T66361.0,450.0,PERIODIC_SAMPLE,0,START_8592375,
BUS_6_DIR4_T66361.0,480.0,PERIODIC_SAMPLE,0,START_8592375,
BUS_6_DIR4_T66361.0,510.0,PERIODIC_SAMPLE,0,START_8592375,
BUS_6_DIR4_T66361.0,540.0,PERIODIC_SAMPLE,0,START_8592375,
BUS_6_DIR4_T66361.0,570.0,PERIODIC_SAMPLE,0,START_8592375,
BUS_6_DIR4_T66361.0,600.0,PERIODIC_SAMPLE,0,START_8592375,
BUS_6_DIR4_T66361.0,630.0,PERIODIC_SAMPLE,0,START_8592375,
BUS_6_DIR4_T66361.0,660.0,PERIODIC_SAMPLE,0,START_8592375,
BUS_6_DIR4_T66361.0,690.0,PERIODIC_SAMPLE,0,START_8592375,
BUS_6_DIR4_T66361.0,720.0,PERIODIC_SAMPLE,0,START_8592375,
BUS_6_DIR4_T66361.0,750.0,PERIODIC_SAMPLE,0,START_8592375,
BUS_6_DIR4_T66361.0,780.0,PERIODIC_SAMPLE,0,START_8592375,
BUS_6_DIR4_T66361.0,810.0,PERIODIC_SAMPLE,0,START_8592375,
BUS_6_DIR4_T66361.0,840.0,PERIODIC_SAMPLE,0,START_8592375,
BUS_6_DIR4_T66361.0,870.0,PERIODIC_SAMPLE,0,START_8592375,
BUS_6_DIR4_T66361.0,900.0,PERIODIC_SAMPLE,0,START_8592375,
BUS_6_DIR4_T66361.0,930.0,PERIODIC_SAMPLE,0,START_8592375,
BUS_6_DIR4_T66361.0,960.0,PERIODIC_SAMPLE,0,START_8592375,
BUS_6_DIR4_T66361.0,990.0,PERIODIC_SAMPLE,0,START_8592375,
BUS_6_DIR4_T66361.0,1020.0,PERIODIC_SAMPLE,0,START_8592375,
BUS_6_DIR4_T66361.0,1050.0,PERIODIC_SAMPLE,0,START_8592375,
BUS_6_DIR4_T66361.0,1080.0,PERIODIC_SAMPLE,0,START_8592375,
BUS_6_DIR4_T66361.0,1110.0,PERIODIC_SAMPLE,0,START_8592375,
BUS_6_DIR4_T66361.0,1140.0,PERIODIC_SAMPLE,0,START_8592375,
BUS_6_DIR4_T66361.0,1170.0,PERIODIC_SAMPLE,0,START_8592375,
BUS_6_DIR4_T66361.0,1200.0,PERIODIC_SAMPLE,0,START_8592375,
BUS_6_DIR4_T66361.0,1230.0,PERIODIC_SAMPLE,0,START_8592375,
BUS_6_DIR4_T66361.0,1260.0,PERIODIC_SAMPLE,0,START_8592375,
BUS_6_DIR4_T66361.0,1290.0,PERIODIC_SAMPLE,0,START_8592375,
BUS_6_DIR4_T66361.0,1320.0,PERIODIC_SAMPLE,0,START_8592375,
BUS_6_DIR4_T66361.0,1350.0,PERIODIC_SAMPLE,0,START_8592375,
BUS_6_DIR4_T66361.0,1380.0,PERIODIC_SAMPLE,0,START_8592375,
BUS_6_DIR4_T66361.0,1410.0,PERIODIC_SAMPLE,0,START_8592375,
BUS_6_DIR4_T66361.0,1440.0,PERIODIC_SAMPLE,0,START_8592375,
BUS_6_DIR4_T66361.0,1470.0,PERIODIC_SAMPLE,0,START_8592375,
BUS_6_DIR4_T66361.0,1500.0,PERIODIC_SAMPLE,0,START_8592375,
BUS_6_DIR4_T66361.0,1530.0,PERIODIC_SAMPLE,0,START_8592375,
BUS_6_DIR4_T66361.0,1560.0,PERIODIC_SAMPLE,0,START_8592375,
BUS_6_DIR4_T66361.0,1590.0,PERIODIC_SAMPLE,0,START_8592375,
BUS_6_DIR4_T66361.0,1620.0,PERIODIC_SAMPLE,0,START_8592375,
BUS_6_DIR4_T66361.0,1650.0,PERIODIC_SAMPLE,0,START_8592375,
BUS_6_DIR4_T66361.0,1680.0,PERIODIC_SAMPLE,0,START_8592375,
BUS_6_DIR4_T66361.0,1710.0,PERIODIC_SAMPLE,0,START_8592375,
BUS_6_DIR4_T66361.0,1740.0,PERIODIC_SAMPLE,0,START_8592375,
BUS_6_DIR4_T66361.0,1770.0,PERIODIC_SAMPLE,0,START_8592375,
BUS_6_DIR4_T66369.0,30.0,PERIODIC_SAMPLE,0,START_8592375,
BUS_6_DIR4_T66369.0,60.0,PERIODIC_SAMPLE,0,START_8592375,
BUS_6_DIR4_T66369.0,90.0,PERIODIC_SAMPLE,0,START_8592375,
BUS_6_DIR4_T66369.0,120.0,PERIODIC_SAMPLE,0,START_8592375,
BUS_6_DIR4_T66369.0,150.0,PERIODIC_SAMPLE,0,START_8592375,
BUS_6_DIR4_T66369.0,180.0,PERIODIC_SAMPLE,0,START_8592375,
BUS_6_DIR4_T66369.0,210.0,PERIODIC_SAMPLE,0,START_8592375,
BUS_6_DIR4_T66369.0,240.0,PERIODIC_SAMPLE,0,START_8592375,
BUS_6_DIR4_T66369.0,270.0,PERIODIC_SAMPLE,0,START_8592375,
BUS_6_DIR4_T66369.0,300.0,PERIODIC_SAMPLE,0,START_8592375,
BUS_6_DIR4_T66369.0,330.0,PERIODIC_SAMPLE,0,START_8592375,
BUS_6_DIR4_T66369.0,360.0,PERIODIC_SAMPLE,0,START_8592375,
BUS_6_DIR4_T66369.0,390.0,PERIODIC_SAMPLE,0,START_8592375,
BUS_6_DIR4_T66369.0,420.0,PERIODIC_SAMPLE,0,START_8592375,
BUS_6_DIR4_T66369.0,450.0,PERIODIC_SAMPLE,0,START_8592375,
BUS_6_DIR4_T66369.0,480.0,PERIODIC_SAMPLE,0,START_8592375,
BUS_6_DIR4_T66369.0,510.0,PERIODIC_SAMPLE,0,START_8592375,
BUS_6_DIR4_T66369.0,540.0,PERIODIC_SAMPLE,0,START_8592375,
BUS_6_DIR4_T66369.0,570.0,PERIODIC_SAMPLE,0,START_8592375,
BUS_6_DIR4_T66369.0,600.0,PERIODIC_SAMPLE,0,START_8592375,
BUS_6_DIR4_T66369.0,630.0,PERIODIC_SAMPLE,0,START_8592375,
BUS_6_DIR4_T66369.0,660.0,PERIODIC_SAMPLE,0,START_8592375,
BUS_6_DIR4_T66369.0,690.0,PERIODIC_SAMPLE,0,START_8592375,
BUS_6_DIR4_T66369.0,720.0,PERIODIC_SAMPLE,0,START_8592375,
BUS_6_DIR4_T66369.0,750.0,PERIODIC_SAMPLE,0,START_8592375,
BUS_6_DIR4_T66369.0,780.0,PERIODIC_SAMPLE,0,START_8592375,
BUS_6_DIR4_T66369.0,810.0,PERIODIC_SAMPLE,0,START_8592375,
BUS_6_DIR4_T66369.0,840.0,PERIODIC_SAMPLE,0,START_8592375,
BUS_6_DIR4_T66369.0,870.0,PERIODIC_SAMPLE,0,START_8592375,
BUS_6_DIR4_T66369.0,900.0,PERIODIC_SAMPLE,0,START_8592375,
BUS_6_DIR4_T66369.0,930.0,PERIODIC_SAMPLE,0,START_8592375,
BUS_6_DIR4_T66369.0,960.0,PERIODIC_SAMPLE,0,START_8592375,
BUS_6_DIR4_T66369.0,990.0,PERIODIC_SAMPLE,0,START_8592375,
BUS_6_DIR4_T66369.0,1020.0,PERIODIC_SAMPLE,0,START_8592375,
BUS_6_DIR4_T66369.0,1050.0,PERIODIC_SAMPLE,0,START_8592375,
BUS_6_DIR4_T66369.0,1080.0,PERIODIC_SAMPLE,0,START_8592375,
BUS_6_DIR4_T66369.0,1110.0,PERIODIC_SAMPLE,0,START_8592375,
BUS_6_DIR4_T66369.0,1140.0,PERIODIC_SAMPLE,0,START_8592375,
BUS_6_DIR4_T66369.0,1170.0,PERIODIC_SAMPLE,0,START_8592375,
BUS_6_DIR4_T66369.0,1200.0,PERIODIC_SAMPLE,0,START_8592375,
BUS_6_DIR4_T66369.0,1230.0,PERIODIC_SAMPLE,0,START_8592375,
BUS_6_DIR4_T66369.0,1260.0,PERIODIC_SAMPLE,0,START_8592375,
BUS_6_DIR4_T66369.0,1290.0,PERIODIC_SAMPLE,0,START_8592375,
BUS_6_DIR4_T66369.0,1320.0,PERIODIC_SAMPLE,0,START_8592375,
BUS_6_DIR4_T66369.0,1350.0,PERIODIC_SAMPLE,0,START_8592375,
BUS_6_DIR4_T66369.0,1380.0,PERIODIC_SAMPLE,0,START_8592375,
BUS_6_DIR4_T66369.0,1410.0,PERIODIC_SAMPLE,0,START_8592375,
BUS_6_DIR4_T66369.0,1440.0,PERIODIC_SAMPLE,0,START_8592375,
BUS_6_DIR4_T66369.0,1470.0,PERIODIC_SAMPLE,0,START_8592375,
BUS_6_DIR4_T66369.0,1500.0,PERIODIC_SAMPLE,0,START_8592375,
BUS_6_DIR4_T66369.0,1530.0,PERIODIC_SAMPLE,0,START_8592375,
BUS_6_DIR4_T66369.0,1560.0,PERIODIC_SAMPLE,0,START_8592375,
BUS_6_DIR4_T66369.0,1590.0,PERIODIC_SAMPLE,0,START_8592375,
BUS_6_DIR4_T66369.0,1620.0,PERIODIC_SAMPLE,0,START_8592375,
BUS_6_DIR4_T66369.0,1650.0,PERIODIC_SAMPLE,0,START_8592375,
BUS_6_DIR4_T66369.0,1680.0,PERIODIC_SAMPLE,0,START_8592375,
BUS_6_DIR4_T66369.0,1710.0,PERIODIC_SAMPLE,0,START_8592375,
BUS_6_DIR4_T66369.0,1740.0,PERIODIC_SAMPLE,0,START_8592375,
BUS_6_DIR4_T66369.0,1770.0,PERIODIC_SAMPLE,0,START_8592375,
BUS_6_DIR4_T66377.0,30.0,PERIODIC_SAMPLE,0,START_8592375,
BUS_6_DIR4_T66377.0,60.0,PERIODIC_SAMPLE,0,START_8592375,
BUS_6_DIR4_T66377.0,90.0,PERIODIC_SAMPLE,0,START_8592375,
BUS_6_DIR4_T66377.0,120.0,PERIODIC_SAMPLE,0,START_8592375,
BUS_6_DIR4_T66377.0,150.0,PERIODIC_SAMPLE,0,START_8592375,
BUS_6_DIR4_T66377.0,180.0,PERIODIC_SAMPLE,0,START_8592375,
BUS_6_DIR4_T66377.0,210.0,PERIODIC_SAMPLE,0,START_8592375,
BUS_6_DIR4_T66377.0,240.0,PERIODIC_SAMPLE,0,START_8592375,
BUS_6_DIR4_T66377.0,270.0,PERIODIC_SAMPLE,0,START_8592375,
BUS_6_DIR4_T66377.0,300.0,PERIODIC_SAMPLE,0,START_8592375,
BUS_6_DIR4_T66377.0,330.0,PERIODIC_SAMPLE,0,START_8592375,
BUS_6_DIR4_T66377.0,360.0,PERIODIC_SAMPLE,0,START_8592375,
BUS_6_DIR4_T66377.0,390.0,PERIODIC_SAMPLE,0,START_8592375,
BUS_6_DIR4_T66377.0,420.0,PERIODIC_SAMPLE,0,START_8592375,
BUS_6_DIR4_T66377.0,450.0,PERIODIC_SAMPLE,0,START_8592375,
BUS_6_DIR4_T66377.0,480.0,PERIODIC_SAMPLE,0,START_8592375,
BUS_6_DIR4_T66377.0,510.0,PERIODIC_SAMPLE,0,START_8592375,
BUS_6_DIR4_T66377.0,540.0,PERIODIC_SAMPLE,0,START_8592375,
BUS_6_DIR4_T66377.0,570.0,PERIODIC_SAMPLE,0,START_8592375,
BUS_6_DIR4_T66377.0,600.0,PERIODIC_SAMPLE,0,START_8592375,
BUS_6_DIR4_T66377.0,630.0,PERIODIC_SAMPLE,0,START_8592375,
BUS_6_DIR4_T66377.0,660.0,PERIODIC_SAMPLE,0,START_8592375,
BUS_6_DIR4_T66377.0,690.0,PERIODIC_SAMPLE,0,START_8592375,
BUS_6_DIR4_T66377.0,720.0,PERIODIC_SAMPLE,0,START_8592375,
BUS_6_DIR4_T66377.0,750.0,PERIODIC_SAMPLE,0,START_8592375,
BUS_6_DIR4_T66377.0,780.0,PERIODIC_SAMPLE,0,START_8592375,
BUS_6_DIR4_T66377.0,810.0,PERIODIC_SAMPLE,0,START_8592375,
BUS_6_DIR4_T66377.0,840.0,PERIODIC_SAMPLE,0,START_8592375,
BUS_6_DIR4_T66377.0,870.0,PERIODIC_SAMPLE,0,START_8592375,
BUS_6_DIR4_T66377.0,900.0,PERIODIC_SAMPLE,0,START_8592375,
BUS_6_DIR4_T66377.0,930.0,PERIODIC_SAMPLE,0,START_8592375,
BUS_6_DIR4_T66377.0,960.0,PERIODIC_SAMPLE,0,START_8592375,
BUS_6_DIR4_T66377.0,990.0,PERIODIC_SAMPLE,0,START_8592375,
BUS_6_DIR4_T66377.0,1020.0,PERIODIC_SAMPLE,0,START_8592375,
BUS_6_DIR4_T66377.0,1050.0,PERIODIC_SAMPLE,0,START_8592375,
BUS_6_DIR4_T66377.0,1080.0,PERIODIC_SAMPLE,0,START_8592375,
BUS_6_DIR4_T66377.0,1110.0,PERIODIC_SAMPLE,0,START_8592375,
BUS_6_DIR4_T66377.0,1140.0,PERIODIC_SAMPLE,0,START_8592375,
BUS_6_DIR4_T66377.0,1170.0,PERIODIC_SAMPLE,0,START_8592375,
BUS_6_DIR4_T66377.0,1200.0,PERIODIC_SAMPLE,0,START_8592375,
BUS_6_DIR4_T66377.0,1230.0,PERIODIC_SAMPLE,0,START_8592375,
BUS_6_DIR4_T66377.0,1260.0,PERIODIC_SAMPLE,0,START_8592375,
BUS_6_DIR4_T66377.0,1290.0,PERIODIC_SAMPLE,0,START_8592375,
BUS_6_DIR4_T66377.0,1320.0,PERIODIC_SAMPLE,0,START_8592375,
BUS_6_DIR4_T66377.0,1350.0,PERIODIC_SAMPLE,0,START_8592375,
BUS_6_DIR4_T66377.0,1380.0,PERIODIC_SAMPLE,0,START_8592375,
BUS_6_DIR4_T66377.0,1410.0,PERIODIC_SAMPLE,0,START_8592375,
BUS_6_DIR4_T66377.0,1440.0,PERIODIC_SAMPLE,0,START_8592375,
BUS_6_DIR4_T66377.0,1470.0,PERIODIC_SAMPLE,0,START_8592375,
BUS_6_DIR4_T66377.0,1500.0,PERIODIC_SAMPLE,0,START_8592375,
BUS_6_DIR4_T66377.0,1530.0,PERIODIC_SAMPLE,0,START_8592375,
BUS_6_DIR4_T66377.0,1560.0,PERIODIC_SAMPLE,0,START_8592375,
BUS_6_DIR4_T66377.0,1590.0,PERIODIC_SAMPLE,0,START_8592375,
BUS_6_DIR4_T66377.0,1620.0,PERIODIC_SAMPLE,0,START_8592375,
BUS_6_DIR4_T66377.0,1650.0,PERIODIC_SAMPLE,0,START_8592375,
BUS_6_DIR4_T66377.0,1680.0,PERIODIC_SAMPLE,0,START_8592375,
BUS_6_DIR4_T66377.0,1710.0,PERIODIC_SAMPLE,0,START_8592375,
BUS_6_DIR4_T66377.0,1740.0,PERIODIC_SAMPLE,0,START_8592375,
BUS_6_DIR4_T66377.0,1770.0,PERIODIC_SAMPLE,0,START_8592375,
BUS_6_DIR4_T66385.0,30.0,PERIODIC_SAMPLE,0,START_8592377,
BUS_6_DIR4_T66385.0,60.0,PERIODIC_SAMPLE,0,START_8592377,
BUS_6_DIR4_T66385.0,90.0,PERIODIC_SAMPLE,0,START_8592377,
BUS_6_DIR4_T66385.0,120.0,PERIODIC_SAMPLE,0,START_8592377,
BUS_6_DIR4_T66385.0,150.0,PERIODIC_SAMPLE,0,START_8592377,
BUS_6_DIR4_T66385.0,180.0,PERIODIC_SAMPLE,0,START_8592377,
BUS_6_DIR4_T66385.0,210.0,PERIODIC_SAMPLE,0,START_8592377,
BUS_6_DIR4_T66385.0,240.0,PERIODIC_SAMPLE,0,START_8592377,
BUS_6_DIR4_T66385.0,270.0,PERIODIC_SAMPLE,0,START_8592377,
BUS_6_DIR4_T66385.0,300.0,PERIODIC_SAMPLE,0,START_8592377,
BUS_6_DIR4_T66385.0,330.0,PERIODIC_SAMPLE,0,START_8592377,
BUS_6_DIR4_T66385.0,360.0,PERIODIC_SAMPLE,0,START_8592377,
BUS_6_DIR4_T66385.0,390.0,PERIODIC_SAMPLE,0,START_8592377,
BUS_6_DIR4_T66385.0,420.0,PERIODIC_SAMPLE,0,START_8592377,
BUS_6_DIR4_T66385.0,450.0,PERIODIC_SAMPLE,0,START_8592377,
BUS_6_DIR4_T66385.0,480.0,PERIODIC_SAMPLE,0,START_8592377,
BUS_6_DIR4_T66385.0,510.0,PERIODIC_SAMPLE,0,START_8592377,
BUS_6_DIR4_T66385.0,540.0,PERIODIC_SAMPLE,0,START_8592377,
BUS_6_DIR4_T66385.0,570.0,PERIODIC_SAMPLE,0,START_8592377,
BUS_6_DIR4_T66385.0,600.0,PERIODIC_SAMPLE,0,START_8592377,
BUS_6_DIR4_T66385.0,630.0,PERIODIC_SAMPLE,0,START_8592377,
BUS_6_DIR4_T66385.0,660.0,PERIODIC_SAMPLE,0,START_8592377,
BUS_6_DIR4_T66385.0,690.0,PERIODIC_SAMPLE,0,START_8592377,
BUS_6_DIR4_T66385.0,720.0,PERIODIC_SAMPLE,0,START_8592377,
BUS_6_DIR4_T66385.0,750.0,PERIODIC_SAMPLE,0,START_8592377,
BUS_6_DIR4_T66385.0,780.0,PERIODIC_SAMPLE,0,START_8592377,
BUS_6_DIR4_T66385.0,810.0,PERIODIC_SAMPLE,0,START_8592377,
BUS_6_DIR4_T66385.0,840.0,PERIODIC_SAMPLE,0,START_8592377,
BUS_6_DIR4_T66385.0,870.0,PERIODIC_SAMPLE,0,START_8592377,
BUS_6_DIR4_T66385.0,900.0,PERIODIC_SAMPLE,0,START_8592377,
BUS_6_DIR4_T66385.0,930.0,PERIODIC_SAMPLE,0,START_8592377,
BUS_6_DIR4_T66385.0,960.0,PERIODIC_SAMPLE,0,START_8592377,
BUS_6_DIR4_T66385.0,990.0,PERIODIC_SAMPLE,0,START_8592377,
BUS_6_DIR4_T66385.0,1020.0,PERIODIC_SAMPLE,0,START_8592377,
BUS_6_DIR4_T66385.0,1050.0,PERIODIC_SAMPLE,0,START_8592377,
BUS_6_DIR4_T66385.0,1080.0,PERIODIC_SAMPLE,0,START_8592377,
BUS_6_DIR4_T66385.0,1110.0,PERIODIC_SAMPLE,0,START_8592377,
BUS_6_DIR4_T66385.0,1140.0,PERIODIC_SAMPLE,0,START_8592377,
BUS_6_DIR4_T66385.0,1170.0,PERIODIC_SAMPLE,0,START_8592377,
BUS_6_DIR4_T66385.0,1200.0,PERIODIC_SAMPLE,0,START_8592377,
BUS_6_DIR4_T66385.0,1230.0,PERIODIC_SAMPLE,0,START_8592377,
BUS_6_DIR4_T66385.0,1260.0,PERIODIC_SAMPLE,0,START_8592377,
BUS_6_DIR4_T66385.0,1290.0,PERIODIC_SAMPLE,0,START_8592377,
BUS_6_DIR4_T66385.0,1320.0,PERIODIC_SAMPLE,0,START_8592377,
BUS_6_DIR4_T66385.0,1350.0,PERIODIC_SAMPLE,0,START_8592377,
BUS_6_DIR4_T66385.0,1380.0,PERIODIC_SAMPLE,0,START_8592377,
BUS_6_DIR4_T66385.0,1410.0,PERIODIC_SAMPLE,0,START_8592377,
BUS_6_DIR4_T66385.0,1440.0,PERIODIC_SAMPLE,0,START_8592377,
BUS_6_DIR4_T66385.0,1470.0,PERIODIC_SAMPLE,0,START_8592377,
BUS_6_DIR4_T66385.0,1500.0,PERIODIC_SAMPLE,0,START_8592377,
BUS_6_DIR4_T66385.0,1530.0,PERIODIC_SAMPLE,0,START_8592377,
BUS_6_DIR4_T66385.0,1560.0,PERIODIC_SAMPLE,0,START_8592377,
BUS_6_DIR4_T66385.0,1590.0,PERIODIC_SAMPLE,0,START_8592377,
BUS_6_DIR4_T66385.0,1620.0,PERIODIC_SAMPLE,0,START_8592377,
BUS_6_DIR4_T66385.0,1650.0,PERIODIC_SAMPLE,0,START_8592377,
BUS_6_DIR4_T66385.0,1680.0,PERIODIC_SAMPLE,0,START_8592377,
BUS_6_DIR4_T66385.0,1710.0,PERIODIC_SAMPLE,0,START_8592377,
BUS_6_DIR4_T66385.0,1740.0,PERIODIC_SAMPLE,0,START_8592377,
BUS_6_DIR4_T66385.0,1770.0,PERIODIC_SAMPLE,0,START_8592377,
BUS_6_DIR4_T66393.0,30.0,PERIODIC_SAMPLE,0,START_8592375,
BUS_6_DIR4_T66393.0,60.0,PERIODIC_SAMPLE,0,START_8592375,
BUS_6_DIR4_T66393.0,90.0,PERIODIC_SAMPLE,0,START_8592375,
BUS_6_DIR4_T66393.0,120.0,PERIODIC_SAMPLE,0,START_8592375,
BUS_6_DIR4_T66393.0,150.0,PERIODIC_SAMPLE,0,START_8592375,
BUS_6_DIR4_T66393.0,180.0,PERIODIC_SAMPLE,0,START_8592375,
BUS_6_DIR4_T66393.0,210.0,PERIODIC_SAMPLE,0,START_8592375,
BUS_6_DIR4_T66393.0,240.0,PERIODIC_SAMPLE,0,START_8592375,
BUS_6_DIR4_T66393.0,270.0,PERIODIC_SAMPLE,0,START_8592375,
BUS_6_DIR4_T66393.0,300.0,PERIODIC_SAMPLE,0,START_8592375,
BUS_6_DIR4_T66393.0,330.0,PERIODIC_SAMPLE,0,START_8592375,
BUS_6_DIR4_T66393.0,360.0,PERIODIC_SAMPLE,0,START_8592375,
BUS_6_DIR4_T66393.0,390.0,PERIODIC_SAMPLE,0,START_8592375,
BUS_6_DIR4_T66393.0,420.0,PERIODIC_SAMPLE,0,START_8592375,
BUS_6_DIR4_T66393.0,450.0,PERIODIC_SAMPLE,0,START_8592375,
BUS_6_DIR4_T66393.0,480.0,PERIODIC_SAMPLE,0,START_8592375,
BUS_6_DIR4_T66393.0,510.0,PERIODIC_SAMPLE,0,START_8592375,
BUS_6_DIR4_T66393.0,540.0,PERIODIC_SAMPLE,0,START_8592375,
BUS_6_DIR4_T66393.0,570.0,PERIODIC_SAMPLE,0,START_8592375,
BUS_6_DIR4_T66393.0,600.0,PERIODIC_SAMPLE,0,START_8592375,
BUS_6_DIR4_T66393.0,630.0,PERIODIC_SAMPLE,0,START_8592375,
BUS_6_DIR4_T66393.0,660.0,PERIODIC_SAMPLE,0,START_8592375,
BUS_6_DIR4_T66393.0,690.0,PERIODIC_SAMPLE,0,START_8592375,
BUS_6_DIR4_T66393.0,720.0,PERIODIC_SAMPLE,0,START_8592375,
BUS_6_DIR4_T66393.0,750.0,PERIODIC_SAMPLE,0,START_8592375,
BUS_6_DIR4_T66393.0,780.0,PERIODIC_SAMPLE,0,START_8592375,
BUS_6_DIR4_T66393.0,810.0,PERIODIC_SAMPLE,0,START_8592375,
BUS_6_DIR4_T66393.0,840.0,PERIODIC_SAMPLE,0,START_8592375,
BUS_6_DIR4_T66393.0,870.0,PERIODIC_SAMPLE,0,START_8592375,
BUS_6_DIR4_T66393.0,900.0,PERIODIC_SAMPLE,0,START_8592375,
BUS_6_DIR4_T66393.0,930.0,PERIODIC_SAMPLE,0,START_8592375,
BUS_6_DIR4_T66393.0,960.0,PERIODIC_SAMPLE,0,START_8592375,
BUS_6_DIR4_T66393.0,990.0,PERIODIC_SAMPLE,0,START_8592375,
BUS_6_DIR4_T66393.0,1020.0,PERIODIC_SAMPLE,0,START_8592375,
BUS_6_DIR4_T66393.0,1050.0,PERIODIC_SAMPLE,0,START_8592375,
BUS_6_DIR4_T66393.0,1080.0,PERIODIC_SAMPLE,0,START_8592375,
BUS_6_DIR4_T66393.0,1110.0,PERIODIC_SAMPLE,0,START_8592375,
BUS_6_DIR4_T66393.0,1140.0,PERIODIC_SAMPLE,0,START_8592375,
BUS_6_DIR4_T66393.0,1170.0,PERIODIC_SAMPLE,0,START_8592375,
BUS_6_DIR4_T66393.0,1200.0,PERIODIC_SAMPLE,0,START_8592375,
BUS_6_DIR4_T66393.0,1230.0,PERIODIC_SAMPLE,0,START_8592375,
BUS_6_DIR4_T66393.0,1260.0,PERIODIC_SAMPLE,0,START_8592375,
BUS_6_DIR4_T66393.0,1290.0,PERIODIC_SAMPLE,0,START_8592375,
BUS_6_DIR4_T66393.0,1320.0,PERIODIC_SAMPLE,0,START_8592375,
BUS_6_DIR4_T66393.0,1350.0,PERIODIC_SAMPLE,0,START_8592375,
BUS_6_DIR4_T66393.0,1380.0,PERIODIC_SAMPLE,0,START_8592375,
BUS_6_DIR4_T66393.0,1410.0,PERIODIC_SAMPLE,0,START_8592375,
BUS_6_DIR4_T66393.0,1440.0,PERIODIC_SAMPLE,0,START_8592375,
BUS_6_DIR4_T66393.0,1470.0,PERIODIC_SAMPLE,0,START_8592375,
BUS_6_DIR4_T66393.0,1500.0,PERIODIC_SAMPLE,0,START_8592375,
BUS_6_DIR4_T66393.0,1530.0,PERIODIC_SAMPLE,0,START_8592375,
BUS_6_DIR4_T66393.0,1560.0,PERIODIC_SAMPLE,0,START_8592375,
BUS_6_DIR4_T66393.0,1590.0,PERIODIC_SAMPLE,0,START_8592375,
BUS_6_DIR4_T66393.0,1620.0,PERIODIC_SAMPLE,0,START_8592375,
BUS_6_DIR4_T66393.0,1650.0,PERIODIC_SAMPLE,0,START_8592375,
BUS_6_DIR4_T66393.0,1680.0,PERIODIC_SAMPLE,0,START_8592375,
BUS_6_DIR4_T66393.0,1710.0,PERIODIC_SAMPLE,0,START_8592375,
BUS_6_DIR4_T66393.0,1740.0,PERIODIC_SAMPLE,0,START_8592375,
BUS_6_DIR4_T66393.0,1770.0,PERIODIC_SAMPLE,0,START_8592375,
BUS_6_DIR4_T66401.0,30.0,PERIODIC_SAMPLE,0,START_8592375,
BUS_6_DIR4_T66401.0,60.0,PERIODIC_SAMPLE,0,START_8592375,
BUS_6_DIR4_T66401.0,90.0,PERIODIC_SAMPLE,0,START_8592375,
BUS_6_DIR4_T66401.0,120.0,PERIODIC_SAMPLE,0,START_8592375,
BUS_6_DIR4_T66401.0,150.0,PERIODIC_SAMPLE,0,START_8592375,
BUS_6_DIR4_T66401.0,180.0,PERIODIC_SAMPLE,0,START_8592375,
BUS_6_DIR4_T66401.0,210.0,PERIODIC_SAMPLE,0,START_8592375,
BUS_6_DIR4_T66401.0,240.0,PERIODIC_SAMPLE,0,START_8592375,
BUS_6_DIR4_T66401.0,270.0,PERIODIC_SAMPLE,0,START_8592375,
BUS_6_DIR4_T66401.0,300.0,PERIODIC_SAMPLE,0,START_8592375,
BUS_6_DIR4_T66401.0,330.0,PERIODIC_SAMPLE,0,START_8592375,
BUS_6_DIR4_T66401.0,360.0,PERIODIC_SAMPLE,0,START_8592375,
BUS_6_DIR4_T66401.0,390.0,PERIODIC_SAMPLE,0,START_8592375,
BUS_6_DIR4_T66401.0,420.0,PERIODIC_SAMPLE,0,START_8592375,
BUS_6_DIR4_T66401.0,450.0,PERIODIC_SAMPLE,0,START_8592375,
BUS_6_DIR4_T66401.0,480.0,PERIODIC_SAMPLE,0,START_8592375,
BUS_6_DIR4_T66401.0,510.0,PERIODIC_SAMPLE,0,START_8592375,
BUS_6_DIR4_T66401.0,540.0,PERIODIC_SAMPLE,0,START_8592375,
BUS_6_DIR4_T66401.0,570.0,PERIODIC_SAMPLE,0,START_8592375,
BUS_6_DIR4_T66401.0,600.0,PERIODIC_SAMPLE,0,START_8592375,
BUS_6_DIR4_T66401.0,630.0,PERIODIC_SAMPLE,0,START_8592375,
BUS_6_DIR4_T66401.0,660.0,PERIODIC_SAMPLE,0,START_8592375,
BUS_6_DIR4_T66401.0,690.0,PERIODIC_SAMPLE,0,START_8592375,
BUS_6_DIR4_T66401.0,720.0,PERIODIC_SAMPLE,0,START_8592375,
BUS_6_DIR4_T66401.0,750.0,PERIODIC_SAMPLE,0,START_8592375,
BUS_6_DIR4_T66401.0,780.0,PERIODIC_SAMPLE,0,START_8592375,
BUS_6_DIR4_T66401.0,810.0,PERIODIC_SAMPLE,0,START_8592375,
BUS_6_DIR4_T66401.0,840.0,PERIODIC_SAMPLE,0,START_8592375,
BUS_6_DIR4_T66401.0,870.0,PERIODIC_SAMPLE,0,START_8592375,
BUS_6_DIR4_T66401.0,900.0,PERIODIC_SAMPLE,0,START_8592375,
BUS_6_DIR4_T66401.0,930.0,PERIODIC_SAMPLE,0,START_8592375,
BUS_6_DIR4_T66401.0,960.0,PERIODIC_SAMPLE,0,START_8592375,
BUS_6_DIR4_T66401.0,990.0,PERIODIC_SAMPLE,0,START_8592375,
BUS_6_DIR4_T66401.0,1020.0,PERIODIC_SAMPLE,0,START_8592375,
BUS_6_DIR4_T66401.0,1050.0,PERIODIC_SAMPLE,0,START_8592375,
BUS_6_DIR4_T66401.0,1080.0,PERIODIC_SAMPLE,0,START_8592375,
BUS_6_DIR4_T66401.0,1110.0,PERIODIC_SAMPLE,0,START_8592375,
BUS_6_DIR4_T66401.0,1140.0,PERIODIC_SAMPLE,0,START_8592375,
BUS_6_DIR4_T66401.0,1170.0,PERIODIC_SAMPLE,0,START_8592375,
BUS_6_DIR4_T66401.0,1200.0,PERIODIC_SAMPLE,0,START_8592375,
BUS_6_DIR4_T66401.0,1230.0,PERIODIC_SAMPLE,0,START_8592375,
BUS_6_DIR4_T66401.0,1260.0,PERIODIC_SAMPLE,0,START_8592375,
BUS_6_DIR4_T66401.0,1290.0,PERIODIC_SAMPLE,0,START_8592375,
BUS_6_DIR4_T66401.0,1320.0,PERIODIC_SAMPLE,0,START_8592375,
BUS_6_DIR4_T66401.0,1350.0,PERIODIC_SAMPLE,0,START_8592375,
BUS_6_DIR4_T66401.0,1380.0,PERIODIC_SAMPLE,0,START_8592375,
BUS_6_DIR4_T66401.0,1410.0,PERIODIC_SAMPLE,0,START_8592375,
BUS_6_DIR4_T66401.0,1440.0,PERIODIC_SAMPLE,0,START_8592375,
BUS_6_DIR4_T66401.0,1470.0,PERIODIC_SAMPLE,0,START_8592375,
BUS_6_DIR4_T66401.0,1500.0,PERIODIC_SAMPLE,0,START_8592375,
BUS_6_DIR4_T66401.0,1530.0,PERIODIC_SAMPLE,0,START_8592375,
BUS_6_DIR4_T66401.0,1560.0,PERIODIC_SAMPLE,0,START_8592375,
BUS_6_DIR4_T66401.0,1590.0,PERIODIC_SAMPLE,0,START_8592375,
BUS_6_DIR4_T66401.0,1620.0,PERIODIC_SAMPLE,0,START_8592375,
BUS_6_DIR4_T66401.0,1650.0,PERIODIC_SAMPLE,0,START_8592375,
BUS_6_DIR4_T66401.0,1680.0,PERIODIC_SAMPLE,0,START_8592375,
BUS_6_DIR4_T66401.0,1710.0,PERIODIC_SAMPLE,0,START_8592375,
BUS_6_DIR4_T66401.0,1740.0,PERIODIC_SAMPLE,0,START_8592375,
BUS_6_DIR4_T66401.0,1770.0,PERIODIC_SAMPLE,0,START_8592375,
BUS_6_DIR4_T66409.0,30.0,PERIODIC_SAMPLE,0,START_8592375,
BUS_6_DIR4_T66409.0,60.0,PERIODIC_SAMPLE,0,START_8592375,
BUS_6_DIR4_T66409.0,90.0,PERIODIC_SAMPLE,0,START_8592375,
BUS_6_DIR4_T66409.0,120.0,PERIODIC_SAMPLE,0,START_8592375,
BUS_6_DIR4_T66409.0,150.0,PERIODIC_SAMPLE,0,START_8592375,
BUS_6_DIR4_T66409.0,180.0,PERIODIC_SAMPLE,0,START_8592375,
BUS_6_DIR4_T66409.0,210.0,PERIODIC_SAMPLE,0,START_8592375,
BUS_6_DIR4_T66409.0,240.0,PERIODIC_SAMPLE,0,START_8592375,
BUS_6_DIR4_T66409.0,270.0,PERIODIC_SAMPLE,0,START_8592375,
BUS_6_DIR4_T66409.0,300.0,PERIODIC_SAMPLE,0,START_8592375,
BUS_6_DIR4_T66409.0,330.0,PERIODIC_SAMPLE,0,START_8592375,
BUS_6_DIR4_T66409.0,360.0,PERIODIC_SAMPLE,0,START_8592375,
BUS_6_DIR4_T66409.0,390.0,PERIODIC_SAMPLE,0,START_8592375,
BUS_6_DIR4_T66409.0,420.0,PERIODIC_SAMPLE,0,START_8592375,
BUS_6_DIR4_T66409.0,450.0,PERIODIC_SAMPLE,0,START_8592375,
BUS_6_DIR4_T66409.0,480.0,PERIODIC_SAMPLE,0,START_8592375,
BUS_6_DIR4_T66409.0,510.0,PERIODIC_SAMPLE,0,START_8592375,
BUS_6_DIR4_T66409.0,540.0,PERIODIC_SAMPLE,0,START_8592375,
BUS_6_DIR4_T66409.0,570.0,PERIODIC_SAMPLE,0,START_8592375,
BUS_6_DIR4_T66409.0,600.0,PERIODIC_SAMPLE,0,START_8592375,
BUS_6_DIR4_T66409.0,630.0,PERIODIC_SAMPLE,0,START_8592375,
BUS_6_DIR4_T66409.0,660.0,PERIODIC_SAMPLE,0,START_8592375,
BUS_6_DIR4_T66409.0,690.0,PERIODIC_SAMPLE,0,START_8592375,
BUS_6_DIR4_T66409.0,720.0,PERIODIC_SAMPLE,0,START_8592375,
BUS_6_DIR4_T66409.0,750.0,PERIODIC_SAMPLE,0,START_8592375,
BUS_6_DIR4_T66409.0,780.0,PERIODIC_SAMPLE,0,START_8592375,
BUS_6_DIR4_T66409.0,810.0,PERIODIC_SAMPLE,0,START_8592375,
BUS_6_DIR4_T66409.0,840.0,PERIODIC_SAMPLE,0,START_8592375,
BUS_6_DIR4_T66409.0,870.0,PERIODIC_SAMPLE,0,START_8592375,
BUS_6_DIR4_T66409.0,900.0,PERIODIC_SAMPLE,0,START_8592375,
BUS_6_DIR4_T66409.0,930.0,PERIODIC_SAMPLE,0,START_8592375,
BUS_6_DIR4_T66409.0,960.0,PERIODIC_SAMPLE,0,START_8592375,
BUS_6_DIR4_T66409.0,990.0,PERIODIC_SAMPLE,0,START_8592375,
BUS_6_DIR4_T66409.0,1020.0,PERIODIC_SAMPLE,0,START_8592375,
BUS_6_DIR4_T66409.0,1050.0,PERIODIC_SAMPLE,0,START_8592375,
BUS_6_DIR4_T66409.0,1080.0,PERIODIC_SAMPLE,0,START_8592375,
BUS_6_DIR4_T66409.0,1110.0,PERIODIC_SAMPLE,0,START_8592375,
BUS_6_DIR4_T66409.0,1140.0,PERIODIC_SAMPLE,0,START_8592375,
BUS_6_DIR4_T66409.0,1170.0,PERIODIC_SAMPLE,0,START_8592375,
BUS_6_DIR4_T66409.0,1200.0,PERIODIC_SAMPLE,0,START_8592375,
BUS_6_DIR4_T66409.0,1230.0,PERIODIC_SAMPLE,0,START_8592375,
BUS_6_DIR4_T66409.0,1260.0,PERIODIC_SAMPLE,0,START_8592375,
BUS_6_DIR4_T66409.0,1290.0,PERIODIC_SAMPLE,0,START_8592375,
BUS_6_DIR4_T66409.0,1320.0,PERIODIC_SAMPLE,0,START_8592375,
BUS_6_DIR4_T66409.0,1350.0,PERIODIC_SAMPLE,0,START_8592375,
BUS_6_DIR4_T66409.0,1380.0,PERIODIC_SAMPLE,0,START_8592375,
BUS_6_DIR4_T66409.0,1410.0,PERIODIC_SAMPLE,0,START_8592375,
BUS_6_DIR4_T66409.0,1440.0,PERIODIC_SAMPLE,0,START_8592375,
BUS_6_DIR4_T66409.0,1470.0,PERIODIC_SAMPLE,0,START_8592375,
BUS_6_DIR4_T66409.0,1500.0,PERIODIC_SAMPLE,0,START_8592375,
BUS_6_DIR4_T66409.0,1530.0,PERIODIC_SAMPLE,0,START_8592375,
BUS_6_DIR4_T66409.0,1560.0,PERIODIC_SAMPLE,0,START_8592375,
BUS_6_DIR4_T66409.0,1590.0,PERIODIC_SAMPLE,0,START_8592375,
BUS_6_DIR4_T66409.0,1620.0,PERIODIC_SAMPLE,0,START_8592375,
BUS_6_DIR4_T66409.0,1650.0,PERIODIC_SAMPLE,0,START_8592375,
BUS_6_DIR4_T66409.0,1680.0,PERIODIC_SAMPLE,0,START_8592375,
BUS_6_DIR4_T66409.0,1710.0,PERIODIC_SAMPLE,0,START_8592375,
BUS_6_DIR4_T66409.0,1740.0,PERIODIC_SAMPLE,0,START_8592375,
BUS_6_DIR4_T66409.0,1770.0,PERIODIC_SAMPLE,0,START_8592375,
BUS_6_DIR4_T66417.0,30.0,PERIODIC_SAMPLE,0,START_8592377,
BUS_6_DIR4_T66417.0,60.0,PERIODIC_SAMPLE,0,START_8592377,
BUS_6_DIR4_T66417.0,90.0,PERIODIC_SAMPLE,0,START_8592377,
BUS_6_DIR4_T66417.0,120.0,PERIODIC_SAMPLE,0,START_8592377,
BUS_6_DIR4_T66417.0,150.0,PERIODIC_SAMPLE,0,START_8592377,
BUS_6_DIR4_T66417.0,180.0,PERIODIC_SAMPLE,0,START_8592377,
BUS_6_DIR4_T66417.0,210.0,PERIODIC_SAMPLE,0,START_8592377,
BUS_6_DIR4_T66417.0,240.0,PERIODIC_SAMPLE,0,START_8592377,
BUS_6_DIR4_T66417.0,270.0,PERIODIC_SAMPLE,0,START_8592377,
BUS_6_DIR4_T66417.0,300.0,PERIODIC_SAMPLE,0,START_8592377,
BUS_6_DIR4_T66417.0,330.0,PERIODIC_SAMPLE,0,START_8592377,
BUS_6_DIR4_T66417.0,360.0,PERIODIC_SAMPLE,0,START_8592377,
BUS_6_DIR4_T66417.0,390.0,PERIODIC_SAMPLE,0,START_8592377,
BUS_6_DIR4_T66417.0,420.0,PERIODIC_SAMPLE,0,START_8592377,
BUS_6_DIR4_T66417.0,450.0,PERIODIC_SAMPLE,0,START_8592377,
BUS_6_DIR4_T66417.0,480.0,PERIODIC_SAMPLE,0,START_8592377,
BUS_6_DIR4_T66417.0,510.0,PERIODIC_SAMPLE,0,START_8592377,
BUS_6_DIR4_T66417.0,540.0,PERIODIC_SAMPLE,0,START_8592377,
BUS_6_DIR4_T66417.0,570.0,PERIODIC_SAMPLE,0,START_8592377,
BUS_6_DIR4_T66417.0,600.0,PERIODIC_SAMPLE,0,START_8592377,
BUS_6_DIR4_T66417.0,630.0,PERIODIC_SAMPLE,0,START_8592377,
BUS_6_DIR4_T66417.0,660.0,PERIODIC_SAMPLE,0,START_8592377,
BUS_6_DIR4_T66417.0,690.0,PERIODIC_SAMPLE,0,START_8592377,
BUS_6_DIR4_T66417.0,720.0,PERIODIC_SAMPLE,0,START_8592377,
BUS_6_DIR4_T66417.0,750.0,PERIODIC_SAMPLE,0,START_8592377,
BUS_6_DIR4_T66417.0,780.0,PERIODIC_SAMPLE,0,START_8592377,
BUS_6_DIR4_T66417.0,810.0,PERIODIC_SAMPLE,0,START_8592377,
BUS_6_DIR4_T66417.0,840.0,PERIODIC_SAMPLE,0,START_8592377,
BUS_6_DIR4_T66417.0,870.0,PERIODIC_SAMPLE,0,START_8592377,
BUS_6_DIR4_T66417.0,900.0,PERIODIC_SAMPLE,0,START_8592377,
BUS_6_DIR4_T66417.0,930.0,PERIODIC_SAMPLE,0,START_8592377,
BUS_6_DIR4_T66417.0,960.0,PERIODIC_SAMPLE,0,START_8592377,
BUS_6_DIR4_T66417.0,990.0,PERIODIC_SAMPLE,0,START_8592377,
BUS_6_DIR4_T66417.0,1020.0,PERIODIC_SAMPLE,0,START_8592377,
BUS_6_DIR4_T66417.0,1050.0,PERIODIC_SAMPLE,0,START_8592377,
BUS_6_DIR4_T66417.0,1080.0,PERIODIC_SAMPLE,0,START_8592377,
BUS_6_DIR4_T66417.0,1110.0,PERIODIC_SAMPLE,0,START_8592377,
BUS_6_DIR4_T66417.0,1140.0,PERIODIC_SAMPLE,0,START_8592377,
BUS_6_DIR4_T66417.0,1170.0,PERIODIC_SAMPLE,0,START_8592377,
BUS_6_DIR4_T66417.0,1200.0,PERIODIC_SAMPLE,0,START_8592377,
BUS_6_DIR4_T66417.0,1230.0,PERIODIC_SAMPLE,0,START_8592377,
BUS_6_DIR4_T66417.0,1260.0,PERIODIC_SAMPLE,0,START_8592377,
BUS_6_DIR4_T66417.0,1290.0,PERIODIC_SAMPLE,0,START_8592377,
BUS_6_DIR4_T66417.0,1320.0,PERIODIC_SAMPLE,0,START_8592377,
BUS_6_DIR4_T66417.0,1350.0,PERIODIC_SAMPLE,0,START_8592377,
BUS_6_DIR4_T66417.0,1380.0,PERIODIC_SAMPLE,0,START_8592377,
BUS_6_DIR4_T66417.0,1410.0,PERIODIC_SAMPLE,0,START_8592377,
BUS_6_DIR4_T66417.0,1440.0,PERIODIC_SAMPLE,0,START_8592377,
BUS_6_DIR4_T66417.0,1470.0,PERIODIC_SAMPLE,0,START_8592377,
BUS_6_DIR4_T66417.0,1500.0,PERIODIC_SAMPLE,0,START_8592377,
BUS_6_DIR4_T66417.0,1530.0,PERIODIC_SAMPLE,0,START_8592377,
BUS_6_DIR4_T66417.0,1560.0,PERIODIC_SAMPLE,0,START_8592377,
BUS_6_DIR4_T66417.0,1590.0,PERIODIC_SAMPLE,0,START_8592377,
BUS_6_DIR4_T66417.0,1620.0,PERIODIC_SAMPLE,0,START_8592377,
BUS_6_DIR4_T66417.0,1650.0,PERIODIC_SAMPLE,0,START_8592377,
BUS_6_DIR4_T66417.0,1680.0,PERIODIC_SAMPLE,0,START_8592377,
BUS_6_DIR4_T66417.0,1710.0,PERIODIC_SAMPLE,0,START_8592377,
BUS_6_DIR4_T66417.0,1740.0,PERIODIC_SAMPLE,0,START_8592377,
BUS_6_DIR4_T66417.0,1770.0,PERIODIC_SAMPLE,0,START_8592377,
BUS_6_DIR4_T66425.0,30.0,PERIODIC_SAMPLE,0,START_8592375,
BUS_6_DIR4_T66425.0,60.0,PERIODIC_SAMPLE,0,START_8592375,
BUS_6_DIR4_T66425.0,90.0,PERIODIC_SAMPLE,0,START_8592375,
BUS_6_DIR4_T66425.0,120.0,PERIODIC_SAMPLE,0,START_8592375,
BUS_6_DIR4_T66425.0,150.0,PERIODIC_SAMPLE,0,START_8592375,
BUS_6_DIR4_T66425.0,180.0,PERIODIC_SAMPLE,0,START_8592375,
BUS_6_DIR4_T66425.0,210.0,PERIODIC_SAMPLE,0,START_8592375,
BUS_6_DIR4_T66425.0,240.0,PERIODIC_SAMPLE,0,START_8592375,
BUS_6_DIR4_T66425.0,270.0,PERIODIC_SAMPLE,0,START_8592375,
BUS_6_DIR4_T66425.0,300.0,PERIODIC_SAMPLE,0,START_8592375,
BUS_6_DIR4_T66425.0,330.0,PERIODIC_SAMPLE,0,START_8592375,
BUS_6_DIR4_T66425.0,360.0,PERIODIC_SAMPLE,0,START_8592375,
BUS_6_DIR4_T66425.0,390.0,PERIODIC_SAMPLE,0,START_8592375,
BUS_6_DIR4_T66425.0,420.0,PERIODIC_SAMPLE,0,START_8592375,
BUS_6_DIR4_T66425.0,450.0,PERIODIC_SAMPLE,0,START_8592375,
BUS_6_DIR4_T66425.0,480.0,PERIODIC_SAMPLE,0,START_8592375,
BUS_6_DIR4_T66425.0,510.0,PERIODIC_SAMPLE,0,START_8592375,
BUS_6_DIR4_T66425.0,540.0,PERIODIC_SAMPLE,0,START_8592375,
BUS_6_DIR4_T66425.0,570.0,PERIODIC_SAMPLE,0,START_8592375,
BUS_6_DIR4_T66425.0,600.0,PERIODIC_SAMPLE,0,START_8592375,
BUS_6_DIR4_T66425.0,630.0,PERIODIC_SAMPLE,0,START_8592375,
BUS_6_DIR4_T66425.0,660.0,PERIODIC_SAMPLE,0,START_8592375,
BUS_6_DIR4_T66425.0,690.0,PERIODIC_SAMPLE,0,START_8592375,
BUS_6_DIR4_T66425.0,720.0,PERIODIC_SAMPLE,0,START_8592375,
BUS_6_DIR4_T66425.0,750.0,PERIODIC_SAMPLE,0,START_8592375,
BUS_6_DIR4_T66425.0,780.0,PERIODIC_SAMPLE,0,START_8592375,
BUS_6_DIR4_T66425.0,810.0,PERIODIC_SAMPLE,0,START_8592375,
BUS_6_DIR4_T66425.0,840.0,PERIODIC_SAMPLE,0,START_8592375,
BUS_6_DIR4_T66425.0,870.0,PERIODIC_SAMPLE,0,START_8592375,
BUS_6_DIR4_T66425.0,900.0,PERIODIC_SAMPLE,0,START_8592375,
BUS_6_DIR4_T66425.0,930.0,PERIODIC_SAMPLE,0,START_8592375,
BUS_6_DIR4_T66425.0,960.0,PERIODIC_SAMPLE,0,START_8592375,
BUS_6_DIR4_T66425.0,990.0,PERIODIC_SAMPLE,0,START_8592375,
BUS_6_DIR4_T66425.0,1020.0,PERIODIC_SAMPLE,0,START_8592375,
BUS_6_DIR4_T66425.0,1050.0,PERIODIC_SAMPLE,0,START_8592375,
BUS_6_DIR4_T66425.0,1080.0,PERIODIC_SAMPLE,0,START_8592375,
BUS_6_DIR4_T66425.0,1110.0,PERIODIC_SAMPLE,0,START_8592375,
BUS_6_DIR4_T66425.0,1140.0,PERIODIC_SAMPLE,0,START_8592375,
BUS_6_DIR4_T66425.0,1170.0,PERIODIC_SAMPLE,0,START_8592375,
BUS_6_DIR4_T66425.0,1200.0,PERIODIC_SAMPLE,0,START_8592375,
BUS_6_DIR4_T66425.0,1230.0,PERIODIC_SAMPLE,0,START_8592375,
BUS_6_DIR4_T66425.0,1260.0,PERIODIC_SAMPLE,0,START_8592375,
BUS_6_DIR4_T66425.0,1290.0,PERIODIC_SAMPLE,0,START_8592375,
BUS_6_DIR4_T66425.0,1320.0,PERIODIC_SAMPLE,0,START_8592375,
BUS_6_DIR4_T66425.0,1350.0,PERIODIC_SAMPLE,0,START_8592375,
BUS_6_DIR4_T66425.0,1380.0,PERIODIC_SAMPLE,0,START_8592375,
BUS_6_DIR4_T66425.0,1410.0,PERIODIC_SAMPLE,0,START_8592375,
BUS_6_DIR4_T66425.0,1440.0,PERIODIC_SAMPLE,0,START_8592375,
BUS_6_DIR4_T66425.0,1470.0,PERIODIC_SAMPLE,0,START_8592375,
BUS_6_DIR4_T66425.0,1500.0,PERIODIC_SAMPLE,0,START_8592375,
BUS_6_DIR4_T66425.0,1530.0,PERIODIC_SAMPLE,0,START_8592375,
BUS_6_DIR4_T66425.0,1560.0,PERIODIC_SAMPLE,0,START_8592375,
BUS_6_DIR4_T66425.0,1590.0,PERIODIC_SAMPLE,0,START_8592375,
BUS_6_DIR4_T66425.0,1620.0,PERIODIC_SAMPLE,0,START_8592375,
BUS_6_DIR4_T66425.0,1650.0,PERIODIC_SAMPLE,0,START_8592375,
BUS_6_DIR4_T66425.0,1680.0,PERIODIC_SAMPLE,0,START_8592375,
BUS_6_DIR4_T66425.0,1710.0,PERIODIC_SAMPLE,0,START_8592375,
BUS_6_DIR4_T66425.0,1740.0,PERIODIC_SAMPLE,0,START_8592375,
BUS_6_DIR4_T66425.0,1770.0,PERIODIC_SAMPLE,0,START_8592375,
BUS_6_DIR4_T66433.0,30.0,PERIODIC_SAMPLE,0,START_8592375,
BUS_6_DIR4_T66433.0,60.0,PERIODIC_SAMPLE,0,START_8592375,
BUS_6_DIR4_T66433.0,90.0,PERIODIC_SAMPLE,0,START_8592375,
BUS_6_DIR4_T66433.0,120.0,PERIODIC_SAMPLE,0,START_8592375,
BUS_6_DIR4_T66433.0,150.0,PERIODIC_SAMPLE,0,START_8592375,
BUS_6_DIR4_T66433.0,180.0,PERIODIC_SAMPLE,0,START_8592375,
BUS_6_DIR4_T66433.0,210.0,PERIODIC_SAMPLE,0,START_8592375,
BUS_6_DIR4_T66433.0,240.0,PERIODIC_SAMPLE,0,START_8592375,
BUS_6_DIR4_T66433.0,270.0,PERIODIC_SAMPLE,0,START_8592375,
BUS_6_DIR4_T66433.0,300.0,PERIODIC_SAMPLE,0,START_8592375,
BUS_6_DIR4_T66433.0,330.0,PERIODIC_SAMPLE,0,START_8592375,
BUS_6_DIR4_T66433.0,360.0,PERIODIC_SAMPLE,0,START_8592375,
BUS_6_DIR4_T66433.0,390.0,PERIODIC_SAMPLE,0,START_8592375,
BUS_6_DIR4_T66433.0,420.0,PERIODIC_SAMPLE,0,START_8592375,
BUS_6_DIR4_T66433.0,450.0,PERIODIC_SAMPLE,0,START_8592375,
BUS_6_DIR4_T66433.0,480.0,PERIODIC_SAMPLE,0,START_8592375,
BUS_6_DIR4_T66433.0,510.0,PERIODIC_SAMPLE,0,START_8592375,
BUS_6_DIR4_T66433.0,540.0,PERIODIC_SAMPLE,0,START_8592375,
BUS_6_DIR4_T66433.0,570.0,PERIODIC_SAMPLE,0,START_8592375,
BUS_6_DIR4_T66433.0,600.0,PERIODIC_SAMPLE,0,START_8592375,
BUS_6_DIR4_T66433.0,630.0,PERIODIC_SAMPLE,0,START_8592375,
BUS_6_DIR4_T66433.0,660.0,PERIODIC_SAMPLE,0,START_8592375,
BUS_6_DIR4_T66433.0,690.0,PERIODIC_SAMPLE,0,START_8592375,
BUS_6_DIR4_T66433.0,720.0,PERIODIC_SAMPLE,0,START_8592375,
BUS_6_DIR4_T66433.0,750.0,PERIODIC_SAMPLE,0,START_8592375,
BUS_6_DIR4_T66433.0,780.0,PERIODIC_SAMPLE,0,START_8592375,
BUS_6_DIR4_T66433.0,810.0,PERIODIC_SAMPLE,0,START_8592375,
BUS_6_DIR4_T66433.0,840.0,PERIODIC_SAMPLE,0,START_8592375,
BUS_6_DIR4_T66433.0,870.0,PERIODIC_SAMPLE,0,START_8592375,
BUS_6_DIR4_T66433.0,900.0,PERIODIC_SAMPLE,0,START_8592375,
BUS_6_DIR4_T66433.0,930.0,PERIODIC_SAMPLE,0,START_8592375,
BUS_6_DIR4_T66433.0,960.0,PERIODIC_SAMPLE,0,START_8592375,
BUS_6_DIR4_T66433.0,990.0,PERIODIC_SAMPLE,0,START_8592375,
BUS_6_DIR4_T66433.0,1020.0,PERIODIC_SAMPLE,0,START_8592375,
BUS_6_DIR4_T66433.0,1050.0,PERIODIC_SAMPLE,0,START_8592375,
BUS_6_DIR4_T66433.0,1080.0,PERIODIC_SAMPLE,0,START_8592375,
BUS_6_DIR4_T66433.0,1110.0,PERIODIC_SAMPLE,0,START_8592375,
BUS_6_DIR4_T66433.0,1140.0,PERIODIC_SAMPLE,0,START_8592375,
BUS_6_DIR4_T66433.0,1170.0,PERIODIC_SAMPLE,0,START_8592375,
BUS_6_DIR4_T66433.0,1200.0,PERIODIC_SAMPLE,0,START_8592375,
BUS_6_DIR4_T66433.0,1230.0,PERIODIC_SAMPLE,0,START_8592375,
BUS_6_DIR4_T66433.0,1260.0,PERIODIC_SAMPLE,0,START_8592375,
BUS_6_DIR4_T66433.0,1290.0,PERIODIC_SAMPLE,0,START_8592375,
BUS_6_DIR4_T66433.0,1320.0,PERIODIC_SAMPLE,0,START_8592375,
BUS_6_DIR4_T66433.0,1350.0,PERIODIC_SAMPLE,0,START_8592375,
BUS_6_DIR4_T66433.0,1380.0,PERIODIC_SAMPLE,0,START_8592375,
BUS_6_DIR4_T66433.0,1410.0,PERIODIC_SAMPLE,0,START_8592375,
BUS_6_DIR4_T66433.0,1440.0,PERIODIC_SAMPLE,0,START_8592375,
BUS_6_DIR4_T66433.0,1470.0,PERIODIC_SAMPLE,0,START_8592375,
BUS_6_DIR4_T66433.0,1500.0,PERIODIC_SAMPLE,0,START_8592375,
BUS_6_DIR4_T66433.0,1530.0,PERIODIC_SAMPLE,0,START_8592375,
BUS_6_DIR4_T66433.0,1560.0,PERIODIC_SAMPLE,0,START_8592375,
BUS_6_DIR4_T66433.0,1590.0,PERIODIC_SAMPLE,0,START_8592375,
BUS_6_DIR4_T66433.0,1620.0,PERIODIC_SAMPLE,0,START_8592375,
BUS_6_DIR4_T66433.0,1650.0,PERIODIC_SAMPLE,0,START_8592375,
BUS_6_DIR4_T66433.0,1680.0,PERIODIC_SAMPLE,0,START_8592375,
BUS_6_DIR4_T66433.0,1710.0,PERIODIC_SAMPLE,0,START_8592375,
BUS_6_DIR4_T66433.0,1740.0,PERIODIC_SAMPLE,0,START_8592375,
BUS_6_DIR4_T66433.0,1770.0,PERIODIC_SAMPLE,0,START_8592375,
BUS_6_DIR4_T66441.0,30.0,PERIODIC_SAMPLE,0,START_8592375,
BUS_6_DIR4_T66441.0,60.0,PERIODIC_SAMPLE,0,START_8592375,
BUS_6_DIR4_T66441.0,90.0,PERIODIC_SAMPLE,0,START_8592375,
BUS_6_DIR4_T66441.0,120.0,PERIODIC_SAMPLE,0,START_8592375,
BUS_6_DIR4_T66441.0,150.0,PERIODIC_SAMPLE,0,START_8592375,
BUS_6_DIR4_T66441.0,180.0,PERIODIC_SAMPLE,0,START_8592375,
BUS_6_DIR4_T66441.0,210.0,PERIODIC_SAMPLE,0,START_8592375,
BUS_6_DIR4_T66441.0,240.0,PERIODIC_SAMPLE,0,START_8592375,
BUS_6_DIR4_T66441.0,270.0,PERIODIC_SAMPLE,0,START_8592375,
BUS_6_DIR4_T66441.0,300.0,PERIODIC_SAMPLE,0,START_8592375,
BUS_6_DIR4_T66441.0,330.0,PERIODIC_SAMPLE,0,START_8592375,
BUS_6_DIR4_T66441.0,360.0,PERIODIC_SAMPLE,0,START_8592375,
BUS_6_DIR4_T66441.0,390.0,PERIODIC_SAMPLE,0,START_8592375,
BUS_6_DIR4_T66441.0,420.0,PERIODIC_SAMPLE,0,START_8592375,
BUS_6_DIR4_T66441.0,450.0,PERIODIC_SAMPLE,0,START_8592375,
BUS_6_DIR4_T66441.0,480.0,PERIODIC_SAMPLE,0,START_8592375,
BUS_6_DIR4_T66441.0,510.0,PERIODIC_SAMPLE,0,START_8592375,
BUS_6_DIR4_T66441.0,540.0,PERIODIC_SAMPLE,0,START_8592375,
BUS_6_DIR4_T66441.0,570.0,PERIODIC_SAMPLE,0,START_8592375,
BUS_6_DIR4_T66441.0,600.0,PERIODIC_SAMPLE,0,START_8592375,
BUS_6_DIR4_T66441.0,630.0,PERIODIC_SAMPLE,0,START_8592375,
BUS_6_DIR4_T66441.0,660.0,PERIODIC_SAMPLE,0,START_8592375,
BUS_6_DIR4_T66441.0,690.0,PERIODIC_SAMPLE,0,START_8592375,
BUS_6_DIR4_T66441.0,720.0,PERIODIC_SAMPLE,0,START_8592375,
BUS_6_DIR4_T66441.0,750.0,PERIODIC_SAMPLE,0,START_8592375,
BUS_6_DIR4_T66441.0,780.0,PERIODIC_SAMPLE,0,START_8592375,
BUS_6_DIR4_T66441.0,810.0,PERIODIC_SAMPLE,0,START_8592375,
BUS_6_DIR4_T66441.0,840.0,PERIODIC_SAMPLE,0,START_8592375,
BUS_6_DIR4_T66441.0,870.0,PERIODIC_SAMPLE,0,START_8592375,
BUS_6_DIR4_T66441.0,900.0,PERIODIC_SAMPLE,0,START_8592375,
BUS_6_DIR4_T66441.0,930.0,PERIODIC_SAMPLE,0,START_8592375,
BUS_6_DIR4_T66441.0,960.0,PERIODIC_SAMPLE,0,START_8592375,
BUS_6_DIR4_T66441.0,990.0,PERIODIC_SAMPLE,0,START_8592375,
BUS_6_DIR4_T66441.0,1020.0,PERIODIC_SAMPLE,0,START_8592375,
BUS_6_DIR4_T66441.0,1050.0,PERIODIC_SAMPLE,0,START_8592375,
BUS_6_DIR4_T66441.0,1080.0,PERIODIC_SAMPLE,0,START_8592375,
BUS_6_DIR4_T66441.0,1110.0,PERIODIC_SAMPLE,0,START_8592375,
BUS_6_DIR4_T66441.0,1140.0,PERIODIC_SAMPLE,0,START_8592375,
BUS_6_DIR4_T66441.0,1170.0,PERIODIC_SAMPLE,0,START_8592375,
BUS_6_DIR4_T66441.0,1200.0,PERIODIC_SAMPLE,0,START_8592375,
BUS_6_DIR4_T66441.0,1230.0,PERIODIC_SAMPLE,0,START_8592375,
BUS_6_DIR4_T66441.0,1260.0,PERIODIC_SAMPLE,0,START_8592375,
BUS_6_DIR4_T66441.0,1290.0,PERIODIC_SAMPLE,0,START_8592375,
BUS_6_DIR4_T66441.0,1320.0,PERIODIC_SAMPLE,0,START_8592375,
BUS_6_DIR4_T66441.0,1350.0,PERIODIC_SAMPLE,0,START_8592375,
BUS_6_DIR4_T66441.0,1380.0,PERIODIC_SAMPLE,0,START_8592375,
BUS_6_DIR4_T66441.0,1410.0,PERIODIC_SAMPLE,0,START_8592375,
BUS_6_DIR4_T66441.0,1440.0,PERIODIC_SAMPLE,0,START_8592375,
BUS_6_DIR4_T66441.0,1470.0,PERIODIC_SAMPLE,0,START_8592375,
BUS_6_DIR4_T66441.0,1500.0,PERIODIC_SAMPLE,0,START_8592375,
BUS_6_DIR4_T66441.0,1530.0,PERIODIC_SAMPLE,0,START_8592375,
BUS_6_DIR4_T66441.0,1560.0,PERIODIC_SAMPLE,0,START_8592375,
BUS_6_DIR4_T66441.0,1590.0,PERIODIC_SAMPLE,0,START_8592375,
BUS_6_DIR4_T66441.0,1620.0,PERIODIC_SAMPLE,0,START_8592375,
BUS_6_DIR4_T66441.0,1650.0,PERIODIC_SAMPLE,0,START_8592375,
BUS_6_DIR4_T66441.0,1680.0,PERIODIC_SAMPLE,0,START_8592375,
BUS_6_DIR4_T66441.0,1710.0,PERIODIC_SAMPLE,0,START_8592375,
BUS_6_DIR4_T66441.0,1740.0,PERIODIC_SAMPLE,0,START_8592375,
BUS_6_DIR4_T66441.0,1770.0,PERIODIC_SAMPLE,0,START_8592375,
BUS_6_DIR4_T66449.0,30.0,PERIODIC_SAMPLE,0,START_8592378,
BUS_6_DIR4_T66449.0,60.0,PERIODIC_SAMPLE,0,START_8592378,
BUS_6_DIR4_T66449.0,90.0,PERIODIC_SAMPLE,0,START_8592378,
BUS_6_DIR4_T66449.0,120.0,PERIODIC_SAMPLE,0,START_8592378,
BUS_6_DIR4_T66449.0,150.0,PERIODIC_SAMPLE,0,START_8592378,
BUS_6_DIR4_T66449.0,180.0,PERIODIC_SAMPLE,0,START_8592378,
BUS_6_DIR4_T66449.0,210.0,PERIODIC_SAMPLE,0,START_8592378,
BUS_6_DIR4_T66449.0,240.0,PERIODIC_SAMPLE,0,START_8592378,
BUS_6_DIR4_T66449.0,270.0,PERIODIC_SAMPLE,0,START_8592378,
BUS_6_DIR4_T66449.0,300.0,PERIODIC_SAMPLE,0,START_8592378,
BUS_6_DIR4_T66449.0,330.0,PERIODIC_SAMPLE,0,START_8592378,
BUS_6_DIR4_T66449.0,360.0,PERIODIC_SAMPLE,0,START_8592378,
BUS_6_DIR4_T66449.0,390.0,PERIODIC_SAMPLE,0,START_8592378,
BUS_6_DIR4_T66449.0,420.0,PERIODIC_SAMPLE,0,START_8592378,
BUS_6_DIR4_T66449.0,450.0,PERIODIC_SAMPLE,0,START_8592378,
BUS_6_DIR4_T66449.0,480.0,PERIODIC_SAMPLE,0,START_8592378,
BUS_6_DIR4_T66449.0,510.0,PERIODIC_SAMPLE,0,START_8592378,
BUS_6_DIR4_T66449.0,540.0,PERIODIC_SAMPLE,0,START_8592378,
BUS_6_DIR4_T66449.0,570.0,PERIODIC_SAMPLE,0,START_8592378,
BUS_6_DIR4_T66449.0,600.0,PERIODIC_SAMPLE,0,START_8592378,
BUS_6_DIR4_T66449.0,630.0,PERIODIC_SAMPLE,0,START_8592378,
BUS_6_DIR4_T66449.0,660.0,PERIODIC_SAMPLE,0,START_8592378,
BUS_6_DIR4_T66449.0,690.0,PERIODIC_SAMPLE,0,START_8592378,
BUS_6_DIR4_T66449.0,720.0,PERIODIC_SAMPLE,0,START_8592378,
BUS_6_DIR4_T66449.0,750.0,PERIODIC_SAMPLE,0,START_8592378,
BUS_6_DIR4_T66449.0,780.0,PERIODIC_SAMPLE,0,START_8592378,
BUS_6_DIR4_T66449.0,810.0,PERIODIC_SAMPLE,0,START_8592378,
BUS_6_DIR4_T66449.0,840.0,PERIODIC_SAMPLE,0,START_8592378,
BUS_6_DIR4_T66449.0,870.0,PERIODIC_SAMPLE,0,START_8592378,
BUS_6_DIR4_T66449.0,900.0,PERIODIC_SAMPLE,0,START_8592378,
BUS_6_DIR4_T66449.0,930.0,PERIODIC_SAMPLE,0,START_8592378,
BUS_6_DIR4_T66449.0,960.0,PERIODIC_SAMPLE,0,START_8592378,
BUS_6_DIR4_T66449.0,990.0,PERIODIC_SAMPLE,0,START_8592378,
BUS_6_DIR4_T66449.0,1020.0,PERIODIC_SAMPLE,0,START_8592378,
BUS_6_DIR4_T66449.0,1050.0,PERIODIC_SAMPLE,0,START_8592378,
BUS_6_DIR4_T66449.0,1080.0,PERIODIC_SAMPLE,0,START_8592378,
BUS_6_DIR4_T66449.0,1110.0,PERIODIC_SAMPLE,0,START_8592378,
BUS_6_DIR4_T66449.0,1140.0,PERIODIC_SAMPLE,0,START_8592378,
BUS_6_DIR4_T66449.0,1170.0,PERIODIC_SAMPLE,0,START_8592378,
BUS_6_DIR4_T66449.0,1200.0,PERIODIC_SAMPLE,0,START_8592378,
BUS_6_DIR4_T66449.0,1230.0,PERIODIC_SAMPLE,0,START_8592378,
BUS_6_DIR4_T66449.0,1260.0,PERIODIC_SAMPLE,0,START_8592378,
BUS_6_DIR4_T66449.0,1290.0,PERIODIC_SAMPLE,0,START_8592378,
BUS_6_DIR4_T66449.0,1320.0,PERIODIC_SAMPLE,0,START_8592378,
BUS_6_DIR4_T66449.0,1350.0,PERIODIC_SAMPLE,0,START_8592378,
BUS_6_DIR4_T66449.0,1380.0,PERIODIC_SAMPLE,0,START_8592378,
BUS_6_DIR4_T66449.0,1410.0,PERIODIC_SAMPLE,0,START_8592378,
BUS_6_DIR4_T66449.0,1440.0,PERIODIC_SAMPLE,0,START_8592378,
BUS_6_DIR4_T66449.0,1470.0,PERIODIC_SAMPLE,0,START_8592378,
BUS_6_DIR4_T66449.0,1500.0,PERIODIC_SAMPLE,0,START_8592378,
BUS_6_DIR4_T66449.0,1530.0,PERIODIC_SAMPLE,0,START_8592378,
BUS_6_DIR4_T66449.0,1560.0,PERIODIC_SAMPLE,0,START_8592378,
BUS_6_DIR4_T66449.0,1590.0,PERIODIC_SAMPLE,0,START_8592378,
BUS_6_DIR4_T66449.0,1620.0,PERIODIC_SAMPLE,0,START_8592378,
BUS_6_DIR4_T66449.0,1650.0,PERIODIC_SAMPLE,0,START_8592378,
BUS_6_DIR4_T66449.0,1680.0,PERIODIC_SAMPLE,0,START_8592378,
BUS_6_DIR4_T66449.0,1710.0,PERIODIC_SAMPLE,0,START_8592378,
BUS_6_DIR4_T66449.0,1740.0,PERIODIC_SAMPLE,0,START_8592378,
BUS_6_DIR4_T66449.0,1770.0,PERIODIC_SAMPLE,0,START_8592378,
BUS_6_DIR4_T66457.0,30.0,PERIODIC_SAMPLE,0,START_8592375,
BUS_6_DIR4_T66457.0,60.0,PERIODIC_SAMPLE,0,START_8592375,
BUS_6_DIR4_T66457.0,90.0,PERIODIC_SAMPLE,0,START_8592375,
BUS_6_DIR4_T66457.0,120.0,PERIODIC_SAMPLE,0,START_8592375,
BUS_6_DIR4_T66457.0,150.0,PERIODIC_SAMPLE,0,START_8592375,
BUS_6_DIR4_T66457.0,180.0,PERIODIC_SAMPLE,0,START_8592375,
BUS_6_DIR4_T66457.0,210.0,PERIODIC_SAMPLE,0,START_8592375,
BUS_6_DIR4_T66457.0,240.0,PERIODIC_SAMPLE,0,START_8592375,
BUS_6_DIR4_T66457.0,270.0,PERIODIC_SAMPLE,0,START_8592375,
BUS_6_DIR4_T66457.0,300.0,PERIODIC_SAMPLE,0,START_8592375,
BUS_6_DIR4_T66457.0,330.0,PERIODIC_SAMPLE,0,START_8592375,
BUS_6_DIR4_T66457.0,360.0,PERIODIC_SAMPLE,0,START_8592375,
BUS_6_DIR4_T66457.0,390.0,PERIODIC_SAMPLE,0,START_8592375,
BUS_6_DIR4_T66457.0,420.0,PERIODIC_SAMPLE,0,START_8592375,
BUS_6_DIR4_T66457.0,450.0,PERIODIC_SAMPLE,0,START_8592375,
BUS_6_DIR4_T66457.0,480.0,PERIODIC_SAMPLE,0,START_8592375,
BUS_6_DIR4_T66457.0,510.0,PERIODIC_SAMPLE,0,START_8592375,
BUS_6_DIR4_T66457.0,540.0,PERIODIC_SAMPLE,0,START_8592375,
BUS_6_DIR4_T66457.0,570.0,PERIODIC_SAMPLE,0,START_8592375,
BUS_6_DIR4_T66457.0,600.0,PERIODIC_SAMPLE,0,START_8592375,
BUS_6_DIR4_T66457.0,630.0,PERIODIC_SAMPLE,0,START_8592375,
BUS_6_DIR4_T66457.0,660.0,PERIODIC_SAMPLE,0,START_8592375,
BUS_6_DIR4_T66457.0,690.0,PERIODIC_SAMPLE,0,START_8592375,
BUS_6_DIR4_T66457.0,720.0,PERIODIC_SAMPLE,0,START_8592375,
BUS_6_DIR4_T66457.0,750.0,PERIODIC_SAMPLE,0,START_8592375,
BUS_6_DIR4_T66457.0,780.0,PERIODIC_SAMPLE,0,START_8592375,
BUS_6_DIR4_T66457.0,810.0,PERIODIC_SAMPLE,0,START_8592375,
BUS_6_DIR4_T66457.0,840.0,PERIODIC_SAMPLE,0,START_8592375,
BUS_6_DIR4_T66457.0,870.0,PERIODIC_SAMPLE,0,START_8592375,
BUS_6_DIR4_T66457.0,900.0,PERIODIC_SAMPLE,0,START_8592375,
BUS_6_DIR4_T66457.0,930.0,PERIODIC_SAMPLE,0,START_8592375,
BUS_6_DIR4_T66457.0,960.0,PERIODIC_SAMPLE,0,START_8592375,
BUS_6_DIR4_T66457.0,990.0,PERIODIC_SAMPLE,0,START_8592375,
BUS_6_DIR4_T66457.0,1020.0,PERIODIC_SAMPLE,0,START_8592375,
BUS_6_DIR4_T66457.0,1050.0,PERIODIC_SAMPLE,0,START_8592375,
BUS_6_DIR4_T66457.0,1080.0,PERIODIC_SAMPLE,0,START_8592375,
BUS_6_DIR4_T66457.0,1110.0,PERIODIC_SAMPLE,0,START_8592375,
BUS_6_DIR4_T66457.0,1140.0,PERIODIC_SAMPLE,0,START_8592375,
BUS_6_DIR4_T66457.0,1170.0,PERIODIC_SAMPLE,0,START_8592375,
BUS_6_DIR4_T66457.0,1200.0,PERIODIC_SAMPLE,0,START_8592375,
BUS_6_DIR4_T66457.0,1230.0,PERIODIC_SAMPLE,0,START_8592375,
BUS_6_DIR4_T66457.0,1260.0,PERIODIC_SAMPLE,0,START_8592375,
BUS_6_DIR4_T66457.0,1290.0,PERIODIC_SAMPLE,0,START_8592375,
BUS_6_DIR4_T66457.0,1320.0,PERIODIC_SAMPLE,0,START_8592375,
BUS_6_DIR4_T66457.0,1350.0,PERIODIC_SAMPLE,0,START_8592375,
BUS_6_DIR4_T66457.0,1380.0,PERIODIC_SAMPLE,0,START_8592375,
BUS_6_DIR4_T66457.0,1410.0,PERIODIC_SAMPLE,0,START_8592375,
BUS_6_DIR4_T66457.0,1440.0,PERIODIC_SAMPLE,0,START_8592375,
BUS_6_DIR4_T66457.0,1470.0,PERIODIC_SAMPLE,0,START_8592375,
BUS_6_DIR4_T66457.0,1500.0,PERIODIC_SAMPLE,0,START_8592375,
BUS_6_DIR4_T66457.0,1530.0,PERIODIC_SAMPLE,0,START_8592375,
BUS_6_DIR4_T66457.0,1560.0,PERIODIC_SAMPLE,0,START_8592375,
BUS_6_DIR4_T66457.0,1590.0,PERIODIC_SAMPLE,0,START_8592375,
BUS_6_DIR4_T66457.0,1620.0,PERIODIC_SAMPLE,0,START_8592375,
BUS_6_DIR4_T66457.0,1650.0,PERIODIC_SAMPLE,0,START_8592375,
BUS_6_DIR4_T66457.0,1680.0,PERIODIC_SAMPLE,0,START_8592375,
BUS_6_DIR4_T66457.0,1710.0,PERIODIC_SAMPLE,0,START_8592375,
BUS_6_DIR4_T66457.0,1740.0,PERIODIC_SAMPLE,0,START_8592375,
BUS_6_DIR4_T66457.0,1770.0,PERIODIC_SAMPLE,0,START_8592375,
BUS_6_DIR4_T66465.0,30.0,PERIODIC_SAMPLE,0,START_8592375,
BUS_6_DIR4_T66465.0,60.0,PERIODIC_SAMPLE,0,START_8592375,
BUS_6_DIR4_T66465.0,90.0,PERIODIC_SAMPLE,0,START_8592375,
BUS_6_DIR4_T66465.0,120.0,PERIODIC_SAMPLE,0,START_8592375,
BUS_6_DIR4_T66465.0,150.0,PERIODIC_SAMPLE,0,START_8592375,
BUS_6_DIR4_T66465.0,180.0,PERIODIC_SAMPLE,0,START_8592375,
BUS_6_DIR4_T66465.0,210.0,PERIODIC_SAMPLE,0,START_8592375,
BUS_6_DIR4_T66465.0,240.0,PERIODIC_SAMPLE,0,START_8592375,
BUS_6_DIR4_T66465.0,270.0,PERIODIC_SAMPLE,0,START_8592375,
BUS_6_DIR4_T66465.0,300.0,PERIODIC_SAMPLE,0,START_8592375,
BUS_6_DIR4_T66465.0,330.0,PERIODIC_SAMPLE,0,START_8592375,
BUS_6_DIR4_T66465.0,360.0,PERIODIC_SAMPLE,0,START_8592375,
BUS_6_DIR4_T66465.0,390.0,PERIODIC_SAMPLE,0,START_8592375,
BUS_6_DIR4_T66465.0,420.0,PERIODIC_SAMPLE,0,START_8592375,
BUS_6_DIR4_T66465.0,450.0,PERIODIC_SAMPLE,0,START_8592375,
BUS_6_DIR4_T66465.0,480.0,PERIODIC_SAMPLE,0,START_8592375,
BUS_6_DIR4_T66465.0,510.0,PERIODIC_SAMPLE,0,START_8592375,
BUS_6_DIR4_T66465.0,540.0,PERIODIC_SAMPLE,0,START_8592375,
BUS_6_DIR4_T66465.0,570.0,PERIODIC_SAMPLE,0,START_8592375,
BUS_6_DIR4_T66465.0,600.0,PERIODIC_SAMPLE,0,START_8592375,
BUS_6_DIR4_T66465.0,630.0,PERIODIC_SAMPLE,0,START_8592375,
BUS_6_DIR4_T66465.0,660.0,PERIODIC_SAMPLE,0,START_8592375,
BUS_6_DIR4_T66465.0,690.0,PERIODIC_SAMPLE,0,START_8592375,
BUS_6_DIR4_T66465.0,720.0,PERIODIC_SAMPLE,0,START_8592375,
BUS_6_DIR4_T66465.0,750.0,PERIODIC_SAMPLE,0,START_8592375,
BUS_6_DIR4_T66465.0,780.0,PERIODIC_SAMPLE,0,START_8592375,
BUS_6_DIR4_T66465.0,810.0,PERIODIC_SAMPLE,0,START_8592375,
BUS_6_DIR4_T66465.0,840.0,PERIODIC_SAMPLE,0,START_8592375,
BUS_6_DIR4_T66465.0,870.0,PERIODIC_SAMPLE,0,START_8592375,
BUS_6_DIR4_T66465.0,900.0,PERIODIC_SAMPLE,0,START_8592375,
BUS_6_DIR4_T66465.0,930.0,PERIODIC_SAMPLE,0,START_8592375,
BUS_6_DIR4_T66465.0,960.0,PERIODIC_SAMPLE,0,START_8592375,
BUS_6_DIR4_T66465.0,990.0,PERIODIC_SAMPLE,0,START_8592375,
BUS_6_DIR4_T66465.0,1020.0,PERIODIC_SAMPLE,0,START_8592375,
BUS_6_DIR4_T66465.0,1050.0,PERIODIC_SAMPLE,0,START_8592375,
BUS_6_DIR4_T66465.0,1080.0,PERIODIC_SAMPLE,0,START_8592375,
BUS_6_DIR4_T66465.0,1110.0,PERIODIC_SAMPLE,0,START_8592375,
BUS_6_DIR4_T66465.0,1140.0,PERIODIC_SAMPLE,0,START_8592375,
BUS_6_DIR4_T66465.0,1170.0,PERIODIC_SAMPLE,0,START_8592375,
BUS_6_DIR4_T66465.0,1200.0,PERIODIC_SAMPLE,0,START_8592375,
BUS_6_DIR4_T66465.0,1230.0,PERIODIC_SAMPLE,0,START_8592375,
BUS_6_DIR4_T66465.0,1260.0,PERIODIC_SAMPLE,0,START_8592375,
BUS_6_DIR4_T66465.0,1290.0,PERIODIC_SAMPLE,0,START_8592375,
BUS_6_DIR4_T66465.0,1320.0,PERIODIC_SAMPLE,0,START_8592375,
BUS_6_DIR4_T66465.0,1350.0,PERIODIC_SAMPLE,0,START_8592375,
BUS_6_DIR4_T66465.0,1380.0,PERIODIC_SAMPLE,0,START_8592375,
BUS_6_DIR4_T66465.0,1410.0,PERIODIC_SAMPLE,0,START_8592375,
BUS_6_DIR4_T66465.0,1440.0,PERIODIC_SAMPLE,0,START_8592375,
BUS_6_DIR4_T66465.0,1470.0,PERIODIC_SAMPLE,0,START_8592375,
BUS_6_DIR4_T66465.0,1500.0,PERIODIC_SAMPLE,0,START_8592375,
BUS_6_DIR4_T66465.0,1530.0,PERIODIC_SAMPLE,0,START_8592375,
BUS_6_DIR4_T66465.0,1560.0,PERIODIC_SAMPLE,0,START_8592375,
BUS_6_DIR4_T66465.0,1590.0,PERIODIC_SAMPLE,0,START_8592375,
BUS_6_DIR4_T66465.0,1620.0,PERIODIC_SAMPLE,0,START_8592375,
BUS_6_DIR4_T66465.0,1650.0,PERIODIC_SAMPLE,0,START_8592375,
BUS_6_DIR4_T66465.0,1680.0,PERIODIC_SAMPLE,0,START_8592375,
BUS_6_DIR4_T66465.0,1710.0,PERIODIC_SAMPLE,0,START_8592375,
BUS_6_DIR4_T66465.0,1740.0,PERIODIC_SAMPLE,0,START_8592375,
BUS_6_DIR4_T66465.0,1770.0,PERIODIC_SAMPLE,0,START_8592375,
BUS_6_DIR4_T66473.0,30.0,PERIODIC_SAMPLE,0,START_8592375,
BUS_6_DIR4_T66473.0,60.0,PERIODIC_SAMPLE,0,START_8592375,
BUS_6_DIR4_T66473.0,90.0,PERIODIC_SAMPLE,0,START_8592375,
BUS_6_DIR4_T66473.0,120.0,PERIODIC_SAMPLE,0,START_8592375,
BUS_6_DIR4_T66473.0,150.0,PERIODIC_SAMPLE,0,START_8592375,
BUS_6_DIR4_T66473.0,180.0,PERIODIC_SAMPLE,0,START_8592375,
BUS_6_DIR4_T66473.0,210.0,PERIODIC_SAMPLE,0,START_8592375,
BUS_6_DIR4_T66473.0,240.0,PERIODIC_SAMPLE,0,START_8592375,
BUS_6_DIR4_T66473.0,270.0,PERIODIC_SAMPLE,0,START_8592375,
BUS_6_DIR4_T66473.0,300.0,PERIODIC_SAMPLE,0,START_8592375,
BUS_6_DIR4_T66473.0,330.0,PERIODIC_SAMPLE,0,START_8592375,
BUS_6_DIR4_T66473.0,360.0,PERIODIC_SAMPLE,0,START_8592375,
BUS_6_DIR4_T66473.0,390.0,PERIODIC_SAMPLE,0,START_8592375,
BUS_6_DIR4_T66473.0,420.0,PERIODIC_SAMPLE,0,START_8592375,
BUS_6_DIR4_T66473.0,450.0,PERIODIC_SAMPLE,0,START_8592375,
BUS_6_DIR4_T66473.0,480.0,PERIODIC_SAMPLE,0,START_8592375,
BUS_6_DIR4_T66473.0,510.0,PERIODIC_SAMPLE,0,START_8592375,
BUS_6_DIR4_T66473.0,540.0,PERIODIC_SAMPLE,0,START_8592375,
BUS_6_DIR4_T66473.0,570.0,PERIODIC_SAMPLE,0,START_8592375,
BUS_6_DIR4_T66473.0,600.0,PERIODIC_SAMPLE,0,START_8592375,
BUS_6_DIR4_T66473.0,630.0,PERIODIC_SAMPLE,0,START_8592375,
BUS_6_DIR4_T66473.0,660.0,PERIODIC_SAMPLE,0,START_8592375,
BUS_6_DIR4_T66473.0,690.0,PERIODIC_SAMPLE,0,START_8592375,
BUS_6_DIR4_T66473.0,720.0,PERIODIC_SAMPLE,0,START_8592375,
BUS_6_DIR4_T66473.0,750.0,PERIODIC_SAMPLE,0,START_8592375,
BUS_6_DIR4_T66473.0,780.0,PERIODIC_SAMPLE,0,START_8592375,
BUS_6_DIR4_T66473.0,810.0,PERIODIC_SAMPLE,0,START_8592375,
BUS_6_DIR4_T66473.0,840.0,PERIODIC_SAMPLE,0,START_8592375,
BUS_6_DIR4_T66473.0,870.0,PERIODIC_SAMPLE,0,START_8592375,
BUS_6_DIR4_T66473.0,900.0,PERIODIC_SAMPLE,0,START_8592375,
BUS_6_DIR4_T66473.0,930.0,PERIODIC_SAMPLE,0,START_8592375,
BUS_6_DIR4_T66473.0,960.0,PERIODIC_SAMPLE,0,START_8592375,
BUS_6_DIR4_T66473.0,990.0,PERIODIC_SAMPLE,0,START_8592375,
BUS_6_DIR4_T66473.0,1020.0,PERIODIC_SAMPLE,0,START_8592375,
BUS_6_DIR4_T66473.0,1050.0,PERIODIC_SAMPLE,0,START_8592375,
BUS_6_DIR4_T66473.0,1080.0,PERIODIC_SAMPLE,0,START_8592375,
BUS_6_DIR4_T66473.0,1110.0,PERIODIC_SAMPLE,0,START_8592375,
BUS_6_DIR4_T66473.0,1140.0,PERIODIC_SAMPLE,0,START_8592375,
BUS_6_DIR4_T66473.0,1170.0,PERIODIC_SAMPLE,0,START_8592375,
BUS_6_DIR4_T66473.0,1200.0,PERIODIC_SAMPLE,0,START_8592375,
BUS_6_DIR4_T66473.0,1230.0,PERIODIC_SAMPLE,0,START_8592375,
BUS_6_DIR4_T66473.0,1260.0,PERIODIC_SAMPLE,0,START_8592375,
BUS_6_DIR4_T66473.0,1290.0,PERIODIC_SAMPLE,0,START_8592375,
BUS_6_DIR4_T66473.0,1320.0,PERIODIC_SAMPLE,0,START_8592375,
BUS_6_DIR4_T66473.0,1350.0,PERIODIC_SAMPLE,0,START_8592375,
BUS_6_DIR4_T66473.0,1380.0,PERIODIC_SAMPLE,0,START_8592375,
BUS_6_DIR4_T66473.0,1410.0,PERIODIC_SAMPLE,0,START_8592375,
BUS_6_DIR4_T66473.0,1440.0,PERIODIC_SAMPLE,0,START_8592375,
BUS_6_DIR4_T66473.0,1470.0,PERIODIC_SAMPLE,0,START_8592375,
BUS_6_DIR4_T66473.0,1500.0,PERIODIC_SAMPLE,0,START_8592375,
BUS_6_DIR4_T66473.0,1530.0,PERIODIC_SAMPLE,0,START_8592375,
BUS_6_DIR4_T66473.0,1560.0,PERIODIC_SAMPLE,0,START_8592375,
BUS_6_DIR4_T66473.0,1590.0,PERIODIC_SAMPLE,0,START_8592375,
BUS_6_DIR4_T66473.0,1620.0,PERIODIC_SAMPLE,0,START_8592375,
BUS_6_DIR4_T66473.0,1650.0,PERIODIC_SAMPLE,0,START_8592375,
BUS_6_DIR4_T66473.0,1680.0,PERIODIC_SAMPLE,0,START_8592375,
BUS_6_DIR4_T66473.0,1710.0,PERIODIC_SAMPLE,0,START_8592375,
BUS_6_DIR4_T66473.0,1740.0,PERIODIC_SAMPLE,0,START_8592375,
BUS_6_DIR4_T66473.0,1770.0,PERIODIC_SAMPLE,0,START_8592375,
BUS_6_DIR4_T66481.0,30.0,PERIODIC_SAMPLE,0,START_8592378,
BUS_6_DIR4_T66481.0,60.0,PERIODIC_SAMPLE,0,START_8592378,
BUS_6_DIR4_T66481.0,90.0,PERIODIC_SAMPLE,0,START_8592378,
BUS_6_DIR4_T66481.0,120.0,PERIODIC_SAMPLE,0,START_8592378,
BUS_6_DIR4_T66481.0,150.0,PERIODIC_SAMPLE,0,START_8592378,
BUS_6_DIR4_T66481.0,180.0,PERIODIC_SAMPLE,0,START_8592378,
BUS_6_DIR4_T66481.0,210.0,PERIODIC_SAMPLE,0,START_8592378,
BUS_6_DIR4_T66481.0,240.0,PERIODIC_SAMPLE,0,START_8592378,
BUS_6_DIR4_T66481.0,270.0,PERIODIC_SAMPLE,0,START_8592378,
BUS_6_DIR4_T66481.0,300.0,PERIODIC_SAMPLE,0,START_8592378,
BUS_6_DIR4_T66481.0,330.0,PERIODIC_SAMPLE,0,START_8592378,
BUS_6_DIR4_T66481.0,360.0,PERIODIC_SAMPLE,0,START_8592378,
BUS_6_DIR4_T66481.0,390.0,PERIODIC_SAMPLE,0,START_8592378,
BUS_6_DIR4_T66481.0,420.0,PERIODIC_SAMPLE,0,START_8592378,
BUS_6_DIR4_T66481.0,450.0,PERIODIC_SAMPLE,0,START_8592378,
BUS_6_DIR4_T66481.0,480.0,PERIODIC_SAMPLE,0,START_8592378,
BUS_6_DIR4_T66481.0,510.0,PERIODIC_SAMPLE,0,START_8592378,
BUS_6_DIR4_T66481.0,540.0,PERIODIC_SAMPLE,0,START_8592378,
BUS_6_DIR4_T66481.0,570.0,PERIODIC_SAMPLE,0,START_8592378,
BUS_6_DIR4_T66481.0,600.0,PERIODIC_SAMPLE,0,START_8592378,
BUS_6_DIR4_T66481.0,630.0,PERIODIC_SAMPLE,0,START_8592378,
BUS_6_DIR4_T66481.0,660.0,PERIODIC_SAMPLE,0,START_8592378,
BUS_6_DIR4_T66481.0,690.0,PERIODIC_SAMPLE,0,START_8592378,
BUS_6_DIR4_T66481.0,720.0,PERIODIC_SAMPLE,0,START_8592378,
BUS_6_DIR4_T66481.0,750.0,PERIODIC_SAMPLE,0,START_8592378,
BUS_6_DIR4_T66481.0,780.0,PERIODIC_SAMPLE,0,START_8592378,
BUS_6_DIR4_T66481.0,810.0,PERIODIC_SAMPLE,0,START_8592378,
BUS_6_DIR4_T66481.0,840.0,PERIODIC_SAMPLE,0,START_8592378,
BUS_6_DIR4_T66481.0,870.0,PERIODIC_SAMPLE,0,START_8592378,
BUS_6_DIR4_T66481.0,900.0,PERIODIC_SAMPLE,0,START_8592378,
BUS_6_DIR4_T66481.0,930.0,PERIODIC_SAMPLE,0,START_8592378,
BUS_6_DIR4_T66481.0,960.0,PERIODIC_SAMPLE,0,START_8592378,
BUS_6_DIR4_T66481.0,990.0,PERIODIC_SAMPLE,0,START_8592378,
BUS_6_DIR4_T66481.0,1020.0,PERIODIC_SAMPLE,0,START_8592378,
BUS_6_DIR4_T66481.0,1050.0,PERIODIC_SAMPLE,0,START_8592378,
BUS_6_DIR4_T66481.0,1080.0,PERIODIC_SAMPLE,0,START_8592378,
BUS_6_DIR4_T66481.0,1110.0,PERIODIC_SAMPLE,0,START_8592378,
BUS_6_DIR4_T66481.0,1140.0,PERIODIC_SAMPLE,0,START_8592378,
BUS_6_DIR4_T66481.0,1170.0,PERIODIC_SAMPLE,0,START_8592378,
BUS_6_DIR4_T66481.0,1200.0,PERIODIC_SAMPLE,0,START_8592378,
BUS_6_DIR4_T66481.0,1230.0,PERIODIC_SAMPLE,0,START_8592378,
BUS_6_DIR4_T66481.0,1260.0,PERIODIC_SAMPLE,0,START_8592378,
BUS_6_DIR4_T66481.0,1290.0,PERIODIC_SAMPLE,0,START_8592378,
BUS_6_DIR4_T66481.0,1320.0,PERIODIC_SAMPLE,0,START_8592378,
BUS_6_DIR4_T66481.0,1350.0,PERIODIC_SAMPLE,0,START_8592378,
BUS_6_DIR4_T66481.0,1380.0,PERIODIC_SAMPLE,0,START_8592378,
BUS_6_DIR4_T66481.0,1410.0,PERIODIC_SAMPLE,0,START_8592378,
BUS_6_DIR4_T66481.0,1440.0,PERIODIC_SAMPLE,0,START_8592378,
BUS_6_DIR4_T66481.0,1470.0,PERIODIC_SAMPLE,0,START_8592378,
BUS_6_DIR4_T66481.0,1500.0,PERIODIC_SAMPLE,0,START_8592378,
BUS_6_DIR4_T66481.0,1530.0,PERIODIC_SAMPLE,0,START_8592378,
BUS_6_DIR4_T66481.0,1560.0,PERIODIC_SAMPLE,0,START_8592378,
BUS_6_DIR4_T66481.0,1590.0,PERIODIC_SAMPLE,0,START_8592378,
BUS_6_DIR4_T66481.0,1620.0,PERIODIC_SAMPLE,0,START_8592378,
BUS_6_DIR4_T66481.0,1650.0,PERIODIC_SAMPLE,0,START_8592378,
BUS_6_DIR4_T66481.0,1680.0,PERIODIC_SAMPLE,0,START_8592378,
BUS_6_DIR4_T66481.0,1710.0,PERIODIC_SAMPLE,0,START_8592378,
BUS_6_DIR4_T66481.0,1740.0,PERIODIC_SAMPLE,0,START_8592378,
BUS_6_DIR4_T66481.0,1770.0,PERIODIC_SAMPLE,0,START_8592378,
BUS_6_DIR4_T66489.0,30.0,PERIODIC_SAMPLE,0,START_8592375,
BUS_6_DIR4_T66489.0,60.0,PERIODIC_SAMPLE,0,START_8592375,
BUS_6_DIR4_T66489.0,90.0,PERIODIC_SAMPLE,0,START_8592375,
BUS_6_DIR4_T66489.0,120.0,PERIODIC_SAMPLE,0,START_8592375,
BUS_6_DIR4_T66489.0,150.0,PERIODIC_SAMPLE,0,START_8592375,
BUS_6_DIR4_T66489.0,180.0,PERIODIC_SAMPLE,0,START_8592375,
BUS_6_DIR4_T66489.0,210.0,PERIODIC_SAMPLE,0,START_8592375,
BUS_6_DIR4_T66489.0,240.0,PERIODIC_SAMPLE,0,START_8592375,
BUS_6_DIR4_T66489.0,270.0,PERIODIC_SAMPLE,0,START_8592375,
BUS_6_DIR4_T66489.0,300.0,PERIODIC_SAMPLE,0,START_8592375,
BUS_6_DIR4_T66489.0,330.0,PERIODIC_SAMPLE,0,START_8592375,
BUS_6_DIR4_T66489.0,360.0,PERIODIC_SAMPLE,0,START_8592375,
BUS_6_DIR4_T66489.0,390.0,PERIODIC_SAMPLE,0,START_8592375,
BUS_6_DIR4_T66489.0,420.0,PERIODIC_SAMPLE,0,START_8592375,
BUS_6_DIR4_T66489.0,450.0,PERIODIC_SAMPLE,0,START_8592375,
BUS_6_DIR4_T66489.0,480.0,PERIODIC_SAMPLE,0,START_8592375,
BUS_6_DIR4_T66489.0,510.0,PERIODIC_SAMPLE,0,START_8592375,
BUS_6_DIR4_T66489.0,540.0,PERIODIC_SAMPLE,0,START_8592375,
BUS_6_DIR4_T66489.0,570.0,PERIODIC_SAMPLE,0,START_8592375,
BUS_6_DIR4_T66489.0,600.0,PERIODIC_SAMPLE,0,START_8592375,
BUS_6_DIR4_T66489.0,630.0,PERIODIC_SAMPLE,0,START_8592375,
BUS_6_DIR4_T66489.0,660.0,PERIODIC_SAMPLE,0,START_8592375,
BUS_6_DIR4_T66489.0,690.0,PERIODIC_SAMPLE,0,START_8592375,
BUS_6_DIR4_T66489.0,720.0,PERIODIC_SAMPLE,0,START_8592375,
BUS_6_DIR4_T66489.0,750.0,PERIODIC_SAMPLE,0,START_8592375,
BUS_6_DIR4_T66489.0,780.0,PERIODIC_SAMPLE,0,START_8592375,
BUS_6_DIR4_T66489.0,810.0,PERIODIC_SAMPLE,0,START_8592375,
BUS_6_DIR4_T66489.0,840.0,PERIODIC_SAMPLE,0,START_8592375,
BUS_6_DIR4_T66489.0,870.0,PERIODIC_SAMPLE,0,START_8592375,
BUS_6_DIR4_T66489.0,900.0,PERIODIC_SAMPLE,0,START_8592375,
BUS_6_DIR4_T66489.0,930.0,PERIODIC_SAMPLE,0,START_8592375,
BUS_6_DIR4_T66489.0,960.0,PERIODIC_SAMPLE,0,START_8592375,
BUS_6_DIR4_T66489.0,990.0,PERIODIC_SAMPLE,0,START_8592375,
BUS_6_DIR4_T66489.0,1020.0,PERIODIC_SAMPLE,0,START_8592375,
BUS_6_DIR4_T66489.0,1050.0,PERIODIC_SAMPLE,0,START_8592375,
BUS_6_DIR4_T66489.0,1080.0,PERIODIC_SAMPLE,0,START_8592375,
BUS_6_DIR4_T66489.0,1110.0,PERIODIC_SAMPLE,0,START_8592375,
BUS_6_DIR4_T66489.0,1140.0,PERIODIC_SAMPLE,0,START_8592375,
BUS_6_DIR4_T66489.0,1170.0,PERIODIC_SAMPLE,0,START_8592375,
BUS_6_DIR4_T66489.0,1200.0,PERIODIC_SAMPLE,0,START_8592375,
BUS_6_DIR4_T66489.0,1230.0,PERIODIC_SAMPLE,0,START_8592375,
BUS_6_DIR4_T66489.0,1260.0,PERIODIC_SAMPLE,0,START_8592375,
BUS_6_DIR4_T66489.0,1290.0,PERIODIC_SAMPLE,0,START_8592375,
BUS_6_DIR4_T66489.0,1320.0,PERIODIC_SAMPLE,0,START_8592375,
BUS_6_DIR4_T66489.0,1350.0,PERIODIC_SAMPLE,0,START_8592375,
BUS_6_DIR4_T66489.0,1380.0,PERIODIC_SAMPLE,0,START_8592375,
BUS_6_DIR4_T66489.0,1410.0,PERIODIC_SAMPLE,0,START_8592375,
BUS_6_DIR4_T66489.0,1440.0,PERIODIC_SAMPLE,0,START_8592375,
BUS_6_DIR4_T66489.0,1470.0,PERIODIC_SAMPLE,0,START_8592375,
BUS_6_DIR4_T66489.0,1500.0,PERIODIC_SAMPLE,0,START_8592375,
BUS_6_DIR4_T66489.0,1530.0,PERIODIC_SAMPLE,0,START_8592375,
BUS_6_DIR4_T66489.0,1560.0,PERIODIC_SAMPLE,0,START_8592375,
BUS_6_DIR4_T66489.0,1590.0,PERIODIC_SAMPLE,0,START_8592375,
BUS_6_DIR4_T66489.0,1620.0,PERIODIC_SAMPLE,0,START_8592375,
BUS_6_DIR4_T66489.0,1650.0,PERIODIC_SAMPLE,0,START_8592375,
BUS_6_DIR4_T66489.0,1680.0,PERIODIC_SAMPLE,0,START_8592375,
BUS_6_DIR4_T66489.0,1710.0,PERIODIC_SAMPLE,0,START_8592375,
BUS_6_DIR4_T66489.0,1740.0,PERIODIC_SAMPLE,0,START_8592375,
BUS_6_DIR4_T66489.0,1770.0,PERIODIC_SAMPLE,0,START_8592375,
BUS_6_DIR4_T66497.0,30.0,PERIODIC_SAMPLE,0,START_8592375,
BUS_6_DIR4_T66497.0,60.0,PERIODIC_SAMPLE,0,START_8592375,
BUS_6_DIR4_T66497.0,90.0,PERIODIC_SAMPLE,0,START_8592375,
BUS_6_DIR4_T66497.0,120.0,PERIODIC_SAMPLE,0,START_8592375,
BUS_6_DIR4_T66497.0,150.0,PERIODIC_SAMPLE,0,START_8592375,
BUS_6_DIR4_T66497.0,180.0,PERIODIC_SAMPLE,0,START_8592375,
BUS_6_DIR4_T66497.0,210.0,PERIODIC_SAMPLE,0,START_8592375,
BUS_6_DIR4_T66497.0,240.0,PERIODIC_SAMPLE,0,START_8592375,
BUS_6_DIR4_T66497.0,270.0,PERIODIC_SAMPLE,0,START_8592375,
BUS_6_DIR4_T66497.0,300.0,PERIODIC_SAMPLE,0,START_8592375,
BUS_6_DIR4_T66497.0,330.0,PERIODIC_SAMPLE,0,START_8592375,
BUS_6_DIR4_T66497.0,360.0,PERIODIC_SAMPLE,0,START_8592375,
BUS_6_DIR4_T66497.0,390.0,PERIODIC_SAMPLE,0,START_8592375,
BUS_6_DIR4_T66497.0,420.0,PERIODIC_SAMPLE,0,START_8592375,
BUS_6_DIR4_T66497.0,450.0,PERIODIC_SAMPLE,0,START_8592375,
BUS_6_DIR4_T66497.0,480.0,PERIODIC_SAMPLE,0,START_8592375,
BUS_6_DIR4_T66497.0,510.0,PERIODIC_SAMPLE,0,START_8592375,
BUS_6_DIR4_T66497.0,540.0,PERIODIC_SAMPLE,0,START_8592375,
BUS_6_DIR4_T66497.0,570.0,PERIODIC_SAMPLE,0,START_8592375,
BUS_6_DIR4_T66497.0,600.0,PERIODIC_SAMPLE,0,START_8592375,
BUS_6_DIR4_T66497.0,630.0,PERIODIC_SAMPLE,0,START_8592375,
BUS_6_DIR4_T66497.0,660.0,PERIODIC_SAMPLE,0,START_8592375,
BUS_6_DIR4_T66497.0,690.0,PERIODIC_SAMPLE,0,START_8592375,
BUS_6_DIR4_T66497.0,720.0,PERIODIC_SAMPLE,0,START_8592375,
BUS_6_DIR4_T66497.0,750.0,PERIODIC_SAMPLE,0,START_8592375,
BUS_6_DIR4_T66497.0,780.0,PERIODIC_SAMPLE,0,START_8592375,
BUS_6_DIR4_T66497.0,810.0,PERIODIC_SAMPLE,0,START_8592375,
BUS_6_DIR4_T66497.0,840.0,PERIODIC_SAMPLE,0,START_8592375,
BUS_6_DIR4_T66497.0,870.0,PERIODIC_SAMPLE,0,START_8592375,
BUS_6_DIR4_T66497.0,900.0,PERIODIC_SAMPLE,0,START_8592375,
BUS_6_DIR4_T66497.0,930.0,PERIODIC_SAMPLE,0,START_8592375,
BUS_6_DIR4_T66497.0,960.0,PERIODIC_SAMPLE,0,START_8592375,
BUS_6_DIR4_T66497.0,990.0,PERIODIC_SAMPLE,0,START_8592375,
BUS_6_DIR4_T66497.0,1020.0,PERIODIC_SAMPLE,0,START_8592375,
BUS_6_DIR4_T66497.0,1050.0,PERIODIC_SAMPLE,0,START_8592375,
BUS_6_DIR4_T66497.0,1080.0,PERIODIC_SAMPLE,0,START_8592375,
BUS_6_DIR4_T66497.0,1110.0,PERIODIC_SAMPLE,0,START_8592375,
BUS_6_DIR4_T66497.0,1140.0,PERIODIC_SAMPLE,0,START_8592375,
BUS_6_DIR4_T66497.0,1170.0,PERIODIC_SAMPLE,0,START_8592375,
BUS_6_DIR4_T66497.0,1200.0,PERIODIC_SAMPLE,0,START_8592375,
BUS_6_DIR4_T66497.0,1230.0,PERIODIC_SAMPLE,0,START_8592375,
BUS_6_DIR4_T66497.0,1260.0,PERIODIC_SAMPLE,0,START_8592375,
BUS_6_DIR4_T66497.0,1290.0,PERIODIC_SAMPLE,0,START_8592375,
BUS_6_DIR4_T66497.0,1320.0,PERIODIC_SAMPLE,0,START_8592375,
BUS_6_DIR4_T66497.0,1350.0,PERIODIC_SAMPLE,0,START_8592375,
BUS_6_DIR4_T66497.0,1380.0,PERIODIC_SAMPLE,0,START_8592375,
BUS_6_DIR4_T66497.0,1410.0,PERIODIC_SAMPLE,0,START_8592375,
BUS_6_DIR4_T66497.0,1440.0,PERIODIC_SAMPLE,0,START_8592375,
BUS_6_DIR4_T66497.0,1470.0,PERIODIC_SAMPLE,0,START_8592375,
BUS_6_DIR4_T66497.0,1500.0,PERIODIC_SAMPLE,0,START_8592375,
BUS_6_DIR4_T66497.0,1530.0,PERIODIC_SAMPLE,0,START_8592375,
BUS_6_DIR4_T66497.0,1560.0,PERIODIC_SAMPLE,0,START_8592375,
BUS_6_DIR4_T66497.0,1590.0,PERIODIC_SAMPLE,0,START_8592375,
BUS_6_DIR4_T66497.0,1620.0,PERIODIC_SAMPLE,0,START_8592375,
BUS_6_DIR4_T66497.0,1650.0,PERIODIC_SAMPLE,0,START_8592375,
BUS_6_DIR4_T66497.0,1680.0,PERIODIC_SAMPLE,0,START_8592375,
BUS_6_DIR4_T66497.0,1710.0,PERIODIC_SAMPLE,0,START_8592375,
BUS_6_DIR4_T66497.0,1740.0,PERIODIC_SAMPLE,0,START_8592375,
BUS_6_DIR4_T66497.0,1770.0,PERIODIC_SAMPLE,0,START_8592375,
BUS_6_DIR5_T66326.0,30.0,PERIODIC_SAMPLE,0,START_8589270,
BUS_6_DIR5_T66326.0,60.0,PERIODIC_SAMPLE,0,START_8589270,
BUS_6_DIR5_T66326.0,90.0,PERIODIC_SAMPLE,0,START_8589270,
BUS_6_DIR5_T66326.0,120.0,PERIODIC_SAMPLE,0,START_8589270,
BUS_6_DIR5_T66326.0,150.0,PERIODIC_SAMPLE,0,START_8589270,
BUS_6_DIR5_T66326.0,180.0,PERIODIC_SAMPLE,0,START_8589270,
BUS_6_DIR5_T66326.0,210.0,PERIODIC_SAMPLE,0,START_8589270,
BUS_6_DIR5_T66326.0,240.0,PERIODIC_SAMPLE,0,START_8589270,
BUS_6_DIR5_T66326.0,270.0,PERIODIC_SAMPLE,0,START_8589270,
BUS_6_DIR5_T66326.0,300.0,PERIODIC_SAMPLE,0,START_8589270,
BUS_6_DIR5_T66326.0,330.0,PERIODIC_SAMPLE,0,START_8589270,
BUS_6_DIR5_T66326.0,360.0,PERIODIC_SAMPLE,0,START_8589270,
BUS_6_DIR5_T66326.0,390.0,PERIODIC_SAMPLE,0,START_8589270,
BUS_6_DIR5_T66326.0,420.0,PERIODIC_SAMPLE,0,START_8589270,
BUS_6_DIR5_T66326.0,450.0,PERIODIC_SAMPLE,0,START_8589270,
BUS_6_DIR5_T66326.0,480.0,PERIODIC_SAMPLE,0,START_8589270,
BUS_6_DIR5_T66326.0,510.0,PERIODIC_SAMPLE,0,START_8589270,
BUS_6_DIR5_T66326.0,540.0,PERIODIC_SAMPLE,0,START_8589270,
BUS_6_DIR5_T66326.0,570.0,PERIODIC_SAMPLE,0,START_8589270,
BUS_6_DIR5_T66326.0,600.0,PERIODIC_SAMPLE,0,START_8589270,
BUS_6_DIR5_T66326.0,630.0,PERIODIC_SAMPLE,0,START_8589270,
BUS_6_DIR5_T66326.0,660.0,PERIODIC_SAMPLE,0,START_8589270,
BUS_6_DIR5_T66326.0,690.0,PERIODIC_SAMPLE,0,START_8589270,
BUS_6_DIR5_T66326.0,720.0,PERIODIC_SAMPLE,0,START_8589270,
BUS_6_DIR5_T66326.0,750.0,PERIODIC_SAMPLE,0,START_8589270,
BUS_6_DIR5_T66326.0,780.0,PERIODIC_SAMPLE,0,START_8589270,
BUS_6_DIR5_T66326.0,810.0,PERIODIC_SAMPLE,0,START_8589270,
BUS_6_DIR5_T66326.0,840.0,PERIODIC_SAMPLE,0,START_8589270,
BUS_6_DIR5_T66326.0,870.0,PERIODIC_SAMPLE,0,START_8589270,
BUS_6_DIR5_T66326.0,900.0,PERIODIC_SAMPLE,0,START_8589270,
BUS_6_DIR5_T66326.0,930.0,PERIODIC_SAMPLE,0,START_8589270,
BUS_6_DIR5_T66326.0,960.0,PERIODIC_SAMPLE,0,START_8589270,
BUS_6_DIR5_T66326.0,990.0,PERIODIC_SAMPLE,0,START_8589270,
BUS_6_DIR5_T66326.0,1020.0,PERIODIC_SAMPLE,0,START_8589270,
BUS_6_DIR5_T66326.0,1050.0,PERIODIC_SAMPLE,0,START_8589270,
BUS_6_DIR5_T66326.0,1068.0,ARRIVAL,0,8589270,
BUS_6_DIR5_T66326.0,1080.0,PERIODIC_SAMPLE,0,8589270,
BUS_6_DIR5_T66326.0,1110.0,PERIODIC_SAMPLE,0,8589270,
BUS_6_DIR5_T66326.0,1140.0,PERIODIC_SAMPLE,0,8589270,
BUS_6_DIR5_T66326.0,1170.0,PERIODIC_SAMPLE,0,8589270,
BUS_6_DIR5_T66326.0,1200.0,PERIODIC_SAMPLE,0,8589270,
BUS_6_DIR5_T66326.0,1230.0,PERIODIC_SAMPLE,0,8589270,
BUS_6_DIR5_T66326.0,1254.0,ARRIVAL,0,8589147,
BUS_6_DIR5_T66326.0,1159.0,ARRIVAL,7,8589158,
BUS_6_DIR5_T66326.0,1159.0,BOARDING,7,8589158,7
BUS_6_DIR5_T66326.0,1254.0,ARRIVAL,7,8589147,
BUS_6_DIR5_T66326.0,1260.0,PERIODIC_SAMPLE,7,8589147,
BUS_6_DIR5_T66326.0,1290.0,PERIODIC_SAMPLE,7,8589147,
BUS_6_DIR5_T66326.0,1320.0,ARRIVAL,12,8591766,
BUS_6_DIR5_T66326.0,1320.0,BOARDING,12,8591766,5
BUS_6_DIR5_T66326.0,1320.0,PERIODIC_SAMPLE,12,8591766,
BUS_6_DIR5_T66326.0,1350.0,PERIODIC_SAMPLE,12,8591766,
BUS_6_DIR5_T66326.0,1380.0,PERIODIC_SAMPLE,12,8591766,
BUS_6_DIR5_T66326.0,1410.0,PERIODIC_SAMPLE,12,8591766,
BUS_6_DIR5_T66326.0,1420.0,ARRIVAL,14,8587356,
BUS_6_DIR5_T66326.0,1420.0,BOARDING,14,8587356,2
BUS_6_DIR5_T66326.0,1440.0,PERIODIC_SAMPLE,14,8587356,
BUS_6_DIR5_T66326.0,1470.0,PERIODIC_SAMPLE,14,8587356,
BUS_6_DIR5_T66326.0,1500.0,PERIODIC_SAMPLE,14,8587356,
BUS_6_DIR5_T66326.0,1518.0,ARRIVAL,27,8587255,
BUS_6_DIR5_T66326.0,1518.0,BOARDING,27,8587255,13
BUS_6_DIR5_T66326.0,1530.0,PERIODIC_SAMPLE,27,8587255,
BUS_6_DIR5_T66326.0,1560.0,PERIODIC_SAMPLE,27,8587255,
BUS_6_DIR5_T66326.0,1590.0,PERIODIC_SAMPLE,27,8587255,
BUS_6_DIR5_T66326.0,1620.0,PERIODIC_SAMPLE,27,8587255,
BUS_6_DIR5_T66326.0,1650.0,PERIODIC_SAMPLE,27,8587255,
BUS_6_DIR5_T66326.0,1666.0,ARRIVAL,33,8589161,
BUS_6_DIR5_T66326.0,1666.0,BOARDING,33,8589161,6
BUS_6_DIR5_T66326.0,1680.0,PERIODIC_SAMPLE,33,8589161,
BUS_6_DIR5_T66326.0,1710.0,PERIODIC_SAMPLE,33,8589161,
BUS_6_DIR5_T66326.0,1740.0,PERIODIC_SAMPLE,33,8589161,
BUS_6_DIR5_T66326.0,1770.0,PERIODIC_SAMPLE,33,8589161,
BUS_6_DIR5_T66334.0,30.0,PERIODIC_SAMPLE,0,START_8589147,
BUS_6_DIR5_T66334.0,60.0,PERIODIC_SAMPLE,0,START_8589147,
BUS_6_DIR5_T66334.0,90.0,PERIODIC_SAMPLE,0,START_8589147,
BUS_6_DIR5_T66334.0,120.0,PERIODIC_SAMPLE,0,START_8589147,
BUS_6_DIR5_T66334.0,150.0,PERIODIC_SAMPLE,0,START_8589147,
BUS_6_DIR5_T66334.0,180.0,PERIODIC_SAMPLE,0,START_8589147,
BUS_6_DIR5_T66334.0,210.0,PERIODIC_SAMPLE,0,START_8589147,
BUS_6_DIR5_T66334.0,240.0,PERIODIC_SAMPLE,0,START_8589147,
BUS_6_DIR5_T66334.0,270.0,PERIODIC_SAMPLE,0,START_8589147,
BUS_6_DIR5_T66334.0,300.0,PERIODIC_SAMPLE,0,START_8589147,
BUS_6_DIR5_T66334.0,330.0,PERIODIC_SAMPLE,0,START_8589147,
BUS_6_DIR5_T66334.0,360.0,PERIODIC_SAMPLE,0,START_8589147,
BUS_6_DIR5_T66334.0,390.0,PERIODIC_SAMPLE,0,START_8589147,
BUS_6_DIR5_T66334.0,420.0,PERIODIC_SAMPLE,0,START_8589147,
BUS_6_DIR5_T66334.0,450.0,PERIODIC_SAMPLE,0,START_8589147,
BUS_6_DIR5_T66334.0,480.0,PERIODIC_SAMPLE,0,START_8589147,
BUS_6_DIR5_T66334.0,510.0,PERIODIC_SAMPLE,0,START_8589147,
BUS_6_DIR5_T66334.0,540.0,PERIODIC_SAMPLE,0,START_8589147,
BUS_6_DIR5_T66334.0,570.0,PERIODIC_SAMPLE,0,START_8589147,
BUS_6_DIR5_T66334.0,600.0,PERIODIC_SAMPLE,0,START_8589147,
BUS_6_DIR5_T66334.0,630.0,PERIODIC_SAMPLE,0,START_8589147,
BUS_6_DIR5_T66334.0,660.0,PERIODIC_SAMPLE,0,START_8589147,
BUS_6_DIR5_T66334.0,690.0,PERIODIC_SAMPLE,0,START_8589147,
BUS_6_DIR5_T66334.0,720.0,PERIODIC_SAMPLE,0,START_8589147,
BUS_6_DIR5_T66334.0,750.0,PERIODIC_SAMPLE,0,START_8589147,
BUS_6_DIR5_T66334.0,780.0,PERIODIC_SAMPLE,0,START_8589147,
BUS_6_DIR5_T66334.0,810.0,PERIODIC_SAMPLE,0,START_8589147,
BUS_6_DIR5_T66334.0,840.0,PERIODIC_SAMPLE,0,START_8589147,
BUS_6_DIR5_T66334.0,870.0,PERIODIC_SAMPLE,0,START_8589147,
BUS_6_DIR5_T66334.0,900.0,PERIODIC_SAMPLE,0,START_8589147,
BUS_6_DIR5_T66334.0,930.0,PERIODIC_SAMPLE,0,START_8589147,
BUS_6_DIR5_T66334.0,960.0,PERIODIC_SAMPLE,0,START_8589147,
BUS_6_DIR5_T66334.0,990.0,PERIODIC_SAMPLE,0,START_8589147,
BUS_6_DIR5_T66334.0,1020.0,PERIODIC_SAMPLE,0,START_8589147,
BUS_6_DIR5_T66334.0,1050.0,PERIODIC_SAMPLE,0,START_8589147,
BUS_6_DIR5_T66334.0,1080.0,PERIODIC_SAMPLE,0,START_8589147,
BUS_6_DIR5_T66334.0,1110.0,PERIODIC_SAMPLE,0,START_8589147,
BUS_6_DIR5_T66334.0,1140.0,PERIODIC_SAMPLE,0,START_8589147,
BUS_6_DIR5_T66334.0,1170.0,PERIODIC_SAMPLE,0,START_8589147,
BUS_6_DIR5_T66334.0,1200.0,PERIODIC_SAMPLE,0,START_8589147,
BUS_6_DIR5_T66334.0,1230.0,PERIODIC_SAMPLE,0,START_8589147,
BUS_6_DIR5_T66334.0,1260.0,PERIODIC_SAMPLE,0,START_8589147,
BUS_6_DIR5_T66334.0,1290.0,PERIODIC_SAMPLE,0,START_8589147,
BUS_6_DIR5_T66334.0,1320.0,PERIODIC_SAMPLE,0,START_8589147,
BUS_6_DIR5_T66334.0,1350.0,PERIODIC_SAMPLE,0,START_8589147,
BUS_6_DIR5_T66334.0,1380.0,PERIODIC_SAMPLE,0,START_8589147,
BUS_6_DIR5_T66334.0,1410.0,PERIODIC_SAMPLE,0,START_8589147,
BUS_6_DIR5_T66334.0,1440.0,PERIODIC_SAMPLE,0,START_8589147,
BUS_6_DIR5_T66334.0,1470.0,PERIODIC_SAMPLE,0,START_8589147,
BUS_6_DIR5_T66334.0,1500.0,PERIODIC_SAMPLE,0,START_8589147,
BUS_6_DIR5_T66334.0,1530.0,PERIODIC_SAMPLE,0,START_8589147,
BUS_6_DIR5_T66334.0,1560.0,PERIODIC_SAMPLE,0,START_8589147,
BUS_6_DIR5_T66334.0,1590.0,PERIODIC_SAMPLE,0,START_8589147,
BUS_6_DIR5_T66334.0,1620.0,PERIODIC_SAMPLE,0,START_8589147,
BUS_6_DIR5_T66334.0,1650.0,PERIODIC_SAMPLE,0,START_8589147,
BUS_6_DIR5_T66334.0,1680.0,PERIODIC_SAMPLE,0,START_8589147,
BUS_6_DIR5_T66334.0,1710.0,PERIODIC_SAMPLE,0,START_8589147,
BUS_6_DIR5_T66334.0,1740.0,PERIODIC_SAMPLE,0,START_8589147,
BUS_6_DIR5_T66334.0,1770.0,PERIODIC_SAMPLE,0,START_8589147,
BUS_6_DIR5_T66342.0,30.0,PERIODIC_SAMPLE,0,START_8589270,
BUS_6_DIR5_T66342.0,60.0,PERIODIC_SAMPLE,0,START_8589270,
BUS_6_DIR5_T66342.0,90.0,PERIODIC_SAMPLE,0,START_8589270,
BUS_6_DIR5_T66342.0,120.0,PERIODIC_SAMPLE,0,START_8589270,
BUS_6_DIR5_T66342.0,150.0,PERIODIC_SAMPLE,0,START_8589270,
BUS_6_DIR5_T66342.0,180.0,PERIODIC_SAMPLE,0,START_8589270,
BUS_6_DIR5_T66342.0,210.0,PERIODIC_SAMPLE,0,START_8589270,
BUS_6_DIR5_T66342.0,240.0,PERIODIC_SAMPLE,0,START_8589270,
BUS_6_DIR5_T66342.0,270.0,PERIODIC_SAMPLE,0,START_8589270,
BUS_6_DIR5_T66342.0,300.0,PERIODIC_SAMPLE,0,START_8589270,
BUS_6_DIR5_T66342.0,330.0,PERIODIC_SAMPLE,0,START_8589270,
BUS_6_DIR5_T66342.0,360.0,PERIODIC_SAMPLE,0,START_8589270,
BUS_6_DIR5_T66342.0,390.0,PERIODIC_SAMPLE,0,START_8589270,
BUS_6_DIR5_T66342.0,420.0,PERIODIC_SAMPLE,0,START_8589270,
BUS_6_DIR5_T66342.0,450.0,PERIODIC_SAMPLE,0,START_8589270,
BUS_6_DIR5_T66342.0,480.0,PERIODIC_SAMPLE,0,START_8589270,
BUS_6_DIR5_T66342.0,510.0,PERIODIC_SAMPLE,0,START_8589270,
BUS_6_DIR5_T66342.0,540.0,PERIODIC_SAMPLE,0,START_8589270,
BUS_6_DIR5_T66342.0,570.0,PERIODIC_SAMPLE,0,START_8589270,
BUS_6_DIR5_T66342.0,600.0,PERIODIC_SAMPLE,0,START_8589270,
BUS_6_DIR5_T66342.0,630.0,PERIODIC_SAMPLE,0,START_8589270,
BUS_6_DIR5_T66342.0,660.0,PERIODIC_SAMPLE,0,START_8589270,
BUS_6_DIR5_T66342.0,690.0,PERIODIC_SAMPLE,0,START_8589270,
BUS_6_DIR5_T66342.0,720.0,PERIODIC_SAMPLE,0,START_8589270,
BUS_6_DIR5_T66342.0,750.0,PERIODIC_SAMPLE,0,START_8589270,
BUS_6_DIR5_T66342.0,780.0,PERIODIC_SAMPLE,0,START_8589270,
BUS_6_DIR5_T66342.0,810.0,PERIODIC_SAMPLE,0,START_8589270,
BUS_6_DIR5_T66342.0,840.0,PERIODIC_SAMPLE,0,START_8589270,
BUS_6_DIR5_T66342.0,870.0,PERIODIC_SAMPLE,0,START_8589270,
BUS_6_DIR5_T66342.0,900.0,PERIODIC_SAMPLE,0,START_8589270,
BUS_6_DIR5_T66342.0,930.0,PERIODIC_SAMPLE,0,START_8589270,
BUS_6_DIR5_T66342.0,960.0,PERIODIC_SAMPLE,0,START_8589270,
BUS_6_DIR5_T66342.0,990.0,PERIODIC_SAMPLE,0,START_8589270,
BUS_6_DIR5_T66342.0,1020.0,PERIODIC_SAMPLE,0,START_8589270,
BUS_6_DIR5_T66342.0,1050.0,PERIODIC_SAMPLE,0,START_8589270,
BUS_6_DIR5_T66342.0,1080.0,PERIODIC_SAMPLE,0,START_8589270,
BUS_6_DIR5_T66342.0,1110.0,PERIODIC_SAMPLE,0,START_8589270,
BUS_6_DIR5_T66342.0,1140.0,PERIODIC_SAMPLE,0,START_8589270,
BUS_6_DIR5_T66342.0,1170.0,PERIODIC_SAMPLE,0,START_8589270,
BUS_6_DIR5_T66342.0,1200.0,PERIODIC_SAMPLE,0,START_8589270,
BUS_6_DIR5_T66342.0,1230.0,PERIODIC_SAMPLE,0,START_8589270,
BUS_6_DIR5_T66342.0,1260.0,PERIODIC_SAMPLE,0,START_8589270,
BUS_6_DIR5_T66342.0,1290.0,PERIODIC_SAMPLE,0,START_8589270,
BUS_6_DIR5_T66342.0,1320.0,PERIODIC_SAMPLE,0,START_8589270,
BUS_6_DIR5_T66342.0,1350.0,PERIODIC_SAMPLE,0,START_8589270,
BUS_6_DIR5_T66342.0,1380.0,PERIODIC_SAMPLE,0,START_8589270,
BUS_6_DIR5_T66342.0,1410.0,PERIODIC_SAMPLE,0,START_8589270,
BUS_6_DIR5_T66342.0,1440.0,PERIODIC_SAMPLE,0,START_8589270,
BUS_6_DIR5_T66342.0,1470.0,PERIODIC_SAMPLE,0,START_8589270,
BUS_6_DIR5_T66342.0,1500.0,PERIODIC_SAMPLE,0,START_8589270,
BUS_6_DIR5_T66342.0,1530.0,PERIODIC_SAMPLE,0,START_8589270,
BUS_6_DIR5_T66342.0,1560.0,PERIODIC_SAMPLE,0,START_8589270,
BUS_6_DIR5_T66342.0,1590.0,PERIODIC_SAMPLE,0,START_8589270,
BUS_6_DIR5_T66342.0,1620.0,PERIODIC_SAMPLE,0,START_8589270,
BUS_6_DIR5_T66342.0,1650.0,PERIODIC_SAMPLE,0,START_8589270,
BUS_6_DIR5_T66342.0,1680.0,PERIODIC_SAMPLE,0,START_8589270,
BUS_6_DIR5_T66342.0,1710.0,PERIODIC_SAMPLE,0,START_8589270,
BUS_6_DIR5_T66342.0,1740.0,PERIODIC_SAMPLE,0,START_8589270,
BUS_6_DIR5_T66342.0,1770.0,PERIODIC_SAMPLE,0,START_8589270,
BUS_6_DIR5_T66358.0,30.0,PERIODIC_SAMPLE,0,START_8589270,
BUS_6_DIR5_T66358.0,60.0,PERIODIC_SAMPLE,0,START_8589270,
BUS_6_DIR5_T66358.0,90.0,PERIODIC_SAMPLE,0,START_8589270,
BUS_6_DIR5_T66358.0,120.0,PERIODIC_SAMPLE,0,START_8589270,
BUS_6_DIR5_T66358.0,150.0,PERIODIC_SAMPLE,0,START_8589270,
BUS_6_DIR5_T66358.0,180.0,PERIODIC_SAMPLE,0,START_8589270,
BUS_6_DIR5_T66358.0,210.0,PERIODIC_SAMPLE,0,START_8589270,
BUS_6_DIR5_T66358.0,240.0,PERIODIC_SAMPLE,0,START_8589270,
BUS_6_DIR5_T66358.0,270.0,PERIODIC_SAMPLE,0,START_8589270,
BUS_6_DIR5_T66358.0,300.0,PERIODIC_SAMPLE,0,START_8589270,
BUS_6_DIR5_T66358.0,330.0,PERIODIC_SAMPLE,0,START_8589270,
BUS_6_DIR5_T66358.0,360.0,PERIODIC_SAMPLE,0,START_8589270,
BUS_6_DIR5_T66358.0,390.0,PERIODIC_SAMPLE,0,START_8589270,
BUS_6_DIR5_T66358.0,420.0,PERIODIC_SAMPLE,0,START_8589270,
BUS_6_DIR5_T66358.0,450.0,PERIODIC_SAMPLE,0,START_8589270,
BUS_6_DIR5_T66358.0,480.0,PERIODIC_SAMPLE,0,START_8589270,
BUS_6_DIR5_T66358.0,510.0,PERIODIC_SAMPLE,0,START_8589270,
BUS_6_DIR5_T66358.0,540.0,PERIODIC_SAMPLE,0,START_8589270,
BUS_6_DIR5_T66358.0,570.0,PERIODIC_SAMPLE,0,START_8589270,
BUS_6_DIR5_T66358.0,600.0,PERIODIC_SAMPLE,0,START_8589270,
BUS_6_DIR5_T66358.0,630.0,PERIODIC_SAMPLE,0,START_8589270,
BUS_6_DIR5_T66358.0,660.0,PERIODIC_SAMPLE,0,START_8589270,
BUS_6_DIR5_T66358.0,690.0,PERIODIC_SAMPLE,0,START_8589270,
BUS_6_DIR5_T66358.0,720.0,PERIODIC_SAMPLE,0,START_8589270,
BUS_6_DIR5_T66358.0,750.0,PERIODIC_SAMPLE,0,START_8589270,
BUS_6_DIR5_T66358.0,780.0,PERIODIC_SAMPLE,0,START_8589270,
BUS_6_DIR5_T66358.0,810.0,PERIODIC_SAMPLE,0,START_8589270,
BUS_6_DIR5_T66358.0,840.0,PERIODIC_SAMPLE,0,START_8589270,
BUS_6_DIR5_T66358.0,870.0,PERIODIC_SAMPLE,0,START_8589270,
BUS_6_DIR5_T66358.0,900.0,PERIODIC_SAMPLE,0,START_8589270,
BUS_6_DIR5_T66358.0,930.0,PERIODIC_SAMPLE,0,START_8589270,
BUS_6_DIR5_T66358.0,960.0,PERIODIC_SAMPLE,0,START_8589270,
BUS_6_DIR5_T66358.0,990.0,PERIODIC_SAMPLE,0,START_8589270,
BUS_6_DIR5_T66358.0,1020.0,PERIODIC_SAMPLE,0,START_8589270,
BUS_6_DIR5_T66358.0,1050.0,PERIODIC_SAMPLE,0,START_8589270,
BUS_6_DIR5_T66358.0,1080.0,PERIODIC_SAMPLE,0,START_8589270,
BUS_6_DIR5_T66358.0,1110.0,PERIODIC_SAMPLE,0,START_8589270,
BUS_6_DIR5_T66358.0,1140.0,PERIODIC_SAMPLE,0,START_8589270,
BUS_6_DIR5_T66358.0,1170.0,PERIODIC_SAMPLE,0,START_8589270,
BUS_6_DIR5_T66358.0,1200.0,PERIODIC_SAMPLE,0,START_8589270,
BUS_6_DIR5_T66358.0,1230.0,PERIODIC_SAMPLE,0,START_8589270,
BUS_6_DIR5_T66358.0,1260.0,PERIODIC_SAMPLE,0,START_8589270,
BUS_6_DIR5_T66358.0,1290.0,PERIODIC_SAMPLE,0,START_8589270,
BUS_6_DIR5_T66358.0,1320.0,PERIODIC_SAMPLE,0,START_8589270,
BUS_6_DIR5_T66358.0,1350.0,PERIODIC_SAMPLE,0,START_8589270,
BUS_6_DIR5_T66358.0,1380.0,PERIODIC_SAMPLE,0,START_8589270,
BUS_6_DIR5_T66358.0,1410.0,PERIODIC_SAMPLE,0,START_8589270,
BUS_6_DIR5_T66358.0,1440.0,PERIODIC_SAMPLE,0,START_8589270,
BUS_6_DIR5_T66358.0,1470.0,PERIODIC_SAMPLE,0,START_8589270,
BUS_6_DIR5_T66358.0,1500.0,PERIODIC_SAMPLE,0,START_8589270,
BUS_6_DIR5_T66358.0,1530.0,PERIODIC_SAMPLE,0,START_8589270,
BUS_6_DIR5_T66358.0,1560.0,PERIODIC_SAMPLE,0,START_8589270,
BUS_6_DIR5_T66358.0,1590.0,PERIODIC_SAMPLE,0,START_8589270,
BUS_6_DIR5_T66358.0,1620.0,PERIODIC_SAMPLE,0,START_8589270,
BUS_6_DIR5_T66358.0,1650.0,PERIODIC_SAMPLE,0,START_8589270,
BUS_6_DIR5_T66358.0,1680.0,PERIODIC_SAMPLE,0,START_8589270,
BUS_6_DIR5_T66358.0,1710.0,PERIODIC_SAMPLE,0,START_8589270,
BUS_6_DIR5_T66358.0,1740.0,PERIODIC_SAMPLE,0,START_8589270,
BUS_6_DIR5_T66358.0,1770.0,PERIODIC_SAMPLE,0,START_8589270,
BUS_6_DIR5_T66366.0,30.0,PERIODIC_SAMPLE,0,START_8589270,
BUS_6_DIR5_T66366.0,60.0,PERIODIC_SAMPLE,0,START_8589270,
BUS_6_DIR5_T66366.0,90.0,PERIODIC_SAMPLE,0,START_8589270,
BUS_6_DIR5_T66366.0,120.0,PERIODIC_SAMPLE,0,START_8589270,
BUS_6_DIR5_T66366.0,150.0,PERIODIC_SAMPLE,0,START_8589270,
BUS_6_DIR5_T66366.0,180.0,PERIODIC_SAMPLE,0,START_8589270,
BUS_6_DIR5_T66366.0,210.0,PERIODIC_SAMPLE,0,START_8589270,
BUS_6_DIR5_T66366.0,240.0,PERIODIC_SAMPLE,0,START_8589270,
BUS_6_DIR5_T66366.0,270.0,PERIODIC_SAMPLE,0,START_8589270,
BUS_6_DIR5_T66366.0,300.0,PERIODIC_SAMPLE,0,START_8589270,
BUS_6_DIR5_T66366.0,330.0,PERIODIC_SAMPLE,0,START_8589270,
BUS_6_DIR5_T66366.0,360.0,PERIODIC_SAMPLE,0,START_8589270,
BUS_6_DIR5_T66366.0,390.0,PERIODIC_SAMPLE,0,START_8589270,
BUS_6_DIR5_T66366.0,420.0,PERIODIC_SAMPLE,0,START_8589270,
BUS_6_DIR5_T66366.0,450.0,PERIODIC_SAMPLE,0,START_8589270,
BUS_6_DIR5_T66366.0,480.0,PERIODIC_SAMPLE,0,START_8589270,
BUS_6_DIR5_T66366.0,510.0,PERIODIC_SAMPLE,0,START_8589270,
BUS_6_DIR5_T66366.0,540.0,PERIODIC_SAMPLE,0,START_8589270,
BUS_6_DIR5_T66366.0,570.0,PERIODIC_SAMPLE,0,START_8589270,
BUS_6_DIR5_T66366.0,600.0,PERIODIC_SAMPLE,0,START_8589270,
BUS_6_DIR5_T66366.0,630.0,PERIODIC_SAMPLE,0,START_8589270,
BUS_6_DIR5_T66366.0,660.0,PERIODIC_SAMPLE,0,START_8589270,
BUS_6_DIR5_T66366.0,690.0,PERIODIC_SAMPLE,0,START_8589270,
BUS_6_DIR5_T66366.0,720.0,PERIODIC_SAMPLE,0,START_8589270,
BUS_6_DIR5_T66366.0,750.0,PERIODIC_SAMPLE,0,START_8589270,
BUS_6_DIR5_T66366.0,780.0,PERIODIC_SAMPLE,0,START_8589270,
BUS_6_DIR5_T66366.0,810.0,PERIODIC_SAMPLE,0,START_8589270,
BUS_6_DIR5_T66366.0,840.0,PERIODIC_SAMPLE,0,START_8589270,
BUS_6_DIR5_T66366.0,870.0,PERIODIC_SAMPLE,0,START_8589270,
BUS_6_DIR5_T66366.0,900.0,PERIODIC_SAMPLE,0,START_8589270,
BUS_6_DIR5_T66366.0,930.0,PERIODIC_SAMPLE,0,START_8589270,
BUS_6_DIR5_T66366.0,960.0,PERIODIC_SAMPLE,0,START_8589270,
BUS_6_DIR5_T66366.0,990.0,PERIODIC_SAMPLE,0,START_8589270,
BUS_6_DIR5_T66366.0,1020.0,PERIODIC_SAMPLE,0,START_8589270,
BUS_6_DIR5_T66366.0,1050.0,PERIODIC_SAMPLE,0,START_8589270,
BUS_6_DIR5_T66366.0,1080.0,PERIODIC_SAMPLE,0,START_8589270,
BUS_6_DIR5_T66366.0,1110.0,PERIODIC_SAMPLE,0,START_8589270,
BUS_6_DIR5_T66366.0,1140.0,PERIODIC_SAMPLE,0,START_8589270,
BUS_6_DIR5_T66366.0,1170.0,PERIODIC_SAMPLE,0,START_8589270,
BUS_6_DIR5_T66366.0,1200.0,PERIODIC_SAMPLE,0,START_8589270,
BUS_6_DIR5_T66366.0,1230.0,PERIODIC_SAMPLE,0,START_8589270,
BUS_6_DIR5_T66366.0,1260.0,PERIODIC_SAMPLE,0,START_8589270,
BUS_6_DIR5_T66366.0,1290.0,PERIODIC_SAMPLE,0,START_8589270,
BUS_6_DIR5_T66366.0,1320.0,PERIODIC_SAMPLE,0,START_8589270,
BUS_6_DIR5_T66366.0,1350.0,PERIODIC_SAMPLE,0,START_8589270,
BUS_6_DIR5_T66366.0,1380.0,PERIODIC_SAMPLE,0,START_8589270,
BUS_6_DIR5_T66366.0,1410.0,PERIODIC_SAMPLE,0,START_8589270,
BUS_6_DIR5_T66366.0,1440.0,PERIODIC_SAMPLE,0,START_8589270,
BUS_6_DIR5_T66366.0,1470.0,PERIODIC_SAMPLE,0,START_8589270,
BUS_6_DIR5_T66366.0,1500.0,PERIODIC_SAMPLE,0,START_8589270,
BUS_6_DIR5_T66366.0,1530.0,PERIODIC_SAMPLE,0,START_8589270,
BUS_6_DIR5_T66366.0,1560.0,PERIODIC_SAMPLE,0,START_8589270,
BUS_6_DIR5_T66366.0,1590.0,PERIODIC_SAMPLE,0,START_8589270,
BUS_6_DIR5_T66366.0,1620.0,PERIODIC_SAMPLE,0,START_8589270,
BUS_6_DIR5_T66366.0,1650.0,PERIODIC_SAMPLE,0,START_8589270,
BUS_6_DIR5_T66366.0,1680.0,PERIODIC_SAMPLE,0,START_8589270,
BUS_6_DIR5_T66366.0,1710.0,PERIODIC_SAMPLE,0,START_8589270,
BUS_6_DIR5_T66366.0,1740.0,PERIODIC_SAMPLE,0,START_8589270,
BUS_6_DIR5_T66366.0,1770.0,PERIODIC_SAMPLE,0,START_8589270,
BUS_6_DIR5_T66374.0,30.0,PERIODIC_SAMPLE,0,START_8589270,
BUS_6_DIR5_T66374.0,60.0,PERIODIC_SAMPLE,0,START_8589270,
BUS_6_DIR5_T66374.0,90.0,PERIODIC_SAMPLE,0,START_8589270,
BUS_6_DIR5_T66374.0,120.0,PERIODIC_SAMPLE,0,START_8589270,
BUS_6_DIR5_T66374.0,150.0,PERIODIC_SAMPLE,0,START_8589270,
BUS_6_DIR5_T66374.0,180.0,PERIODIC_SAMPLE,0,START_8589270,
BUS_6_DIR5_T66374.0,210.0,PERIODIC_SAMPLE,0,START_8589270,
BUS_6_DIR5_T66374.0,240.0,PERIODIC_SAMPLE,0,START_8589270,
BUS_6_DIR5_T66374.0,270.0,PERIODIC_SAMPLE,0,START_8589270,
BUS_6_DIR5_T66374.0,300.0,PERIODIC_SAMPLE,0,START_8589270,
BUS_6_DIR5_T66374.0,330.0,PERIODIC_SAMPLE,0,START_8589270,
BUS_6_DIR5_T66374.0,360.0,PERIODIC_SAMPLE,0,START_8589270,
BUS_6_DIR5_T66374.0,390.0,PERIODIC_SAMPLE,0,START_8589270,
BUS_6_DIR5_T66374.0,420.0,PERIODIC_SAMPLE,0,START_8589270,
BUS_6_DIR5_T66374.0,450.0,PERIODIC_SAMPLE,0,START_8589270,
BUS_6_DIR5_T66374.0,480.0,PERIODIC_SAMPLE,0,START_8589270,
BUS_6_DIR5_T66374.0,510.0,PERIODIC_SAMPLE,0,START_8589270,
BUS_6_DIR5_T66374.0,540.0,PERIODIC_SAMPLE,0,START_8589270,
BUS_6_DIR5_T66374.0,570.0,PERIODIC_SAMPLE,0,START_8589270,
BUS_6_DIR5_T66374.0,600.0,PERIODIC_SAMPLE,0,START_8589270,
BUS_6_DIR5_T66374.0,630.0,PERIODIC_SAMPLE,0,START_8589270,
BUS_6_DIR5_T66374.0,660.0,PERIODIC_SAMPLE,0,START_8589270,
BUS_6_DIR5_T66374.0,690.0,PERIODIC_SAMPLE,0,START_8589270,
BUS_6_DIR5_T66374.0,720.0,PERIODIC_SAMPLE,0,START_8589270,
BUS_6_DIR5_T66374.0,750.0,PERIODIC_SAMPLE,0,START_8589270,
BUS_6_DIR5_T66374.0,780.0,PERIODIC_SAMPLE,0,START_8589270,
BUS_6_DIR5_T66374.0,810.0,PERIODIC_SAMPLE,0,START_8589270,
BUS_6_DIR5_T66374.0,840.0,PERIODIC_SAMPLE,0,START_8589270,
BUS_6_DIR5_T66374.0,870.0,PERIODIC_SAMPLE,0,START_8589270,
BUS_6_DIR5_T66374.0,900.0,PERIODIC_SAMPLE,0,START_8589270,
BUS_6_DIR5_T66374.0,930.0,PERIODIC_SAMPLE,0,START_8589270,
BUS_6_DIR5_T66374.0,960.0,PERIODIC_SAMPLE,0,START_8589270,
BUS_6_DIR5_T66374.0,990.0,PERIODIC_SAMPLE,0,START_8589270,
BUS_6_DIR5_T66374.0,1020.0,PERIODIC_SAMPLE,0,START_8589270,
BUS_6_DIR5_T66374.0,1050.0,PERIODIC_SAMPLE,0,START_8589270,
BUS_6_DIR5_T66374.0,1080.0,PERIODIC_SAMPLE,0,START_8589270,
BUS_6_DIR5_T66374.0,1110.0,PERIODIC_SAMPLE,0,START_8589270,
BUS_6_DIR5_T66374.0,1140.0,PERIODIC_SAMPLE,0,START_8589270,
BUS_6_DIR5_T66374.0,1170.0,PERIODIC_SAMPLE,0,START_8589270,
BUS_6_DIR5_T66374.0,1200.0,PERIODIC_SAMPLE,0,START_8589270,
BUS_6_DIR5_T66374.0,1230.0,PERIODIC_SAMPLE,0,START_8589270,
BUS_6_DIR5_T66374.0,1260.0,PERIODIC_SAMPLE,0,START_8589270,
BUS_6_DIR5_T66374.0,1290.0,PERIODIC_SAMPLE,0,START_8589270,
BUS_6_DIR5_T66374.0,1320.0,PERIODIC_SAMPLE,0,START_8589270,
BUS_6_DIR5_T66374.0,1350.0,PERIODIC_SAMPLE,0,START_8589270,
BUS_6_DIR5_T66374.0,1380.0,PERIODIC_SAMPLE,0,START_8589270,
BUS_6_DIR5_T66374.0,1410.0,PERIODIC_SAMPLE,0,START_8589270,
BUS_6_DIR5_T66374.0,1440.0,PERIODIC_SAMPLE,0,START_8589270,
BUS_6_DIR5_T66374.0,1470.0,PERIODIC_SAMPLE,0,START_8589270,
BUS_6_DIR5_T66374.0,1500.0,PERIODIC_SAMPLE,0,START_8589270,
BUS_6_DIR5_T66374.0,1530.0,PERIODIC_SAMPLE,0,START_8589270,
BUS_6_DIR5_T66374.0,1560.0,PERIODIC_SAMPLE,0,START_8589270,
BUS_6_DIR5_T66374.0,1590.0,PERIODIC_SAMPLE,0,START_8589270,
BUS_6_DIR5_T66374.0,1620.0,PERIODIC_SAMPLE,0,START_8589270,
BUS_6_DIR5_T66374.0,1650.0,PERIODIC_SAMPLE,0,START_8589270,
BUS_6_DIR5_T66374.0,1680.0,PERIODIC_SAMPLE,0,START_8589270,
BUS_6_DIR5_T66374.0,1710.0,PERIODIC_SAMPLE,0,START_8589270,
BUS_6_DIR5_T66374.0,1740.0,PERIODIC_SAMPLE,0,START_8589270,
BUS_6_DIR5_T66374.0,1770.0,PERIODIC_SAMPLE,0,START_8589270,
BUS_6_DIR5_T66390.0,30.0,PERIODIC_SAMPLE,0,START_8589270,
BUS_6_DIR5_T66390.0,60.0,PERIODIC_SAMPLE,0,START_8589270,
BUS_6_DIR5_T66390.0,90.0,PERIODIC_SAMPLE,0,START_8589270,
BUS_6_DIR5_T66390.0,120.0,PERIODIC_SAMPLE,0,START_8589270,
BUS_6_DIR5_T66390.0,150.0,PERIODIC_SAMPLE,0,START_8589270,
BUS_6_DIR5_T66390.0,180.0,PERIODIC_SAMPLE,0,START_8589270,
BUS_6_DIR5_T66390.0,210.0,PERIODIC_SAMPLE,0,START_8589270,
BUS_6_DIR5_T66390.0,240.0,PERIODIC_SAMPLE,0,START_8589270,
BUS_6_DIR5_T66390.0,270.0,PERIODIC_SAMPLE,0,START_8589270,
BUS_6_DIR5_T66390.0,300.0,PERIODIC_SAMPLE,0,START_8589270,
BUS_6_DIR5_T66390.0,330.0,PERIODIC_SAMPLE,0,START_8589270,
BUS_6_DIR5_T66390.0,360.0,PERIODIC_SAMPLE,0,START_8589270,
BUS_6_DIR5_T66390.0,390.0,PERIODIC_SAMPLE,0,START_8589270,
BUS_6_DIR5_T66390.0,420.0,PERIODIC_SAMPLE,0,START_8589270,
BUS_6_DIR5_T66390.0,450.0,PERIODIC_SAMPLE,0,START_8589270,
BUS_6_DIR5_T66390.0,480.0,PERIODIC_SAMPLE,0,START_8589270,
BUS_6_DIR5_T66390.0,510.0,PERIODIC_SAMPLE,0,START_8589270,
BUS_6_DIR5_T66390.0,540.0,PERIODIC_SAMPLE,0,START_8589270,
BUS_6_DIR5_T66390.0,570.0,PERIODIC_SAMPLE,0,START_8589270,
BUS_6_DIR5_T66390.0,600.0,PERIODIC_SAMPLE,0,START_8589270,
BUS_6_DIR5_T66390.0,630.0,PERIODIC_SAMPLE,0,START_8589270,
BUS_6_DIR5_T66390.0,660.0,PERIODIC_SAMPLE,0,START_8589270,
BUS_6_DIR5_T66390.0,690.0,PERIODIC_SAMPLE,0,START_8589270,
BUS_6_DIR5_T66390.0,720.0,PERIODIC_SAMPLE,0,START_8589270,
BUS_6_DIR5_T66390.0,750.0,PERIODIC_SAMPLE,0,START_8589270,
BUS_6_DIR5_T66390.0,780.0,PERIODIC_SAMPLE,0,START_8589270,
BUS_6_DIR5_T66390.0,810.0,PERIODIC_SAMPLE,0,START_8589270,
BUS_6_DIR5_T66390.0,840.0,PERIODIC_SAMPLE,0,START_8589270,
BUS_6_DIR5_T66390.0,870.0,PERIODIC_SAMPLE,0,START_8589270,
BUS_6_DIR5_T66390.0,900.0,PERIODIC_SAMPLE,0,START_8589270,
BUS_6_DIR5_T66390.0,930.0,PERIODIC_SAMPLE,0,START_8589270,
BUS_6_DIR5_T66390.0,960.0,PERIODIC_SAMPLE,0,START_8589270,
BUS_6_DIR5_T66390.0,990.0,PERIODIC_SAMPLE,0,START_8589270,
BUS_6_DIR5_T66390.0,1020.0,PERIODIC_SAMPLE,0,START_8589270,
BUS_6_DIR5_T66390.0,1050.0,PERIODIC_SAMPLE,0,START_8589270,
BUS_6_DIR5_T66390.0,1080.0,PERIODIC_SAMPLE,0,START_8589270,
BUS_6_DIR5_T66390.0,1110.0,PERIODIC_SAMPLE,0,START_8589270,
BUS_6_DIR5_T66390.0,1140.0,PERIODIC_SAMPLE,0,START_8589270,
BUS_6_DIR5_T66390.0,1170.0,PERIODIC_SAMPLE,0,START_8589270,
BUS_6_DIR5_T66390.0,1200.0,PERIODIC_SAMPLE,0,START_8589270,
BUS_6_DIR5_T66390.0,1230.0,PERIODIC_SAMPLE,0,START_8589270,
BUS_6_DIR5_T66390.0,1260.0,PERIODIC_SAMPLE,0,START_8589270,
BUS_6_DIR5_T66390.0,1290.0,PERIODIC_SAMPLE,0,START_8589270,
BUS_6_DIR5_T66390.0,1320.0,PERIODIC_SAMPLE,0,START_8589270,
BUS_6_DIR5_T66390.0,1350.0,PERIODIC_SAMPLE,0,START_8589270,
BUS_6_DIR5_T66390.0,1380.0,PERIODIC_SAMPLE,0,START_8589270,
BUS_6_DIR5_T66390.0,1410.0,PERIODIC_SAMPLE,0,START_8589270,
BUS_6_DIR5_T66390.0,1440.0,PERIODIC_SAMPLE,0,START_8589270,
BUS_6_DIR5_T66390.0,1470.0,PERIODIC_SAMPLE,0,START_8589270,
BUS_6_DIR5_T66390.0,1500.0,PERIODIC_SAMPLE,0,START_8589270,
BUS_6_DIR5_T66390.0,1530.0,PERIODIC_SAMPLE,0,START_8589270,
BUS_6_DIR5_T66390.0,1560.0,PERIODIC_SAMPLE,0,START_8589270,
BUS_6_DIR5_T66390.0,1590.0,PERIODIC_SAMPLE,0,START_8589270,
BUS_6_DIR5_T66390.0,1620.0,PERIODIC_SAMPLE,0,START_8589270,
BUS_6_DIR5_T66390.0,1650.0,PERIODIC_SAMPLE,0,START_8589270,
BUS_6_DIR5_T66390.0,1680.0,PERIODIC_SAMPLE,0,START_8589270,
BUS_6_DIR5_T66390.0,1710.0,PERIODIC_SAMPLE,0,START_8589270,
BUS_6_DIR5_T66390.0,1740.0,PERIODIC_SAMPLE,0,START_8589270,
BUS_6_DIR5_T66390.0,1770.0,PERIODIC_SAMPLE,0,START_8589270,
BUS_6_DIR5_T66398.0,30.0,PERIODIC_SAMPLE,0,START_8589147,
BUS_6_DIR5_T66398.0,60.0,PERIODIC_SAMPLE,0,START_8589147,
BUS_6_DIR5_T66398.0,90.0,PERIODIC_SAMPLE,0,START_8589147,
BUS_6_DIR5_T66398.0,120.0,PERIODIC_SAMPLE,0,START_8589147,
BUS_6_DIR5_T66398.0,150.0,PERIODIC_SAMPLE,0,START_8589147,
BUS_6_DIR5_T66398.0,180.0,PERIODIC_SAMPLE,0,START_8589147,
BUS_6_DIR5_T66398.0,210.0,PERIODIC_SAMPLE,0,START_8589147,
BUS_6_DIR5_T66398.0,240.0,PERIODIC_SAMPLE,0,START_8589147,
BUS_6_DIR5_T66398.0,270.0,PERIODIC_SAMPLE,0,START_8589147,
BUS_6_DIR5_T66398.0,300.0,PERIODIC_SAMPLE,0,START_8589147,
BUS_6_DIR5_T66398.0,330.0,PERIODIC_SAMPLE,0,START_8589147,
BUS_6_DIR5_T66398.0,360.0,PERIODIC_SAMPLE,0,START_8589147,
BUS_6_DIR5_T66398.0,390.0,PERIODIC_SAMPLE,0,START_8589147,
BUS_6_DIR5_T66398.0,420.0,PERIODIC_SAMPLE,0,START_8589147,
BUS_6_DIR5_T66398.0,450.0,PERIODIC_SAMPLE,0,START_8589147,
BUS_6_DIR5_T66398.0,480.0,PERIODIC_SAMPLE,0,START_8589147,
BUS_6_DIR5_T66398.0,510.0,PERIODIC_SAMPLE,0,START_8589147,
BUS_6_DIR5_T66398.0,540.0,PERIODIC_SAMPLE,0,START_8589147,
BUS_6_DIR5_T66398.0,570.0,PERIODIC_SAMPLE,0,START_8589147,
BUS_6_DIR5_T66398.0,600.0,PERIODIC_SAMPLE,0,START_8589147,
BUS_6_DIR5_T66398.0,630.0,PERIODIC_SAMPLE,0,START_8589147,
BUS_6_DIR5_T66398.0,660.0,PERIODIC_SAMPLE,0,START_8589147,
BUS_6_DIR5_T66398.0,690.0,PERIODIC_SAMPLE,0,START_8589147,
BUS_6_DIR5_T66398.0,720.0,PERIODIC_SAMPLE,0,START_8589147,
BUS_6_DIR5_T66398.0,750.0,PERIODIC_SAMPLE,0,START_8589147,
BUS_6_DIR5_T66398.0,780.0,PERIODIC_SAMPLE,0,START_8589147,
BUS_6_DIR5_T66398.0,810.0,PERIODIC_SAMPLE,0,START_8589147,
BUS_6_DIR5_T66398.0,840.0,PERIODIC_SAMPLE,0,START_8589147,
BUS_6_DIR5_T66398.0,870.0,PERIODIC_SAMPLE,0,START_8589147,
BUS_6_DIR5_T66398.0,900.0,PERIODIC_SAMPLE,0,START_8589147,
BUS_6_DIR5_T66398.0,930.0,PERIODIC_SAMPLE,0,START_8589147,
BUS_6_DIR5_T66398.0,960.0,PERIODIC_SAMPLE,0,START_8589147,
BUS_6_DIR5_T66398.0,990.0,PERIODIC_SAMPLE,0,START_8589147,
BUS_6_DIR5_T66398.0,1020.0,PERIODIC_SAMPLE,0,START_8589147,
BUS_6_DIR5_T66398.0,1050.0,PERIODIC_SAMPLE,0,START_8589147,
BUS_6_DIR5_T66398.0,1080.0,PERIODIC_SAMPLE,0,START_8589147,
BUS_6_DIR5_T66398.0,1110.0,PERIODIC_SAMPLE,0,START_8589147,
BUS_6_DIR5_T66398.0,1140.0,PERIODIC_SAMPLE,0,START_8589147,
BUS_6_DIR5_T66398.0,1170.0,PERIODIC_SAMPLE,0,START_8589147,
BUS_6_DIR5_T66398.0,1200.0,PERIODIC_SAMPLE,0,START_8589147,
BUS_6_DIR5_T66398.0,1230.0,PERIODIC_SAMPLE,0,START_8589147,
BUS_6_DIR5_T66398.0,1260.0,PERIODIC_SAMPLE,0,START_8589147,
BUS_6_DIR5_T66398.0,1290.0,PERIODIC_SAMPLE,0,START_8589147,
BUS_6_DIR5_T66398.0,1320.0,PERIODIC_SAMPLE,0,START_8589147,
BUS_6_DIR5_T66398.0,1350.0,PERIODIC_SAMPLE,0,START_8589147,
BUS_6_DIR5_T66398.0,1380.0,PERIODIC_SAMPLE,0,START_8589147,
BUS_6_DIR5_T66398.0,1410.0,PERIODIC_SAMPLE,0,START_8589147,
BUS_6_DIR5_T66398.0,1440.0,PERIODIC_SAMPLE,0,START_8589147,
BUS_6_DIR5_T66398.0,1470.0,PERIODIC_SAMPLE,0,START_8589147,
BUS_6_DIR5_T66398.0,1500.0,PERIODIC_SAMPLE,0,START_8589147,
BUS_6_DIR5_T66398.0,1530.0,PERIODIC_SAMPLE,0,START_8589147,
BUS_6_DIR5_T66398.0,1560.0,PERIODIC_SAMPLE,0,START_8589147,
BUS_6_DIR5_T66398.0,1590.0,PERIODIC_SAMPLE,0,START_8589147,
BUS_6_DIR5_T66398.0,1620.0,PERIODIC_SAMPLE,0,START_8589147,
BUS_6_DIR5_T66398.0,1650.0,PERIODIC_SAMPLE,0,START_8589147,
BUS_6_DIR5_T66398.0,1680.0,PERIODIC_SAMPLE,0,START_8589147,
BUS_6_DIR5_T66398.0,1710.0,PERIODIC_SAMPLE,0,START_8589147,
BUS_6_DIR5_T66398.0,1740.0,PERIODIC_SAMPLE,0,START_8589147,
BUS_6_DIR5_T66398.0,1770.0,PERIODIC_SAMPLE,0,START_8589147,
BUS_6_DIR5_T66406.0,30.0,PERIODIC_SAMPLE,0,START_8589270,
BUS_6_DIR5_T66406.0,60.0,PERIODIC_SAMPLE,0,START_8589270,
BUS_6_DIR5_T66406.0,90.0,PERIODIC_SAMPLE,0,START_8589270,
BUS_6_DIR5_T66406.0,120.0,PERIODIC_SAMPLE,0,START_8589270,
BUS_6_DIR5_T66406.0,150.0,PERIODIC_SAMPLE,0,START_8589270,
BUS_6_DIR5_T66406.0,180.0,PERIODIC_SAMPLE,0,START_8589270,
BUS_6_DIR5_T66406.0,210.0,PERIODIC_SAMPLE,0,START_8589270,
BUS_6_DIR5_T66406.0,240.0,PERIODIC_SAMPLE,0,START_8589270,
BUS_6_DIR5_T66406.0,270.0,PERIODIC_SAMPLE,0,START_8589270,
BUS_6_DIR5_T66406.0,300.0,PERIODIC_SAMPLE,0,START_8589270,
BUS_6_DIR5_T66406.0,330.0,PERIODIC_SAMPLE,0,START_8589270,
BUS_6_DIR5_T66406.0,360.0,PERIODIC_SAMPLE,0,START_8589270,
BUS_6_DIR5_T66406.0,390.0,PERIODIC_SAMPLE,0,START_8589270,
BUS_6_DIR5_T66406.0,420.0,PERIODIC_SAMPLE,0,START_8589270,
BUS_6_DIR5_T66406.0,450.0,PERIODIC_SAMPLE,0,START_8589270,
BUS_6_DIR5_T66406.0,480.0,PERIODIC_SAMPLE,0,START_8589270,
BUS_6_DIR5_T66406.0,510.0,PERIODIC_SAMPLE,0,START_8589270,
BUS_6_DIR5_T66406.0,540.0,PERIODIC_SAMPLE,0,START_8589270,
BUS_6_DIR5_T66406.0,570.0,PERIODIC_SAMPLE,0,START_8589270,
BUS_6_DIR5_T66406.0,600.0,PERIODIC_SAMPLE,0,START_8589270,
BUS_6_DIR5_T66406.0,630.0,PERIODIC_SAMPLE,0,START_8589270,
BUS_6_DIR5_T66406.0,660.0,PERIODIC_SAMPLE,0,START_8589270,
BUS_6_DIR5_T66406.0,690.0,PERIODIC_SAMPLE,0,START_8589270,
BUS_6_DIR5_T66406.0,720.0,PERIODIC_SAMPLE,0,START_8589270,
BUS_6_DIR5_T66406.0,750.0,PERIODIC_SAMPLE,0,START_8589270,
BUS_6_DIR5_T66406.0,780.0,PERIODIC_SAMPLE,0,START_8589270,
BUS_6_DIR5_T66406.0,810.0,PERIODIC_SAMPLE,0,START_8589270,
BUS_6_DIR5_T66406.0,840.0,PERIODIC_SAMPLE,0,START_8589270,
BUS_6_DIR5_T66406.0,870.0,PERIODIC_SAMPLE,0,START_8589270,
BUS_6_DIR5_T66406.0,900.0,PERIODIC_SAMPLE,0,START_8589270,
BUS_6_DIR5_T66406.0,930.0,PERIODIC_SAMPLE,0,START_8589270,
BUS_6_DIR5_T66406.0,960.0,PERIODIC_SAMPLE,0,START_8589270,
BUS_6_DIR5_T66406.0,990.0,PERIODIC_SAMPLE,0,START_8589270,
BUS_6_DIR5_T66406.0,1020.0,PERIODIC_SAMPLE,0,START_8589270,
BUS_6_DIR5_T66406.0,1050.0,PERIODIC_SAMPLE,0,START_8589270,
BUS_6_DIR5_T66406.0,1080.0,PERIODIC_SAMPLE,0,START_8589270,
BUS_6_DIR5_T66406.0,1110.0,PERIODIC_SAMPLE,0,START_8589270,
BUS_6_DIR5_T66406.0,1140.0,PERIODIC_SAMPLE,0,START_8589270,
BUS_6_DIR5_T66406.0,1170.0,PERIODIC_SAMPLE,0,START_8589270,
BUS_6_DIR5_T66406.0,1200.0,PERIODIC_SAMPLE,0,START_8589270,
BUS_6_DIR5_T66406.0,1230.0,PERIODIC_SAMPLE,0,START_8589270,
BUS_6_DIR5_T66406.0,1260.0,PERIODIC_SAMPLE,0,START_8589270,
BUS_6_DIR5_T66406.0,1290.0,PERIODIC_SAMPLE,0,START_8589270,
BUS_6_DIR5_T66406.0,1320.0,PERIODIC_SAMPLE,0,START_8589270,
BUS_6_DIR5_T66406.0,1350.0,PERIODIC_SAMPLE,0,START_8589270,
BUS_6_DIR5_T66406.0,1380.0,PERIODIC_SAMPLE,0,START_8589270,
BUS_6_DIR5_T66406.0,1410.0,PERIODIC_SAMPLE,0,START_8589270,
BUS_6_DIR5_T66406.0,1440.0,PERIODIC_SAMPLE,0,START_8589270,
BUS_6_DIR5_T66406.0,1470.0,PERIODIC_SAMPLE,0,START_8589270,
BUS_6_DIR5_T66406.0,1500.0,PERIODIC_SAMPLE,0,START_8589270,
BUS_6_DIR5_T66406.0,1530.0,PERIODIC_SAMPLE,0,START_8589270,
BUS_6_DIR5_T66406.0,1560.0,PERIODIC_SAMPLE,0,START_8589270,
BUS_6_DIR5_T66406.0,1590.0,PERIODIC_SAMPLE,0,START_8589270,
BUS_6_DIR5_T66406.0,1620.0,PERIODIC_SAMPLE,0,START_8589270,
BUS_6_DIR5_T66406.0,1650.0,PERIODIC_SAMPLE,0,START_8589270,
BUS_6_DIR5_T66406.0,1680.0,PERIODIC_SAMPLE,0,START_8589270,
BUS_6_DIR5_T66406.0,1710.0,PERIODIC_SAMPLE,0,START_8589270,
BUS_6_DIR5_T66406.0,1740.0,PERIODIC_SAMPLE,0,START_8589270,
BUS_6_DIR5_T66406.0,1770.0,PERIODIC_SAMPLE,0,START_8589270,
BUS_6_DIR5_T66422.0,30.0,PERIODIC_SAMPLE,0,START_8589270,
BUS_6_DIR5_T66422.0,60.0,PERIODIC_SAMPLE,0,START_8589270,
BUS_6_DIR5_T66422.0,90.0,PERIODIC_SAMPLE,0,START_8589270,
BUS_6_DIR5_T66422.0,120.0,PERIODIC_SAMPLE,0,START_8589270,
BUS_6_DIR5_T66422.0,150.0,PERIODIC_SAMPLE,0,START_8589270,
BUS_6_DIR5_T66422.0,180.0,PERIODIC_SAMPLE,0,START_8589270,
BUS_6_DIR5_T66422.0,210.0,PERIODIC_SAMPLE,0,START_8589270,
BUS_6_DIR5_T66422.0,240.0,PERIODIC_SAMPLE,0,START_8589270,
BUS_6_DIR5_T66422.0,270.0,PERIODIC_SAMPLE,0,START_8589270,
BUS_6_DIR5_T66422.0,300.0,PERIODIC_SAMPLE,0,START_8589270,
BUS_6_DIR5_T66422.0,330.0,PERIODIC_SAMPLE,0,START_8589270,
BUS_6_DIR5_T66422.0,360.0,PERIODIC_SAMPLE,0,START_8589270,
BUS_6_DIR5_T66422.0,390.0,PERIODIC_SAMPLE,0,START_8589270,
BUS_6_DIR5_T66422.0,420.0,PERIODIC_SAMPLE,0,START_8589270,
BUS_6_DIR5_T66422.0,450.0,PERIODIC_SAMPLE,0,START_8589270,
BUS_6_DIR5_T66422.0,480.0,PERIODIC_SAMPLE,0,START_8589270,
BUS_6_DIR5_T66422.0,510.0,PERIODIC_SAMPLE,0,START_8589270,
BUS_6_DIR5_T66422.0,540.0,PERIODIC_SAMPLE,0,START_8589270,
BUS_6_DIR5_T66422.0,570.0,PERIODIC_SAMPLE,0,START_8589270,
BUS_6_DIR5_T66422.0,600.0,PERIODIC_SAMPLE,0,START_8589270,
BUS_6_DIR5_T66422.0,630.0,PERIODIC_SAMPLE,0,START_8589270,
BUS_6_DIR5_T66422.0,660.0,PERIODIC_SAMPLE,0,START_8589270,
BUS_6_DIR5_T66422.0,690.0,PERIODIC_SAMPLE,0,START_8589270,
BUS_6_DIR5_T66422.0,720.0,PERIODIC_SAMPLE,0,START_8589270,
BUS_6_DIR5_T66422.0,750.0,PERIODIC_SAMPLE,0,START_8589270,
BUS_6_DIR5_T66422.0,780.0,PERIODIC_SAMPLE,0,START_8589270,
BUS_6_DIR5_T66422.0,810.0,PERIODIC_SAMPLE,0,START_8589270,
BUS_6_DIR5_T66422.0,840.0,PERIODIC_SAMPLE,0,START_8589270,
BUS_6_DIR5_T66422.0,870.0,PERIODIC_SAMPLE,0,START_8589270,
BUS_6_DIR5_T66422.0,900.0,PERIODIC_SAMPLE,0,START_8589270,
BUS_6_DIR5_T66422.0,930.0,PERIODIC_SAMPLE,0,START_8589270,
BUS_6_DIR5_T66422.0,960.0,PERIODIC_SAMPLE,0,START_8589270,
BUS_6_DIR5_T66422.0,990.0,PERIODIC_SAMPLE,0,START_8589270,
BUS_6_DIR5_T66422.0,1020.0,PERIODIC_SAMPLE,0,START_8589270,
BUS_6_DIR5_T66422.0,1050.0,PERIODIC_SAMPLE,0,START_8589270,
BUS_6_DIR5_T66422.0,1080.0,PERIODIC_SAMPLE,0,START_8589270,
BUS_6_DIR5_T66422.0,1110.0,PERIODIC_SAMPLE,0,START_8589270,
BUS_6_DIR5_T66422.0,1140.0,PERIODIC_SAMPLE,0,START_8589270,
BUS_6_DIR5_T66422.0,1170.0,PERIODIC_SAMPLE,0,START_8589270,
BUS_6_DIR5_T66422.0,1200.0,PERIODIC_SAMPLE,0,START_8589270,
BUS_6_DIR5_T66422.0,1230.0,PERIODIC_SAMPLE,0,START_8589270,
BUS_6_DIR5_T66422.0,1260.0,PERIODIC_SAMPLE,0,START_8589270,
BUS_6_DIR5_T66422.0,1290.0,PERIODIC_SAMPLE,0,START_8589270,
BUS_6_DIR5_T66422.0,1320.0,PERIODIC_SAMPLE,0,START_8589270,
BUS_6_DIR5_T66422.0,1350.0,PERIODIC_SAMPLE,0,START_8589270,
BUS_6_DIR5_T66422.0,1380.0,PERIODIC_SAMPLE,0,START_8589270,
BUS_6_DIR5_T66422.0,1410.0,PERIODIC_SAMPLE,0,START_8589270,
BUS_6_DIR5_T66422.0,1440.0,PERIODIC_SAMPLE,0,START_8589270,
BUS_6_DIR5_T66422.0,1470.0,PERIODIC_SAMPLE,0,START_8589270,
BUS_6_DIR5_T66422.0,1500.0,PERIODIC_SAMPLE,0,START_8589270,
BUS_6_DIR5_T66422.0,1530.0,PERIODIC_SAMPLE,0,START_8589270,
BUS_6_DIR5_T66422.0,1560.0,PERIODIC_SAMPLE,0,START_8589270,
BUS_6_DIR5_T66422.0,1590.0,PERIODIC_SAMPLE,0,START_8589270,
BUS_6_DIR5_T66422.0,1620.0,PERIODIC_SAMPLE,0,START_8589270,
BUS_6_DIR5_T66422.0,1650.0,PERIODIC_SAMPLE,0,START_8589270,
BUS_6_DIR5_T66422.0,1680.0,PERIODIC_SAMPLE,0,START_8589270,
BUS_6_DIR5_T66422.0,1710.0,PERIODIC_SAMPLE,0,START_8589270,
BUS_6_DIR5_T66422.0,1740.0,PERIODIC_SAMPLE,0,START_8589270,
BUS_6_DIR5_T66422.0,1770.0,PERIODIC_SAMPLE,0,START_8589270,
BUS_6_DIR5_T66430.0,30.0,PERIODIC_SAMPLE,0,START_8589158,
BUS_6_DIR5_T66430.0,60.0,PERIODIC_SAMPLE,0,START_8589158,
BUS_6_DIR5_T66430.0,90.0,PERIODIC_SAMPLE,0,START_8589158,
BUS_6_DIR5_T66430.0,120.0,PERIODIC_SAMPLE,0,START_8589158,
BUS_6_DIR5_T66430.0,150.0,PERIODIC_SAMPLE,0,START_8589158,
BUS_6_DIR5_T66430.0,180.0,PERIODIC_SAMPLE,0,START_8589158,
BUS_6_DIR5_T66430.0,210.0,PERIODIC_SAMPLE,0,START_8589158,
BUS_6_DIR5_T66430.0,240.0,PERIODIC_SAMPLE,0,START_8589158,
BUS_6_DIR5_T66430.0,270.0,PERIODIC_SAMPLE,0,START_8589158,
BUS_6_DIR5_T66430.0,300.0,PERIODIC_SAMPLE,0,START_8589158,
BUS_6_DIR5_T66430.0,330.0,PERIODIC_SAMPLE,0,START_8589158,
BUS_6_DIR5_T66430.0,360.0,PERIODIC_SAMPLE,0,START_8589158,
BUS_6_DIR5_T66430.0,390.0,PERIODIC_SAMPLE,0,START_8589158,
BUS_6_DIR5_T66430.0,420.0,PERIODIC_SAMPLE,0,START_8589158,
BUS_6_DIR5_T66430.0,450.0,PERIODIC_SAMPLE,0,START_8589158,
BUS_6_DIR5_T66430.0,480.0,PERIODIC_SAMPLE,0,START_8589158,
BUS_6_DIR5_T66430.0,510.0,PERIODIC_SAMPLE,0,START_8589158,
BUS_6_DIR5_T66430.0,540.0,PERIODIC_SAMPLE,0,START_8589158,
BUS_6_DIR5_T66430.0,570.0,PERIODIC_SAMPLE,0,START_8589158,
BUS_6_DIR5_T66430.0,600.0,PERIODIC_SAMPLE,0,START_8589158,
BUS_6_DIR5_T66430.0,630.0,PERIODIC_SAMPLE,0,START_8589158,
BUS_6_DIR5_T66430.0,660.0,PERIODIC_SAMPLE,0,START_8589158,
BUS_6_DIR5_T66430.0,690.0,PERIODIC_SAMPLE,0,START_8589158,
BUS_6_DIR5_T66430.0,720.0,PERIODIC_SAMPLE,0,START_8589158,
BUS_6_DIR5_T66430.0,750.0,PERIODIC_SAMPLE,0,START_8589158,
BUS_6_DIR5_T66430.0,780.0,PERIODIC_SAMPLE,0,START_8589158,
BUS_6_DIR5_T66430.0,810.0,PERIODIC_SAMPLE,0,START_8589158,
BUS_6_DIR5_T66430.0,840.0,PERIODIC_SAMPLE,0,START_8589158,
BUS_6_DIR5_T66430.0,870.0,PERIODIC_SAMPLE,0,START_8589158,
BUS_6_DIR5_T66430.0,900.0,PERIODIC_SAMPLE,0,START_8589158,
BUS_6_DIR5_T66430.0,930.0,PERIODIC_SAMPLE,0,START_8589158,
BUS_6_DIR5_T66430.0,960.0,PERIODIC_SAMPLE,0,START_8589158,
BUS_6_DIR5_T66430.0,990.0,PERIODIC_SAMPLE,0,START_8589158,
BUS_6_DIR5_T66430.0,1020.0,PERIODIC_SAMPLE,0,START_8589158,
BUS_6_DIR5_T66430.0,1050.0,PERIODIC_SAMPLE,0,START_8589158,
BUS_6_DIR5_T66430.0,1080.0,PERIODIC_SAMPLE,0,START_8589158,
BUS_6_DIR5_T66430.0,1110.0,PERIODIC_SAMPLE,0,START_8589158,
BUS_6_DIR5_T66430.0,1140.0,PERIODIC_SAMPLE,0,START_8589158,
BUS_6_DIR5_T66430.0,1170.0,PERIODIC_SAMPLE,0,START_8589158,
BUS_6_DIR5_T66430.0,1200.0,PERIODIC_SAMPLE,0,START_8589158,
BUS_6_DIR5_T66430.0,1230.0,PERIODIC_SAMPLE,0,START_8589158,
BUS_6_DIR5_T66430.0,1260.0,PERIODIC_SAMPLE,0,START_8589158,
BUS_6_DIR5_T66430.0,1290.0,PERIODIC_SAMPLE,0,START_8589158,
BUS_6_DIR5_T66430.0,1320.0,PERIODIC_SAMPLE,0,START_8589158,
BUS_6_DIR5_T66430.0,1350.0,PERIODIC_SAMPLE,0,START_8589158,
BUS_6_DIR5_T66430.0,1380.0,PERIODIC_SAMPLE,0,START_8589158,
BUS_6_DIR5_T66430.0,1410.0,PERIODIC_SAMPLE,0,START_8589158,
BUS_6_DIR5_T66430.0,1440.0,PERIODIC_SAMPLE,0,START_8589158,
BUS_6_DIR5_T66430.0,1470.0,PERIODIC_SAMPLE,0,START_8589158,
BUS_6_DIR5_T66430.0,1500.0,PERIODIC_SAMPLE,0,START_8589158,
BUS_6_DIR5_T66430.0,1530.0,PERIODIC_SAMPLE,0,START_8589158,
BUS_6_DIR5_T66430.0,1560.0,PERIODIC_SAMPLE,0,START_8589158,
BUS_6_DIR5_T66430.0,1590.0,PERIODIC_SAMPLE,0,START_8589158,
BUS_6_DIR5_T66430.0,1620.0,PERIODIC_SAMPLE,0,START_8589158,
BUS_6_DIR5_T66430.0,1650.0,PERIODIC_SAMPLE,0,START_8589158,
BUS_6_DIR5_T66430.0,1680.0,PERIODIC_SAMPLE,0,START_8589158,
BUS_6_DIR5_T66430.0,1710.0,PERIODIC_SAMPLE,0,START_8589158,
BUS_6_DIR5_T66430.0,1740.0,PERIODIC_SAMPLE,0,START_8589158,
BUS_6_DIR5_T66430.0,1770.0,PERIODIC_SAMPLE,0,START_8589158,
BUS_6_DIR5_T66438.0,30.0,PERIODIC_SAMPLE,0,START_8589270,
BUS_6_DIR5_T66438.0,60.0,PERIODIC_SAMPLE,0,START_8589270,
BUS_6_DIR5_T66438.0,90.0,PERIODIC_SAMPLE,0,START_8589270,
BUS_6_DIR5_T66438.0,120.0,PERIODIC_SAMPLE,0,START_8589270,
BUS_6_DIR5_T66438.0,150.0,PERIODIC_SAMPLE,0,START_8589270,
BUS_6_DIR5_T66438.0,180.0,PERIODIC_SAMPLE,0,START_8589270,
BUS_6_DIR5_T66438.0,210.0,PERIODIC_SAMPLE,0,START_8589270,
BUS_6_DIR5_T66438.0,240.0,PERIODIC_SAMPLE,0,START_8589270,
BUS_6_DIR5_T66438.0,270.0,PERIODIC_SAMPLE,0,START_8589270,
BUS_6_DIR5_T66438.0,300.0,PERIODIC_SAMPLE,0,START_8589270,
BUS_6_DIR5_T66438.0,330.0,PERIODIC_SAMPLE,0,START_8589270,
BUS_6_DIR5_T66438.0,360.0,PERIODIC_SAMPLE,0,START_8589270,
BUS_6_DIR5_T66438.0,390.0,PERIODIC_SAMPLE,0,START_8589270,
BUS_6_DIR5_T66438.0,420.0,PERIODIC_SAMPLE,0,START_8589270,
BUS_6_DIR5_T66438.0,450.0,PERIODIC_SAMPLE,0,START_8589270,
BUS_6_DIR5_T66438.0,480.0,PERIODIC_SAMPLE,0,START_8589270,
BUS_6_DIR5_T66438.0,510.0,PERIODIC_SAMPLE,0,START_8589270,
BUS_6_DIR5_T66438.0,540.0,PERIODIC_SAMPLE,0,START_8589270,
BUS_6_DIR5_T66438.0,570.0,PERIODIC_SAMPLE,0,START_8589270,
BUS_6_DIR5_T66438.0,600.0,PERIODIC_SAMPLE,0,START_8589270,
BUS_6_DIR5_T66438.0,630.0,PERIODIC_SAMPLE,0,START_8589270,
BUS_6_DIR5_T66438.0,660.0,PERIODIC_SAMPLE,0,START_8589270,
BUS_6_DIR5_T66438.0,690.0,PERIODIC_SAMPLE,0,START_8589270,
BUS_6_DIR5_T66438.0,720.0,PERIODIC_SAMPLE,0,START_8589270,
BUS_6_DIR5_T66438.0,750.0,PERIODIC_SAMPLE,0,START_8589270,
BUS_6_DIR5_T66438.0,780.0,PERIODIC_SAMPLE,0,START_8589270,
BUS_6_DIR5_T66438.0,810.0,PERIODIC_SAMPLE,0,START_8589270,
BUS_6_DIR5_T66438.0,840.0,PERIODIC_SAMPLE,0,START_8589270,
BUS_6_DIR5_T66438.0,870.0,PERIODIC_SAMPLE,0,START_8589270,
BUS_6_DIR5_T66438.0,900.0,PERIODIC_SAMPLE,0,START_8589270,
BUS_6_DIR5_T66438.0,930.0,PERIODIC_SAMPLE,0,START_8589270,
BUS_6_DIR5_T66438.0,960.0,PERIODIC_SAMPLE,0,START_8589270,
BUS_6_DIR5_T66438.0,990.0,PERIODIC_SAMPLE,0,START_8589270,
BUS_6_DIR5_T66438.0,1020.0,PERIODIC_SAMPLE,0,START_8589270,
BUS_6_DIR5_T66438.0,1050.0,PERIODIC_SAMPLE,0,START_8589270,
BUS_6_DIR5_T66438.0,1080.0,PERIODIC_SAMPLE,0,START_8589270,
BUS_6_DIR5_T66438.0,1110.0,PERIODIC_SAMPLE,0,START_8589270,
BUS_6_DIR5_T66438.0,1140.0,PERIODIC_SAMPLE,0,START_8589270,
BUS_6_DIR5_T66438.0,1170.0,PERIODIC_SAMPLE,0,START_8589270,
BUS_6_DIR5_T66438.0,1200.0,PERIODIC_SAMPLE,0,START_8589270,
BUS_6_DIR5_T66438.0,1230.0,PERIODIC_SAMPLE,0,START_8589270,
BUS_6_DIR5_T66438.0,1260.0,PERIODIC_SAMPLE,0,START_8589270,
BUS_6_DIR5_T66438.0,1290.0,PERIODIC_SAMPLE,0,START_8589270,
BUS_6_DIR5_T66438.0,1320.0,PERIODIC_SAMPLE,0,START_8589270,
BUS_6_DIR5_T66438.0,1350.0,PERIODIC_SAMPLE,0,START_8589270,
BUS_6_DIR5_T66438.0,1380.0,PERIODIC_SAMPLE,0,START_8589270,
BUS_6_DIR5_T66438.0,1410.0,PERIODIC_SAMPLE,0,START_8589270,
BUS_6_DIR5_T66438.0,1440.0,PERIODIC_SAMPLE,0,START_8589270,
BUS_6_DIR5_T66438.0,1470.0,PERIODIC_SAMPLE,0,START_8589270,
BUS_6_DIR5_T66438.0,1500.0,PERIODIC_SAMPLE,0,START_8589270,
BUS_6_DIR5_T66438.0,1530.0,PERIODIC_SAMPLE,0,START_8589270,
BUS_6_DIR5_T66438.0,1560.0,PERIODIC_SAMPLE,0,START_8589270,
BUS_6_DIR5_T66438.0,1590.0,PERIODIC_SAMPLE,0,START_8589270,
BUS_6_DIR5_T66438.0,1620.0,PERIODIC_SAMPLE,0,START_8589270,
BUS_6_DIR5_T66438.0,1650.0,PERIODIC_SAMPLE,0,START_8589270,
BUS_6_DIR5_T66438.0,1680.0,PERIODIC_SAMPLE,0,START_8589270,
BUS_6_DIR5_T66438.0,1710.0,PERIODIC_SAMPLE,0,START_8589270,
BUS_6_DIR5_T66438.0,1740.0,PERIODIC_SAMPLE,0,START_8589270,
BUS_6_DIR5_T66438.0,1770.0,PERIODIC_SAMPLE,0,START_8589270,
BUS_6_DIR5_T66446.0,30.0,PERIODIC_SAMPLE,0,START_8589270,
BUS_6_DIR5_T66446.0,60.0,PERIODIC_SAMPLE,0,START_8589270,
BUS_6_DIR5_T66446.0,90.0,PERIODIC_SAMPLE,0,START_8589270,
BUS_6_DIR5_T66446.0,120.0,PERIODIC_SAMPLE,0,START_8589270,
BUS_6_DIR5_T66446.0,150.0,PERIODIC_SAMPLE,0,START_8589270,
BUS_6_DIR5_T66446.0,180.0,PERIODIC_SAMPLE,0,START_8589270,
BUS_6_DIR5_T66446.0,210.0,PERIODIC_SAMPLE,0,START_8589270,
BUS_6_DIR5_T66446.0,240.0,PERIODIC_SAMPLE,0,START_8589270,
BUS_6_DIR5_T66446.0,270.0,PERIODIC_SAMPLE,0,START_8589270,
BUS_6_DIR5_T66446.0,300.0,PERIODIC_SAMPLE,0,START_8589270,
BUS_6_DIR5_T66446.0,330.0,PERIODIC_SAMPLE,0,START_8589270,
BUS_6_DIR5_T66446.0,360.0,PERIODIC_SAMPLE,0,START_8589270,
BUS_6_DIR5_T66446.0,390.0,PERIODIC_SAMPLE,0,START_8589270,
BUS_6_DIR5_T66446.0,420.0,PERIODIC_SAMPLE,0,START_8589270,
BUS_6_DIR5_T66446.0,450.0,PERIODIC_SAMPLE,0,START_8589270,
BUS_6_DIR5_T66446.0,480.0,PERIODIC_SAMPLE,0,START_8589270,
BUS_6_DIR5_T66446.0,510.0,PERIODIC_SAMPLE,0,START_8589270,
BUS_6_DIR5_T66446.0,540.0,PERIODIC_SAMPLE,0,START_8589270,
BUS_6_DIR5_T66446.0,570.0,PERIODIC_SAMPLE,0,START_8589270,
BUS_6_DIR5_T66446.0,600.0,PERIODIC_SAMPLE,0,START_8589270,
BUS_6_DIR5_T66446.0,630.0,PERIODIC_SAMPLE,0,START_8589270,
BUS_6_DIR5_T66446.0,660.0,PERIODIC_SAMPLE,0,START_8589270,
BUS_6_DIR5_T66446.0,690.0,PERIODIC_SAMPLE,0,START_8589270,
BUS_6_DIR5_T66446.0,720.0,PERIODIC_SAMPLE,0,START_8589270,
BUS_6_DIR5_T66446.0,750.0,PERIODIC_SAMPLE,0,START_8589270,
BUS_6_DIR5_T66446.0,780.0,PERIODIC_SAMPLE,0,START_8589270,
BUS_6_DIR5_T66446.0,810.0,PERIODIC_SAMPLE,0,START_8589270,
BUS_6_DIR5_T66446.0,840.0,PERIODIC_SAMPLE,0,START_8589270,
BUS_6_DIR5_T66446.0,870.0,PERIODIC_SAMPLE,0,START_8589270,
BUS_6_DIR5_T66446.0,900.0,PERIODIC_SAMPLE,0,START_8589270,
BUS_6_DIR5_T66446.0,930.0,PERIODIC_SAMPLE,0,START_8589270,
BUS_6_DIR5_T66446.0,960.0,PERIODIC_SAMPLE,0,START_8589270,
BUS_6_DIR5_T66446.0,990.0,PERIODIC_SAMPLE,0,START_8589270,
BUS_6_DIR5_T66446.0,1020.0,PERIODIC_SAMPLE,0,START_8589270,
BUS_6_DIR5_T66446.0,1050.0,PERIODIC_SAMPLE,0,START_8589270,
BUS_6_DIR5_T66446.0,1080.0,PERIODIC_SAMPLE,0,START_8589270,
BUS_6_DIR5_T66446.0,1110.0,PERIODIC_SAMPLE,0,START_8589270,
BUS_6_DIR5_T66446.0,1140.0,PERIODIC_SAMPLE,0,START_8589270,
BUS_6_DIR5_T66446.0,1170.0,PERIODIC_SAMPLE,0,START_8589270,
BUS_6_DIR5_T66446.0,1200.0,PERIODIC_SAMPLE,0,START_8589270,
BUS_6_DIR5_T66446.0,1230.0,PERIODIC_SAMPLE,0,START_8589270,
BUS_6_DIR5_T66446.0,1260.0,PERIODIC_SAMPLE,0,START_8589270,
BUS_6_DIR5_T66446.0,1290.0,PERIODIC_SAMPLE,0,START_8589270,
BUS_6_DIR5_T66446.0,1320.0,PERIODIC_SAMPLE,0,START_8589270,
BUS_6_DIR5_T66446.0,1350.0,PERIODIC_SAMPLE,0,START_8589270,
BUS_6_DIR5_T66446.0,1380.0,PERIODIC_SAMPLE,0,START_8589270,
BUS_6_DIR5_T66446.0,1410.0,PERIODIC_SAMPLE,0,START_8589270,
BUS_6_DIR5_T66446.0,1440.0,PERIODIC_SAMPLE,0,START_8589270,
BUS_6_DIR5_T66446.0,1470.0,PERIODIC_SAMPLE,0,START_8589270,
BUS_6_DIR5_T66446.0,1500.0,PERIODIC_SAMPLE,0,START_8589270,
BUS_6_DIR5_T66446.0,1530.0,PERIODIC_SAMPLE,0,START_8589270,
BUS_6_DIR5_T66446.0,1560.0,PERIODIC_SAMPLE,0,START_8589270,
BUS_6_DIR5_T66446.0,1590.0,PERIODIC_SAMPLE,0,START_8589270,
BUS_6_DIR5_T66446.0,1620.0,PERIODIC_SAMPLE,0,START_8589270,
BUS_6_DIR5_T66446.0,1650.0,PERIODIC_SAMPLE,0,START_8589270,
BUS_6_DIR5_T66446.0,1680.0,PERIODIC_SAMPLE,0,START_8589270,
BUS_6_DIR5_T66446.0,1710.0,PERIODIC_SAMPLE,0,START_8589270,
BUS_6_DIR5_T66446.0,1740.0,PERIODIC_SAMPLE,0,START_8589270,
BUS_6_DIR5_T66446.0,1770.0,PERIODIC_SAMPLE,0,START_8589270,
BUS_6_DIR5_T66454.0,30.0,PERIODIC_SAMPLE,0,START_8589270,
BUS_6_DIR5_T66454.0,60.0,PERIODIC_SAMPLE,0,START_8589270,
BUS_6_DIR5_T66454.0,90.0,PERIODIC_SAMPLE,0,START_8589270,
BUS_6_DIR5_T66454.0,120.0,PERIODIC_SAMPLE,0,START_8589270,
BUS_6_DIR5_T66454.0,150.0,PERIODIC_SAMPLE,0,START_8589270,
BUS_6_DIR5_T66454.0,180.0,PERIODIC_SAMPLE,0,START_8589270,
BUS_6_DIR5_T66454.0,210.0,PERIODIC_SAMPLE,0,START_8589270,
BUS_6_DIR5_T66454.0,240.0,PERIODIC_SAMPLE,0,START_8589270,
BUS_6_DIR5_T66454.0,270.0,PERIODIC_SAMPLE,0,START_8589270,
BUS_6_DIR5_T66454.0,300.0,PERIODIC_SAMPLE,0,START_8589270,
BUS_6_DIR5_T66454.0,330.0,PERIODIC_SAMPLE,0,START_8589270,
BUS_6_DIR5_T66454.0,360.0,PERIODIC_SAMPLE,0,START_8589270,
BUS_6_DIR5_T66454.0,390.0,PERIODIC_SAMPLE,0,START_8589270,
BUS_6_DIR5_T66454.0,420.0,PERIODIC_SAMPLE,0,START_8589270,
BUS_6_DIR5_T66454.0,450.0,PERIODIC_SAMPLE,0,START_8589270,
BUS_6_DIR5_T66454.0,480.0,PERIODIC_SAMPLE,0,START_8589270,
BUS_6_DIR5_T66454.0,510.0,PERIODIC_SAMPLE,0,START_8589270,
BUS_6_DIR5_T66454.0,540.0,PERIODIC_SAMPLE,0,START_8589270,
BUS_6_DIR5_T66454.0,570.0,PERIODIC_SAMPLE,0,START_8589270,
BUS_6_DIR5_T66454.0,600.0,PERIODIC_SAMPLE,0,START_8589270,
BUS_6_DIR5_T66454.0,630.0,PERIODIC_SAMPLE,0,START_8589270,
BUS_6_DIR5_T66454.0,660.0,PERIODIC_SAMPLE,0,START_8589270,
BUS_6_DIR5_T66454.0,690.0,PERIODIC_SAMPLE,0,START_8589270,
BUS_6_DIR5_T66454.0,720.0,PERIODIC_SAMPLE,0,START_8589270,
BUS_6_DIR5_T66454.0,750.0,PERIODIC_SAMPLE,0,START_8589270,
BUS_6_DIR5_T66454.0,780.0,PERIODIC_SAMPLE,0,START_8589270,
BUS_6_DIR5_T66454.0,810.0,PERIODIC_SAMPLE,0,START_8589270,
BUS_6_DIR5_T66454.0,840.0,PERIODIC_SAMPLE,0,START_8589270,
BUS_6_DIR5_T66454.0,870.0,PERIODIC_SAMPLE,0,START_8589270,
BUS_6_DIR5_T66454.0,900.0,PERIODIC_SAMPLE,0,START_8589270,
BUS_6_DIR5_T66454.0,930.0,PERIODIC_SAMPLE,0,START_8589270,
BUS_6_DIR5_T66454.0,960.0,PERIODIC_SAMPLE,0,START_8589270,
BUS_6_DIR5_T66454.0,990.0,PERIODIC_SAMPLE,0,START_8589270,
BUS_6_DIR5_T66454.0,1020.0,PERIODIC_SAMPLE,0,START_8589270,
BUS_6_DIR5_T66454.0,1050.0,PERIODIC_SAMPLE,0,START_8589270,
BUS_6_DIR5_T66454.0,1080.0,PERIODIC_SAMPLE,0,START_8589270,
BUS_6_DIR5_T66454.0,1110.0,PERIODIC_SAMPLE,0,START_8589270,
BUS_6_DIR5_T66454.0,1140.0,PERIODIC_SAMPLE,0,START_8589270,
BUS_6_DIR5_T66454.0,1170.0,PERIODIC_SAMPLE,0,START_8589270,
BUS_6_DIR5_T66454.0,1200.0,PERIODIC_SAMPLE,0,START_8589270,
BUS_6_DIR5_T66454.0,1230.0,PERIODIC_SAMPLE,0,START_8589270,
BUS_6_DIR5_T66454.0,1260.0,PERIODIC_SAMPLE,0,START_8589270,
BUS_6_DIR5_T66454.0,1290.0,PERIODIC_SAMPLE,0,START_8589270,
BUS_6_DIR5_T66454.0,1320.0,PERIODIC_SAMPLE,0,START_8589270,
BUS_6_DIR5_T66454.0,1350.0,PERIODIC_SAMPLE,0,START_8589270,
BUS_6_DIR5_T66454.0,1380.0,PERIODIC_SAMPLE,0,START_8589270,
BUS_6_DIR5_T66454.0,1410.0,PERIODIC_SAMPLE,0,START_8589270,
BUS_6_DIR5_T66454.0,1440.0,PERIODIC_SAMPLE,0,START_8589270,
BUS_6_DIR5_T66454.0,1470.0,PERIODIC_SAMPLE,0,START_8589270,
BUS_6_DIR5_T66454.0,1500.0,PERIODIC_SAMPLE,0,START_8589270,
BUS_6_DIR5_T66454.0,1530.0,PERIODIC_SAMPLE,0,START_8589270,
BUS_6_DIR5_T66454.0,1560.0,PERIODIC_SAMPLE,0,START_8589270,
BUS_6_DIR5_T66454.0,1590.0,PERIODIC_SAMPLE,0,START_8589270,
BUS_6_DIR5_T66454.0,1620.0,PERIODIC_SAMPLE,0,START_8589270,
BUS_6_DIR5_T66454.0,1650.0,PERIODIC_SAMPLE,0,START_8589270,
BUS_6_DIR5_T66454.0,1680.0,PERIODIC_SAMPLE,0,START_8589270,
BUS_6_DIR5_T66454.0,1710.0,PERIODIC_SAMPLE,0,START_8589270,
BUS_6_DIR5_T66454.0,1740.0,PERIODIC_SAMPLE,0,START_8589270,
BUS_6_DIR5_T66454.0,1770.0,PERIODIC_SAMPLE,0,START_8589270,
BUS_6_DIR5_T66462.0,30.0,PERIODIC_SAMPLE,0,START_8589270,
BUS_6_DIR5_T66462.0,60.0,PERIODIC_SAMPLE,0,START_8589270,
BUS_6_DIR5_T66462.0,90.0,PERIODIC_SAMPLE,0,START_8589270,
BUS_6_DIR5_T66462.0,120.0,PERIODIC_SAMPLE,0,START_8589270,
BUS_6_DIR5_T66462.0,150.0,PERIODIC_SAMPLE,0,START_8589270,
BUS_6_DIR5_T66462.0,180.0,PERIODIC_SAMPLE,0,START_8589270,
BUS_6_DIR5_T66462.0,210.0,PERIODIC_SAMPLE,0,START_8589270,
BUS_6_DIR5_T66462.0,240.0,PERIODIC_SAMPLE,0,START_8589270,
BUS_6_DIR5_T66462.0,270.0,PERIODIC_SAMPLE,0,START_8589270,
BUS_6_DIR5_T66462.0,300.0,PERIODIC_SAMPLE,0,START_8589270,
BUS_6_DIR5_T66462.0,330.0,PERIODIC_SAMPLE,0,START_8589270,
BUS_6_DIR5_T66462.0,360.0,PERIODIC_SAMPLE,0,START_8589270,
BUS_6_DIR5_T66462.0,390.0,PERIODIC_SAMPLE,0,START_8589270,
BUS_6_DIR5_T66462.0,420.0,PERIODIC_SAMPLE,0,START_8589270,
BUS_6_DIR5_T66462.0,450.0,PERIODIC_SAMPLE,0,START_8589270,
BUS_6_DIR5_T66462.0,480.0,PERIODIC_SAMPLE,0,START_8589270,
BUS_6_DIR5_T66462.0,510.0,PERIODIC_SAMPLE,0,START_8589270,
BUS_6_DIR5_T66462.0,540.0,PERIODIC_SAMPLE,0,START_8589270,
BUS_6_DIR5_T66462.0,570.0,PERIODIC_SAMPLE,0,START_8589270,
BUS_6_DIR5_T66462.0,600.0,PERIODIC_SAMPLE,0,START_8589270,
BUS_6_DIR5_T66462.0,630.0,PERIODIC_SAMPLE,0,START_8589270,
BUS_6_DIR5_T66462.0,660.0,PERIODIC_SAMPLE,0,START_8589270,
BUS_6_DIR5_T66462.0,690.0,PERIODIC_SAMPLE,0,START_8589270,
BUS_6_DIR5_T66462.0,720.0,PERIODIC_SAMPLE,0,START_8589270,
BUS_6_DIR5_T66462.0,750.0,PERIODIC_SAMPLE,0,START_8589270,
BUS_6_DIR5_T66462.0,780.0,PERIODIC_SAMPLE,0,START_8589270,
BUS_6_DIR5_T66462.0,810.0,PERIODIC_SAMPLE,0,START_8589270,
BUS_6_DIR5_T66462.0,840.0,PERIODIC_SAMPLE,0,START_8589270,
BUS_6_DIR5_T66462.0,870.0,PERIODIC_SAMPLE,0,START_8589270,
BUS_6_DIR5_T66462.0,900.0,PERIODIC_SAMPLE,0,START_8589270,
BUS_6_DIR5_T66462.0,930.0,PERIODIC_SAMPLE,0,START_8589270,
BUS_6_DIR5_T66462.0,960.0,PERIODIC_SAMPLE,0,START_8589270,
BUS_6_DIR5_T66462.0,990.0,PERIODIC_SAMPLE,0,START_8589270,
BUS_6_DIR5_T66462.0,1020.0,PERIODIC_SAMPLE,0,START_8589270,
BUS_6_DIR5_T66462.0,1050.0,PERIODIC_SAMPLE,0,START_8589270,
BUS_6_DIR5_T66462.0,1080.0,PERIODIC_SAMPLE,0,START_8589270,
BUS_6_DIR5_T66462.0,1110.0,PERIODIC_SAMPLE,0,START_8589270,
BUS_6_DIR5_T66462.0,1140.0,PERIODIC_SAMPLE,0,START_8589270,
BUS_6_DIR5_T66462.0,1170.0,PERIODIC_SAMPLE,0,START_8589270,
BUS_6_DIR5_T66462.0,1200.0,PERIODIC_SAMPLE,0,START_8589270,
BUS_6_DIR5_T66462.0,1230.0,PERIODIC_SAMPLE,0,START_8589270,
BUS_6_DIR5_T66462.0,1260.0,PERIODIC_SAMPLE,0,START_8589270,
BUS_6_DIR5_T66462.0,1290.0,PERIODIC_SAMPLE,0,START_8589270,
BUS_6_DIR5_T66462.0,1320.0,PERIODIC_SAMPLE,0,START_8589270,
BUS_6_DIR5_T66462.0,1350.0,PERIODIC_SAMPLE,0,START_8589270,
BUS_6_DIR5_T66462.0,1380.0,PERIODIC_SAMPLE,0,START_8589270,
BUS_6_DIR5_T66462.0,1410.0,PERIODIC_SAMPLE,0,START_8589270,
BUS_6_DIR5_T66462.0,1440.0,PERIODIC_SAMPLE,0,START_8589270,
BUS_6_DIR5_T66462.0,1470.0,PERIODIC_SAMPLE,0,START_8589270,
BUS_6_DIR5_T66462.0,1500.0,PERIODIC_SAMPLE,0,START_8589270,
BUS_6_DIR5_T66462.0,1530.0,PERIODIC_SAMPLE,0,START_8589270,
BUS_6_DIR5_T66462.0,1560.0,PERIODIC_SAMPLE,0,START_8589270,
BUS_6_DIR5_T66462.0,1590.0,PERIODIC_SAMPLE,0,START_8589270,
BUS_6_DIR5_T66462.0,1620.0,PERIODIC_SAMPLE,0,START_8589270,
BUS_6_DIR5_T66462.0,1650.0,PERIODIC_SAMPLE,0,START_8589270,
BUS_6_DIR5_T66462.0,1680.0,PERIODIC_SAMPLE,0,START_8589270,
BUS_6_DIR5_T66462.0,1710.0,PERIODIC_SAMPLE,0,START_8589270,
BUS_6_DIR5_T66462.0,1740.0,PERIODIC_SAMPLE,0,START_8589270,
BUS_6_DIR5_T66462.0,1770.0,PERIODIC_SAMPLE,0,START_8589270,
BUS_6_DIR5_T66470.0,30.0,PERIODIC_SAMPLE,0,START_8589270,
BUS_6_DIR5_T66470.0,60.0,PERIODIC_SAMPLE,0,START_8589270,
BUS_6_DIR5_T66470.0,90.0,PERIODIC_SAMPLE,0,START_8589270,
BUS_6_DIR5_T66470.0,120.0,PERIODIC_SAMPLE,0,START_8589270,
BUS_6_DIR5_T66470.0,150.0,PERIODIC_SAMPLE,0,START_8589270,
BUS_6_DIR5_T66470.0,180.0,PERIODIC_SAMPLE,0,START_8589270,
BUS_6_DIR5_T66470.0,210.0,PERIODIC_SAMPLE,0,START_8589270,
BUS_6_DIR5_T66470.0,240.0,PERIODIC_SAMPLE,0,START_8589270,
BUS_6_DIR5_T66470.0,270.0,PERIODIC_SAMPLE,0,START_8589270,
BUS_6_DIR5_T66470.0,300.0,PERIODIC_SAMPLE,0,START_8589270,
BUS_6_DIR5_T66470.0,330.0,PERIODIC_SAMPLE,0,START_8589270,
BUS_6_DIR5_T66470.0,360.0,PERIODIC_SAMPLE,0,START_8589270,
BUS_6_DIR5_T66470.0,390.0,PERIODIC_SAMPLE,0,START_8589270,
BUS_6_DIR5_T66470.0,420.0,PERIODIC_SAMPLE,0,START_8589270,
BUS_6_DIR5_T66470.0,450.0,PERIODIC_SAMPLE,0,START_8589270,
BUS_6_DIR5_T66470.0,480.0,PERIODIC_SAMPLE,0,START_8589270,
BUS_6_DIR5_T66470.0,510.0,PERIODIC_SAMPLE,0,START_8589270,
BUS_6_DIR5_T66470.0,540.0,PERIODIC_SAMPLE,0,START_8589270,
BUS_6_DIR5_T66470.0,570.0,PERIODIC_SAMPLE,0,START_8589270,
BUS_6_DIR5_T66470.0,600.0,PERIODIC_SAMPLE,0,START_8589270,
BUS_6_DIR5_T66470.0,630.0,PERIODIC_SAMPLE,0,START_8589270,
BUS_6_DIR5_T66470.0,660.0,PERIODIC_SAMPLE,0,START_8589270,
BUS_6_DIR5_T66470.0,690.0,PERIODIC_SAMPLE,0,START_8589270,
BUS_6_DIR5_T66470.0,720.0,PERIODIC_SAMPLE,0,START_8589270,
BUS_6_DIR5_T66470.0,750.0,PERIODIC_SAMPLE,0,START_8589270,
BUS_6_DIR5_T66470.0,780.0,PERIODIC_SAMPLE,0,START_8589270,
BUS_6_DIR5_T66470.0,810.0,PERIODIC_SAMPLE,0,START_8589270,
BUS_6_DIR5_T66470.0,840.0,PERIODIC_SAMPLE,0,START_8589270,
BUS_6_DIR5_T66470.0,870.0,PERIODIC_SAMPLE,0,START_8589270,
BUS_6_DIR5_T66470.0,900.0,PERIODIC_SAMPLE,0,START_8589270,
BUS_6_DIR5_T66470.0,930.0,PERIODIC_SAMPLE,0,START_8589270,
BUS_6_DIR5_T66470.0,960.0,PERIODIC_SAMPLE,0,START_8589270,
BUS_6_DIR5_T66470.0,990.0,PERIODIC_SAMPLE,0,START_8589270,
BUS_6_DIR5_T66470.0,1020.0,PERIODIC_SAMPLE,0,START_8589270,
BUS_6_DIR5_T66470.0,1050.0,PERIODIC_SAMPLE,0,START_8589270,
BUS_6_DIR5_T66470.0,1080.0,PERIODIC_SAMPLE,0,START_8589270,
BUS_6_DIR5_T66470.0,1110.0,PERIODIC_SAMPLE,0,START_8589270,
BUS_6_DIR5_T66470.0,1140.0,PERIODIC_SAMPLE,0,START_8589270,
BUS_6_DIR5_T66470.0,1170.0,PERIODIC_SAMPLE,0,START_8589270,
BUS_6_DIR5_T66470.0,1200.0,PERIODIC_SAMPLE,0,START_8589270,
BUS_6_DIR5_T66470.0,1230.0,PERIODIC_SAMPLE,0,START_8589270,
BUS_6_DIR5_T66470.0,1260.0,PERIODIC_SAMPLE,0,START_8589270,
BUS_6_DIR5_T66470.0,1290.0,PERIODIC_SAMPLE,0,START_8589270,
BUS_6_DIR5_T66470.0,1320.0,PERIODIC_SAMPLE,0,START_8589270,
BUS_6_DIR5_T66470.0,1350.0,PERIODIC_SAMPLE,0,START_8589270,
BUS_6_DIR5_T66470.0,1380.0,PERIODIC_SAMPLE,0,START_8589270,
BUS_6_DIR5_T66470.0,1410.0,PERIODIC_SAMPLE,0,START_8589270,
BUS_6_DIR5_T66470.0,1440.0,PERIODIC_SAMPLE,0,START_8589270,
BUS_6_DIR5_T66470.0,1470.0,PERIODIC_SAMPLE,0,START_8589270,
BUS_6_DIR5_T66470.0,1500.0,PERIODIC_SAMPLE,0,START_8589270,
BUS_6_DIR5_T66470.0,1530.0,PERIODIC_SAMPLE,0,START_8589270,
BUS_6_DIR5_T66470.0,1560.0,PERIODIC_SAMPLE,0,START_8589270,
BUS_6_DIR5_T66470.0,1590.0,PERIODIC_SAMPLE,0,START_8589270,
BUS_6_DIR5_T66470.0,1620.0,PERIODIC_SAMPLE,0,START_8589270,
BUS_6_DIR5_T66470.0,1650.0,PERIODIC_SAMPLE,0,START_8589270,
BUS_6_DIR5_T66470.0,1680.0,PERIODIC_SAMPLE,0,START_8589270,
BUS_6_DIR5_T66470.0,1710.0,PERIODIC_SAMPLE,0,START_8589270,
BUS_6_DIR5_T66470.0,1740.0,PERIODIC_SAMPLE,0,START_8589270,
BUS_6_DIR5_T66470.0,1770.0,PERIODIC_SAMPLE,0,START_8589270,
BUS_6_DIR5_T66478.0,30.0,PERIODIC_SAMPLE,0,START_8589270,
BUS_6_DIR5_T66478.0,60.0,PERIODIC_SAMPLE,0,START_8589270,
BUS_6_DIR5_T66478.0,90.0,PERIODIC_SAMPLE,0,START_8589270,
BUS_6_DIR5_T66478.0,120.0,PERIODIC_SAMPLE,0,START_8589270,
BUS_6_DIR5_T66478.0,150.0,PERIODIC_SAMPLE,0,START_8589270,
BUS_6_DIR5_T66478.0,180.0,PERIODIC_SAMPLE,0,START_8589270,
BUS_6_DIR5_T66478.0,210.0,PERIODIC_SAMPLE,0,START_8589270,
BUS_6_DIR5_T66478.0,240.0,PERIODIC_SAMPLE,0,START_8589270,
BUS_6_DIR5_T66478.0,270.0,PERIODIC_SAMPLE,0,START_8589270,
BUS_6_DIR5_T66478.0,300.0,PERIODIC_SAMPLE,0,START_8589270,
BUS_6_DIR5_T66478.0,330.0,PERIODIC_SAMPLE,0,START_8589270,
BUS_6_DIR5_T66478.0,360.0,PERIODIC_SAMPLE,0,START_8589270,
BUS_6_DIR5_T66478.0,390.0,PERIODIC_SAMPLE,0,START_8589270,
BUS_6_DIR5_T66478.0,420.0,PERIODIC_SAMPLE,0,START_8589270,
BUS_6_DIR5_T66478.0,450.0,PERIODIC_SAMPLE,0,START_8589270,
BUS_6_DIR5_T66478.0,480.0,PERIODIC_SAMPLE,0,START_8589270,
BUS_6_DIR5_T66478.0,510.0,PERIODIC_SAMPLE,0,START_8589270,
BUS_6_DIR5_T66478.0,540.0,PERIODIC_SAMPLE,0,START_8589270,
BUS_6_DIR5_T66478.0,570.0,PERIODIC_SAMPLE,0,START_8589270,
BUS_6_DIR5_T66478.0,600.0,PERIODIC_SAMPLE,0,START_8589270,
BUS_6_DIR5_T66478.0,630.0,PERIODIC_SAMPLE,0,START_8589270,
BUS_6_DIR5_T66478.0,660.0,PERIODIC_SAMPLE,0,START_8589270,
BUS_6_DIR5_T66478.0,690.0,PERIODIC_SAMPLE,0,START_8589270,
BUS_6_DIR5_T66478.0,720.0,PERIODIC_SAMPLE,0,START_8589270,
BUS_6_DIR5_T66478.0,750.0,PERIODIC_SAMPLE,0,START_8589270,
BUS_6_DIR5_T66478.0,780.0,PERIODIC_SAMPLE,0,START_8589270,
BUS_6_DIR5_T66478.0,810.0,PERIODIC_SAMPLE,0,START_8589270,
BUS_6_DIR5_T66478.0,840.0,PERIODIC_SAMPLE,0,START_8589270,
BUS_6_DIR5_T66478.0,870.0,PERIODIC_SAMPLE,0,START_8589270,
BUS_6_DIR5_T66478.0,900.0,PERIODIC_SAMPLE,0,START_8589270,
BUS_6_DIR5_T66478.0,930.0,PERIODIC_SAMPLE,0,START_8589270,
BUS_6_DIR5_T66478.0,960.0,PERIODIC_SAMPLE,0,START_8589270,
BUS_6_DIR5_T66478.0,990.0,PERIODIC_SAMPLE,0,START_8589270,
BUS_6_DIR5_T66478.0,1020.0,PERIODIC_SAMPLE,0,START_8589270,
BUS_6_DIR5_T66478.0,1050.0,PERIODIC_SAMPLE,0,START_8589270,
BUS_6_DIR5_T66478.0,1080.0,PERIODIC_SAMPLE,0,START_8589270,
BUS_6_DIR5_T66478.0,1110.0,PERIODIC_SAMPLE,0,START_8589270,
BUS_6_DIR5_T66478.0,1140.0,PERIODIC_SAMPLE,0,START_8589270,
BUS_6_DIR5_T66478.0,1170.0,PERIODIC_SAMPLE,0,START_8589270,
BUS_6_DIR5_T66478.0,1200.0,PERIODIC_SAMPLE,0,START_8589270,
BUS_6_DIR5_T66478.0,1230.0,PERIODIC_SAMPLE,0,START_8589270,
BUS_6_DIR5_T66478.0,1260.0,PERIODIC_SAMPLE,0,START_8589270,
BUS_6_DIR5_T66478.0,1290.0,PERIODIC_SAMPLE,0,START_8589270,
BUS_6_DIR5_T66478.0,1320.0,PERIODIC_SAMPLE,0,START_8589270,
BUS_6_DIR5_T66478.0,1350.0,PERIODIC_SAMPLE,0,START_8589270,
BUS_6_DIR5_T66478.0,1380.0,PERIODIC_SAMPLE,0,START_8589270,
BUS_6_DIR5_T66478.0,1410.0,PERIODIC_SAMPLE,0,START_8589270,
BUS_6_DIR5_T66478.0,1440.0,PERIODIC_SAMPLE,0,START_8589270,
BUS_6_DIR5_T66478.0,1470.0,PERIODIC_SAMPLE,0,START_8589270,
BUS_6_DIR5_T66478.0,1500.0,PERIODIC_SAMPLE,0,START_8589270,
BUS_6_DIR5_T66478.0,1530.0,PERIODIC_SAMPLE,0,START_8589270,
BUS_6_DIR5_T66478.0,1560.0,PERIODIC_SAMPLE,0,START_8589270,
BUS_6_DIR5_T66478.0,1590.0,PERIODIC_SAMPLE,0,START_8589270,
BUS_6_DIR5_T66478.0,1620.0,PERIODIC_SAMPLE,0,START_8589270,
BUS_6_DIR5_T66478.0,1650.0,PERIODIC_SAMPLE,0,START_8589270,
BUS_6_DIR5_T66478.0,1680.0,PERIODIC_SAMPLE,0,START_8589270,
BUS_6_DIR5_T66478.0,1710.0,PERIODIC_SAMPLE,0,START_8589270,
BUS_6_DIR5_T66478.0,1740.0,PERIODIC_SAMPLE,0,START_8589270,
BUS_6_DIR5_T66478.0,1770.0,PERIODIC_SAMPLE,0,START_8589270,
BUS_6_DIR5_T66486.0,30.0,PERIODIC_SAMPLE,0,START_8589147,
BUS_6_DIR5_T66486.0,60.0,PERIODIC_SAMPLE,0,START_8589147,
BUS_6_DIR5_T66486.0,90.0,PERIODIC_SAMPLE,0,START_8589147,
BUS_6_DIR5_T66486.0,120.0,PERIODIC_SAMPLE,0,START_8589147,
BUS_6_DIR5_T66486.0,150.0,PERIODIC_SAMPLE,0,START_8589147,
BUS_6_DIR5_T66486.0,180.0,PERIODIC_SAMPLE,0,START_8589147,
BUS_6_DIR5_T66486.0,210.0,PERIODIC_SAMPLE,0,START_8589147,
BUS_6_DIR5_T66486.0,240.0,PERIODIC_SAMPLE,0,START_8589147,
BUS_6_DIR5_T66486.0,270.0,PERIODIC_SAMPLE,0,START_8589147,
BUS_6_DIR5_T66486.0,300.0,PERIODIC_SAMPLE,0,START_8589147,
BUS_6_DIR5_T66486.0,330.0,PERIODIC_SAMPLE,0,START_8589147,
BUS_6_DIR5_T66486.0,360.0,PERIODIC_SAMPLE,0,START_8589147,
BUS_6_DIR5_T66486.0,390.0,PERIODIC_SAMPLE,0,START_8589147,
BUS_6_DIR5_T66486.0,420.0,PERIODIC_SAMPLE,0,START_8589147,
BUS_6_DIR5_T66486.0,450.0,PERIODIC_SAMPLE,0,START_8589147,
BUS_6_DIR5_T66486.0,480.0,PERIODIC_SAMPLE,0,START_8589147,
BUS_6_DIR5_T66486.0,510.0,PERIODIC_SAMPLE,0,START_8589147,
BUS_6_DIR5_T66486.0,540.0,PERIODIC_SAMPLE,0,START_8589147,
BUS_6_DIR5_T66486.0,570.0,PERIODIC_SAMPLE,0,START_8589147,
BUS_6_DIR5_T66486.0,600.0,PERIODIC_SAMPLE,0,START_8589147,
BUS_6_DIR5_T66486.0,630.0,PERIODIC_SAMPLE,0,START_8589147,
BUS_6_DIR5_T66486.0,660.0,PERIODIC_SAMPLE,0,START_8589147,
BUS_6_DIR5_T66486.0,690.0,PERIODIC_SAMPLE,0,START_8589147,
BUS_6_DIR5_T66486.0,720.0,PERIODIC_SAMPLE,0,START_8589147,
BUS_6_DIR5_T66486.0,750.0,PERIODIC_SAMPLE,0,START_8589147,
BUS_6_DIR5_T66486.0,780.0,PERIODIC_SAMPLE,0,START_8589147,
BUS_6_DIR5_T66486.0,810.0,PERIODIC_SAMPLE,0,START_8589147,
BUS_6_DIR5_T66486.0,840.0,PERIODIC_SAMPLE,0,START_8589147,
BUS_6_DIR5_T66486.0,870.0,PERIODIC_SAMPLE,0,START_8589147,
BUS_6_DIR5_T66486.0,900.0,PERIODIC_SAMPLE,0,START_8589147,
BUS_6_DIR5_T66486.0,930.0,PERIODIC_SAMPLE,0,START_8589147,
BUS_6_DIR5_T66486.0,960.0,PERIODIC_SAMPLE,0,START_8589147,
BUS_6_DIR5_T66486.0,990.0,PERIODIC_SAMPLE,0,START_8589147,
BUS_6_DIR5_T66486.0,1020.0,PERIODIC_SAMPLE,0,START_8589147,
BUS_6_DIR5_T66486.0,1050.0,PERIODIC_SAMPLE,0,START_8589147,
BUS_6_DIR5_T66486.0,1080.0,PERIODIC_SAMPLE,0,START_8589147,
BUS_6_DIR5_T66486.0,1110.0,PERIODIC_SAMPLE,0,START_8589147,
BUS_6_DIR5_T66486.0,1140.0,PERIODIC_SAMPLE,0,START_8589147,
BUS_6_DIR5_T66486.0,1170.0,PERIODIC_SAMPLE,0,START_8589147,
BUS_6_DIR5_T66486.0,1200.0,PERIODIC_SAMPLE,0,START_8589147,
BUS_6_DIR5_T66486.0,1230.0,PERIODIC_SAMPLE,0,START_8589147,
BUS_6_DIR5_T66486.0,1260.0,PERIODIC_SAMPLE,0,START_8589147,
BUS_6_DIR5_T66486.0,1290.0,PERIODIC_SAMPLE,0,START_8589147,
BUS_6_DIR5_T66486.0,1320.0,PERIODIC_SAMPLE,0,START_8589147,
BUS_6_DIR5_T66486.0,1350.0,PERIODIC_SAMPLE,0,START_8589147,
BUS_6_DIR5_T66486.0,1380.0,PERIODIC_SAMPLE,0,START_8589147,
BUS_6_DIR5_T66486.0,1410.0,PERIODIC_SAMPLE,0,START_8589147,
BUS_6_DIR5_T66486.0,1440.0,PERIODIC_SAMPLE,0,START_8589147,
BUS_6_DIR5_T66486.0,1470.0,PERIODIC_SAMPLE,0,START_8589147,
BUS_6_DIR5_T66486.0,1500.0,PERIODIC_SAMPLE,0,START_8589147,
BUS_6_DIR5_T66486.0,1530.0,PERIODIC_SAMPLE,0,START_8589147,
BUS_6_DIR5_T66486.0,1560.0,PERIODIC_SAMPLE,0,START_8589147,
BUS_6_DIR5_T66486.0,1590.0,PERIODIC_SAMPLE,0,START_8589147,
BUS_6_DIR5_T66486.0,1620.0,PERIODIC_SAMPLE,0,START_8589147,
BUS_6_DIR5_T66486.0,1650.0,PERIODIC_SAMPLE,0,START_8589147,
BUS_6_DIR5_T66486.0,1680.0,PERIODIC_SAMPLE,0,START_8589147,
BUS_6_DIR5_T66486.0,1710.0,PERIODIC_SAMPLE,0,START_8589147,
BUS_6_DIR5_T66486.0,1740.0,PERIODIC_SAMPLE,0,START_8589147,
BUS_6_DIR5_T66486.0,1770.0,PERIODIC_SAMPLE,0,START_8589147,
BUS_6_DIR5_T66494.0,30.0,PERIODIC_SAMPLE,0,START_8589158,
BUS_6_DIR5_T66494.0,60.0,PERIODIC_SAMPLE,0,START_8589158,
BUS_6_DIR5_T66494.0,90.0,PERIODIC_SAMPLE,0,START_8589158,
BUS_6_DIR5_T66494.0,120.0,PERIODIC_SAMPLE,0,START_8589158,
BUS_6_DIR5_T66494.0,150.0,PERIODIC_SAMPLE,0,START_8589158,
BUS_6_DIR5_T66494.0,180.0,PERIODIC_SAMPLE,0,START_8589158,
BUS_6_DIR5_T66494.0,210.0,PERIODIC_SAMPLE,0,START_8589158,
BUS_6_DIR5_T66494.0,240.0,PERIODIC_SAMPLE,0,START_8589158,
BUS_6_DIR5_T66494.0,270.0,PERIODIC_SAMPLE,0,START_8589158,
BUS_6_DIR5_T66494.0,300.0,PERIODIC_SAMPLE,0,START_8589158,
BUS_6_DIR5_T66494.0,330.0,PERIODIC_SAMPLE,0,START_8589158,
BUS_6_DIR5_T66494.0,360.0,PERIODIC_SAMPLE,0,START_8589158,
BUS_6_DIR5_T66494.0,390.0,PERIODIC_SAMPLE,0,START_8589158,
BUS_6_DIR5_T66494.0,420.0,PERIODIC_SAMPLE,0,START_8589158,
BUS_6_DIR5_T66494.0,450.0,PERIODIC_SAMPLE,0,START_8589158,
BUS_6_DIR5_T66494.0,480.0,PERIODIC_SAMPLE,0,START_8589158,
BUS_6_DIR5_T66494.0,510.0,PERIODIC_SAMPLE,0,START_8589158,
BUS_6_DIR5_T66494.0,540.0,PERIODIC_SAMPLE,0,START_8589158,
BUS_6_DIR5_T66494.0,570.0,PERIODIC_SAMPLE,0,START_8589158,
BUS_6_DIR5_T66494.0,600.0,PERIODIC_SAMPLE,0,START_8589158,
BUS_6_DIR5_T66494.0,630.0,PERIODIC_SAMPLE,0,START_8589158,
BUS_6_DIR5_T66494.0,660.0,PERIODIC_SAMPLE,0,START_8589158,
BUS_6_DIR5_T66494.0,690.0,PERIODIC_SAMPLE,0,START_8589158,
BUS_6_DIR5_T66494.0,720.0,PERIODIC_SAMPLE,0,START_8589158,
BUS_6_DIR5_T66494.0,750.0,PERIODIC_SAMPLE,0,START_8589158,
BUS_6_DIR5_T66494.0,780.0,PERIODIC_SAMPLE,0,START_8589158,
BUS_6_DIR5_T66494.0,810.0,PERIODIC_SAMPLE,0,START_8589158,
BUS_6_DIR5_T66494.0,840.0,PERIODIC_SAMPLE,0,START_8589158,
BUS_6_DIR5_T66494.0,870.0,PERIODIC_SAMPLE,0,START_8589158,
BUS_6_DIR5_T66494.0,900.0,PERIODIC_SAMPLE,0,START_8589158,
BUS_6_DIR5_T66494.0,930.0,PERIODIC_SAMPLE,0,START_8589158,
BUS_6_DIR5_T66494.0,960.0,PERIODIC_SAMPLE,0,START_8589158,
BUS_6_DIR5_T66494.0,990.0,PERIODIC_SAMPLE,0,START_8589158,
BUS_6_DIR5_T66494.0,1020.0,PERIODIC_SAMPLE,0,START_8589158,
BUS_6_DIR5_T66494.0,1050.0,PERIODIC_SAMPLE,0,START_8589158,
BUS_6_DIR5_T66494.0,1080.0,PERIODIC_SAMPLE,0,START_8589158,
BUS_6_DIR5_T66494.0,1110.0,PERIODIC_SAMPLE,0,START_8589158,
BUS_6_DIR5_T66494.0,1140.0,PERIODIC_SAMPLE,0,START_8589158,
BUS_6_DIR5_T66494.0,1170.0,PERIODIC_SAMPLE,0,START_8589158,
BUS_6_DIR5_T66494.0,1200.0,PERIODIC_SAMPLE,0,START_8589158,
BUS_6_DIR5_T66494.0,1230.0,PERIODIC_SAMPLE,0,START_8589158,
BUS_6_DIR5_T66494.0,1260.0,PERIODIC_SAMPLE,0,START_8589158,
BUS_6_DIR5_T66494.0,1290.0,PERIODIC_SAMPLE,0,START_8589158,
BUS_6_DIR5_T66494.0,1320.0,PERIODIC_SAMPLE,0,START_8589158,
BUS_6_DIR5_T66494.0,1350.0,PERIODIC_SAMPLE,0,START_8589158,
BUS_6_DIR5_T66494.0,1380.0,PERIODIC_SAMPLE,0,START_8589158,
BUS_6_DIR5_T66494.0,1410.0,PERIODIC_SAMPLE,0,START_8589158,
BUS_6_DIR5_T66494.0,1440.0,PERIODIC_SAMPLE,0,START_8589158,
BUS_6_DIR5_T66494.0,1470.0,PERIODIC_SAMPLE,0,START_8589158,
BUS_6_DIR5_T66494.0,1500.0,PERIODIC_SAMPLE,0,START_8589158,
BUS_6_DIR5_T66494.0,1530.0,PERIODIC_SAMPLE,0,START_8589158,
BUS_6_DIR5_T66494.0,1560.0,PERIODIC_SAMPLE,0,START_8589158,
BUS_6_DIR5_T66494.0,1590.0,PERIODIC_SAMPLE,0,START_8589158,
BUS_6_DIR5_T66494.0,1620.0,PERIODIC_SAMPLE,0,START_8589158,
BUS_6_DIR5_T66494.0,1650.0,PERIODIC_SAMPLE,0,START_8589158,
BUS_6_DIR5_T66494.0,1680.0,PERIODIC_SAMPLE,0,START_8589158,
BUS_6_DIR5_T66494.0,1710.0,PERIODIC_SAMPLE,0,START_8589158,
BUS_6_DIR5_T66494.0,1740.0,PERIODIC_SAMPLE,0,START_8589158,
BUS_6_DIR5_T66494.0,1770.0,PERIODIC_SAMPLE,0,START_8589158,
MINIBUS_1,30.0,PERIODIC_SAMPLE,0,8592374,
MINIBUS_1,60.0,PERIODIC_SAMPLE,0,8592374,
MINIBUS_1,90.0,PERIODIC_SAMPLE,0,8592374,
MINIBUS_1,120.0,PERIODIC_SAMPLE,0,8592374,
MINIBUS_1,150.0,PERIODIC_SAMPLE,0,8592374,
MINIBUS_1,180.0,PERIODIC_SAMPLE,0,8592374,
MINIBUS_1,210.0,PERIODIC_SAMPLE,0,8592374,
MINIBUS_1,240.0,PERIODIC_SAMPLE,0,8592374,
MINIBUS_1,270.0,PERIODIC_SAMPLE,0,8592374,
MINIBUS_1,300.0,ARRIVAL,2,8592374,
MINIBUS_1,300.0,BOARDING,2,8592374,2
MINIBUS_1,300.0,PERIODIC_SAMPLE,2,8592374,
MINIBUS_1,330.0,PERIODIC_SAMPLE,2,8592374,
MINIBUS_1,360.0,PERIODIC_SAMPLE,2,8592374,
MINIBUS_1,390.0,PERIODIC_SAMPLE,2,8592374,
MINIBUS_1,420.0,PERIODIC_SAMPLE,2,8592374,
MINIBUS_1,450.0,PERIODIC_SAMPLE,2,8592374,
MINIBUS_1,480.0,PERIODIC_SAMPLE,2,8592374,
MINIBUS_1,510.0,PERIODIC_SAMPLE,2,8592374,
MINIBUS_1,540.0,PERIODIC_SAMPLE,2,8592374,
MINIBUS_1,570.0,PERIODIC_SAMPLE,2,8592374,
MINIBUS_1,600.0,PERIODIC_SAMPLE,2,8592374,
MINIBUS_1,630.0,PERIODIC_SAMPLE,2,8592374,
MINIBUS_1,660.0,PERIODIC_SAMPLE,2,8592374,
MINIBUS_1,663.0,ARRIVAL,3,8592378,
MINIBUS_1,663.0,BOARDING,3,8592378,1
MINIBUS_1,690.0,PERIODIC_SAMPLE,3,8592378,
MINIBUS_1,712.7999992370605,ARRIVAL,2,8592377,
MINIBUS_1,712.7999992370605,ALIGHTING,2,8592377,1
MINIBUS_1,712.7999992370605,ARRIVAL,3,8592377,
MINIBUS_1,712.7999992370605,BOARDING,3,8592377,1
MINIBUS_1,720.0,PERIODIC_SAMPLE,3,8592377,
MINIBUS_1,750.0,PERIODIC_SAMPLE,3,8592377,
MINIBUS_1,780.0,PERIODIC_SAMPLE,3,8592377,
MINIBUS_1,810.0,PERIODIC_SAMPLE,3,8592377,
MINIBUS_1,840.0,PERIODIC_SAMPLE,3,8592377,
MINIBUS_1,870.0,PERIODIC_SAMPLE,3,8592377,
MINIBUS_1,900.0,PERIODIC_SAMPLE,3,8592377,
MINIBUS_1,930.0,PERIODIC_SAMPLE,3,8592377,
MINIBUS_1,958.7999877929688,ARRIVAL,4,8587255,
MINIBUS_1,958.7999877929688,BOARDING,4,8587255,1
MINIBUS_1,960.0,PERIODIC_SAMPLE,4,8587255,
MINIBUS_1,990.0,PERIODIC_SAMPLE,4,8587255,
MINIBUS_1,1020.0,PERIODIC_SAMPLE,4,8587255,
MINIBUS_1,1033.7999992370605,ARRIVAL,1,8592374,
MINIBUS_1,1033.7999992370605,ALIGHTING,1,8592374,3
MINIBUS_1,1033.7999992370605,ARRIVAL,6,8592374,
MINIBUS_1,1033.7999992370605,BOARDING,6,8592374,5
MINIBUS_1,1050.0,PERIODIC_SAMPLE,6,8592374,
MINIBUS_1,1080.0,PERIODIC_SAMPLE,6,8592374,
MINIBUS_1,1110.0,PERIODIC_SAMPLE,6,8592374,
MINIBUS_1,1140.0,PERIODIC_SAMPLE,6,8592374,
MINIBUS_1,1147.7999877929688,ARRIVAL,5,8592378,
MINIBUS_1,1147.7999877929688,ALIGHTING,5,8592378,1
MINIBUS_1,1170.0,PERIODIC_SAMPLE,5,8592378,
MINIBUS_1,1197.5999870300293,ARRIVAL,6,8592377,
MINIBUS_1,1197.5999870300293,BOARDING,6,8592377,1
MINIBUS_1,1200.0,PERIODIC_SAMPLE,6,8592377,
MINIBUS_1,1230.0,PERIODIC_SAMPLE,6,8592377,
MINIBUS_1,1260.0,PERIODIC_SAMPLE,6,8592377,
MINIBUS_1,1290.0,PERIODIC_SAMPLE,6,8592377,
MINIBUS_1,1320.0,PERIODIC_SAMPLE,6,8592377,
MINIBUS_1,1350.0,PERIODIC_SAMPLE,6,8592377,
MINIBUS_1,1351.7999877929688,ARRIVAL,4,8588344,
MINIBUS_1,1351.7999877929688,ALIGHTING,4,8588344,2
MINIBUS_1,1351.7999877929688,ARRIVAL,5,8588344,
MINIBUS_1,1351.7999877929688,BOARDING,5,8588344,1
MINIBUS_1,1380.0,PERIODIC_SAMPLE,5,8588344,
MINIBUS_1,1392.5999870300293,ARRIVAL,3,8592374,
MINIBUS_1,1392.5999870300293,ALIGHTING,3,8592374,2
MINIBUS_1,1392.5999870300293,ARRIVAL,6,8592374,
MINIBUS_1,1392.5999870300293,BOARDING,6,8592374,3
MINIBUS_1,1410.0,PERIODIC_SAMPLE,6,8592374,
MINIBUS_1,1440.0,PERIODIC_SAMPLE,6,8592374,
MINIBUS_1,1470.0,PERIODIC_SAMPLE,6,8592374,
MINIBUS_1,1493.399974822998,ARRIVAL,5,8592375,
MINIBUS_1,1493.399974822998,ALIGHTING,5,8592375,1
MINIBUS_1,1495.7999877929688,ARRIVAL,6,8592374,
MINIBUS_1,1495.7999877929688,BOARDING,6,8592374,1
MINIBUS_1,1500.0,PERIODIC_SAMPLE,6,8592374,
MINIBUS_1,1530.0,PERIODIC_SAMPLE,6,8592374,
MINIBUS_1,1560.0,PERIODIC_SAMPLE,6,8592374,
MINIBUS_1,1590.0,PERIODIC_SAMPLE,6,8592374,
MINIBUS_1,1620.0,PERIODIC_SAMPLE,6,8592374,
MINIBUS_1,1650.0,PERIODIC_SAMPLE,6,8592374,
MINIBUS_1,1677.5999870300293,ARRIVAL,4,8592377,
MINIBUS_1,1677.5999870300293,ALIGHTING,4,8592377,2
MINIBUS_1,1680.0,PERIODIC_SAMPLE,4,8592377,
MINIBUS_1,1710.0,PERIODIC_SAMPLE,4,8592377,
MINIBUS_1,1740.0,PERIODIC_SAMPLE,4,8592377,
MINIBUS_1,1766.399974822998,ARRIVAL,5,8589161,
MINIBUS_1,1766.399974822998,BOARDING,5,8589161,1
MINIBUS_1,1770.0,PERIODIC_SAMPLE,5,8589161,
MINIBUS_2,30.0,PERIODIC_SAMPLE,0,8592374,
MINIBUS_2,60.0,PERIODIC_SAMPLE,0,8592374,
MINIBUS_2,90.0,PERIODIC_SAMPLE,0,8592374,
MINIBUS_2,120.0,PERIODIC_SAMPLE,0,8592374,
MINIBUS_2,150.0,PERIODIC_SAMPLE,0,8592374,
MINIBUS_2,180.0,PERIODIC_SAMPLE,0,8592374,
MINIBUS_2,210.0,PERIODIC_SAMPLE,0,8592374,
MINIBUS_2,240.0,PERIODIC_SAMPLE,0,8592374,
MINIBUS_2,270.0,PERIODIC_SAMPLE,0,8592374,
MINIBUS_2,300.0,PERIODIC_SAMPLE,0,8592374,
MINIBUS_2,330.0,PERIODIC_SAMPLE,0,8592374,
MINIBUS_2,360.0,PERIODIC_SAMPLE,0,8592374,
MINIBUS_2,390.0,PERIODIC_SAMPLE,0,8592374,
MINIBUS_2,420.0,PERIODIC_SAMPLE,0,8592374,
MINIBUS_2,450.0,PERIODIC_SAMPLE,0,8592374,
MINIBUS_2,480.0,PERIODIC_SAMPLE,0,8592374,
MINIBUS_2,510.0,PERIODIC_SAMPLE,0,8592374,
MINIBUS_2,540.0,PERIODIC_SAMPLE,0,8592374,
MINIBUS_2,570.0,PERIODIC_SAMPLE,0,8592374,
MINIBUS_2,600.0,PERIODIC_SAMPLE,0,8592374,
MINIBUS_2,630.0,PERIODIC_SAMPLE,0,8592374,
MINIBUS_2,660.0,PERIODIC_SAMPLE,0,8592374,
MINIBUS_2,690.0,PERIODIC_SAMPLE,0,8592374,
MINIBUS_2,720.0,PERIODIC_SAMPLE,0,8592374,
MINIBUS_2,750.0,PERIODIC_SAMPLE,0,8592374,
MINIBUS_2,780.0,PERIODIC_SAMPLE,0,8592374,
MINIBUS_2,787.2000122070312,ARRIVAL,1,8588344,
MINIBUS_2,787.2000122070312,BOARDING,1,8588344,1
MINIBUS_2,810.0,PERIODIC_SAMPLE,1,8588344,
MINIBUS_2,840.0,PERIODIC_SAMPLE,1,8588344,
MINIBUS_2,870.0,PERIODIC_SAMPLE,1,8588344,
MINIBUS_2,900.0,PERIODIC_SAMPLE,1,8588344,
MINIBUS_2,930.0,PERIODIC_SAMPLE,1,8588344,
MINIBUS_2,960.0,PERIODIC_SAMPLE,1,8588344,
MINIBUS_2,990.0,PERIODIC_SAMPLE,1,8588344,
MINIBUS_2,1020.0,PERIODIC_SAMPLE,1,8588344,
MINIBUS_2,1024.2000122070312,ARRIVAL,3,8577786,
MINIBUS_2,1024.2000122070312,BOARDING,3,8577786,2
MINIBUS_2,1050.0,PERIODIC_SAMPLE,3,8577786,
MINIBUS_2,1056.0,ARRIVAL,0,8592374,
MINIBUS_2,1056.0,ALIGHTING,0,8592374,3
MINIBUS_2,1056.0,ARRIVAL,5,8592374,
MINIBUS_2,1056.0,BOARDING,5,8592374,5
MINIBUS_2,1080.0,PERIODIC_SAMPLE,5,8592374,
MINIBUS_2,1110.0,PERIODIC_SAMPLE,5,8592374,
MINIBUS_2,1137.0,ARRIVAL,4,8587255,
MINIBUS_2,1137.0,ALIGHTING,4,8587255,1
MINIBUS_2,1140.0,PERIODIC_SAMPLE,4,8587255,
MINIBUS_2,1170.0,PERIODIC_SAMPLE,4,8587255,
MINIBUS_2,1200.0,PERIODIC_SAMPLE,4,8587255,
MINIBUS_2,1209.0,ARRIVAL,6,8589161,
MINIBUS_2,1209.0,BOARDING,6,8589161,2
MINIBUS_2,1230.0,PERIODIC_SAMPLE,6,8589161,
MINIBUS_2,1243.8000030517578,ARRIVAL,5,8587255,
MINIBUS_2,1243.8000030517578,ALIGHTING,5,8587255,1
MINIBUS_2,1243.8000030517578,ARRIVAL,6,8587255,
MINIBUS_2,1243.8000030517578,BOARDING,6,8587255,1
MINIBUS_2,1260.0,PERIODIC_SAMPLE,6,8587255,
MINIBUS_2,1269.0,ARRIVAL,5,8592374,
MINIBUS_2,1269.0,ALIGHTING,5,8592374,1
MINIBUS_2,1269.0,ARRIVAL,6,8592374,
MINIBUS_2,1269.0,BOARDING,6,8592374,1
MINIBUS_2,1272.0,ARRIVAL,5,8592375,
MINIBUS_2,1272.0,ALIGHTING,5,8592375,1
MINIBUS_2,1290.0,PERIODIC_SAMPLE,5,8592375,
MINIBUS_2,1320.0,PERIODIC_SAMPLE,5,8592375,
MINIBUS_2,1350.0,PERIODIC_SAMPLE,5,8592375,
MINIBUS_2,1380.0,PERIODIC_SAMPLE,5,8592375,
MINIBUS_2,1408.2000122070312,ARRIVAL,6,8592374,
MINIBUS_2,1408.2000122070312,BOARDING,6,8592374,1
MINIBUS_2,1410.0,PERIODIC_SAMPLE,6,8592374,
MINIBUS_2,1432.8000030517578,ARRIVAL,5,8587255,
MINIBUS_2,1432.8000030517578,ALIGHTING,5,8587255,1
MINIBUS_2,1432.8000030517578,ARRIVAL,6,8587255,
MINIBUS_2,1432.8000030517578,BOARDING,6,8587255,1
MINIBUS_2,1440.0,PERIODIC_SAMPLE,6,8587255,
MINIBUS_2,1470.0,PERIODIC_SAMPLE,6,8587255,
MINIBUS_2,1500.0,PERIODIC_SAMPLE,6,8587255,
MINIBUS_2,1530.0,PERIODIC_SAMPLE,6,8587255,
MINIBUS_2,1545.0,ARRIVAL,5,8592374,
MINIBUS_2,1545.0,ALIGHTING,5,8592374,1
MINIBUS_2,1545.0,ARRIVAL,6,8592374,
MINIBUS_2,1545.0,BOARDING,6,8592374,1
MINIBUS_2,1554.0,ARRIVAL,5,8577785,
MINIBUS_2,1554.0,ALIGHTING,5,8577785,1
MINIBUS_2,1554.0,ARRIVAL,6,8577785,
MINIBUS_2,1554.0,BOARDING,6,8577785,1
MINIBUS_2,1560.0,PERIODIC_SAMPLE,6,8577785,
MINIBUS_2,1584.0,ARRIVAL,5,8592377,
MINIBUS_2,1584.0,ALIGHTING,5,8592377,1
MINIBUS_2,1590.0,PERIODIC_SAMPLE,5,8592377,
MINIBUS_2,1596.000015258789,ARRIVAL,6,8589161,
MINIBUS_2,1596.000015258789,BOARDING,6,8589161,1
MINIBUS_2,1620.0,PERIODIC_SAMPLE,6,8589161,
MINIBUS_2,1621.8000030517578,ARRIVAL,5,8587255,
MINIBUS_2,1621.8000030517578,ALIGHTING,5,8587255,1
MINIBUS_2,1650.0,PERIODIC_SAMPLE,5,8587255,
MINIBUS_2,1656.000015258789,ARRIVAL,6,8589161,
MINIBUS_2,1656.000015258789,BOARDING,6,8589161,1
MINIBUS_2,1680.0,PERIODIC_SAMPLE,6,8589161,
MINIBUS_2,1689.0,ARRIVAL,5,8592377,
MINIBUS_2,1689.0,ALIGHTING,5,8592377,1
MINIBUS_2,1693.8000030517578,ARRIVAL,6,8589161,
MINIBUS_2,1693.8000030517578,BOARDING,6,8589161,1
MINIBUS_2,1710.0,PERIODIC_SAMPLE,6,8589161,
MINIBUS_2,1740.0,PERIODIC_SAMPLE,6,8589161,
MINIBUS_2,1770.0,PERIODIC_SAMPLE,6,8589161,
MINIBUS_3,30.0,PERIODIC_SAMPLE,0,8592374,
MINIBUS_3,60.0,PERIODIC_SAMPLE,0,8592374,
MINIBUS_3,90.0,PERIODIC_SAMPLE,0,8592374,
MINIBUS_3,120.0,PERIODIC_SAMPLE,0,8592374,
MINIBUS_3,150.0,PERIODIC_SAMPLE,0,8592374,
MINIBUS_3,180.0,PERIODIC_SAMPLE,0,8592374,
MINIBUS_3,210.0,PERIODIC_SAMPLE,0,8592374,
MINIBUS_3,240.0,PERIODIC_SAMPLE,0,8592374,
MINIBUS_3,270.0,PERIODIC_SAMPLE,0,8592374,
MINIBUS_3,300.0,PERIODIC_SAMPLE,0,8592374,
MINIBUS_3,330.0,PERIODIC_SAMPLE,0,8592374,
MINIBUS_3,360.0,PERIODIC_SAMPLE,0,8592374,
MINIBUS_3,390.0,PERIODIC_SAMPLE,0,8592374,
MINIBUS_3,420.0,PERIODIC_SAMPLE,0,8592374,
MINIBUS_3,450.0,PERIODIC_SAMPLE,0,8592374,
MINIBUS_3,480.0,PERIODIC_SAMPLE,0,8592374,
MINIBUS_3,510.0,PERIODIC_SAMPLE,0,8592374,
MINIBUS_3,540.0,PERIODIC_SAMPLE,0,8592374,
MINIBUS_3,570.0,PERIODIC_SAMPLE,0,8592374,
MINIBUS_3,600.0,ARRIVAL,2,8592374,
MINIBUS_3,600.0,BOARDING,2,8592374,2
MINIBUS_3,600.0,PERIODIC_SAMPLE,2,8592374,
MINIBUS_3,630.0,PERIODIC_SAMPLE,2,8592374,
MINIBUS_3,660.0,PERIODIC_SAMPLE,2,8592374,
MINIBUS_3,690.0,PERIODIC_SAMPLE,2,8592374,
MINIBUS_3,720.0,PERIODIC_SAMPLE,2,8592374,
MINIBUS_3,739.1999969482422,ARRIVAL,3,8589161,
MINIBUS_3,739.1999969482422,BOARDING,3,8589161,1
MINIBUS_3,750.0,PERIODIC_SAMPLE,3,8589161,
MINIBUS_3,780.0,PERIODIC_SAMPLE,3,8589161,
MINIBUS_3,810.0,PERIODIC_SAMPLE,3,8589161,
MINIBUS_3,811.2000122070312,ARRIVAL,2,8589141,
MINIBUS_3,811.2000122070312,ALIGHTING,2,8589141,1
MINIBUS_3,840.0,PERIODIC_SAMPLE,2,8589141,
MINIBUS_3,851.4000129699707,ARRIVAL,3,8589152,
MINIBUS_3,851.4000129699707,BOARDING,3,8589152,1
MINIBUS_3,870.0,PERIODIC_SAMPLE,3,8589152,
MINIBUS_3,900.0,PERIODIC_SAMPLE,3,8589152,
MINIBUS_3,930.0,PERIODIC_SAMPLE,3,8589152,
MINIBUS_3,960.0,PERIODIC_SAMPLE,3,8589152,
MINIBUS_3,990.0,PERIODIC_SAMPLE,3,8589152,
MINIBUS_3,1017.6000099182129,ARRIVAL,2,8589158,
MINIBUS_3,1017.6000099182129,ALIGHTING,2,8589158,1
MINIBUS_3,1017.6000099182129,ARRIVAL,3,8589158,
MINIBUS_3,1017.6000099182129,BOARDING,3,8589158,1
MINIBUS_3,1020.0,PERIODIC_SAMPLE,3,8589158,
MINIBUS_3,1050.0,PERIODIC_SAMPLE,3,8589158,
MINIBUS_3,1066.1999969482422,ARRIVAL,2,8589270,
MINIBUS_3,1066.1999969482422,ALIGHTING,2,8589270,1
MINIBUS_3,1080.0,PERIODIC_SAMPLE,2,8589270,
MINIBUS_3,1096.800006866455,ARRIVAL,4,8591766,
MINIBUS_3,1096.800006866455,BOARDING,4,8591766,2
MINIBUS_3,1099.1999969482422,ARRIVAL,3,8592374,
MINIBUS_3,1099.1999969482422,ALIGHTING,3,8592374,1
MINIBUS_3,1110.0,PERIODIC_SAMPLE,3,8592374,
MINIBUS_3,1140.0,PERIODIC_SAMPLE,3,8592374,
MINIBUS_3,1170.0,PERIODIC_SAMPLE,3,8592374,
MINIBUS_3,1200.0,ARRIVAL,4,8592374,
MINIBUS_3,1200.0,BOARDING,4,8592374,1
MINIBUS_3,1200.0,PERIODIC_SAMPLE,4,8592374,
MINIBUS_3,1205.999984741211,ARRIVAL,3,8589141,
MINIBUS_3,1205.999984741211,ALIGHTING,3,8589141,1
MINIBUS_3,1230.0,PERIODIC_SAMPLE,3,8589141,
MINIBUS_3,1260.0,PERIODIC_SAMPLE,3,8589141,
MINIBUS_3,1287.0,ARRIVAL,4,8589138,
MINIBUS_3,1287.0,BOARDING,4,8589138,1
MINIBUS_3,1290.0,PERIODIC_SAMPLE,4,8589138,
MINIBUS_3,1298.999984741211,ARRIVAL,5,8587255,
MINIBUS_3,1298.999984741211,BOARDING,5,8587255,1
MINIBUS_3,1320.0,PERIODIC_SAMPLE,5,8587255,
MINIBUS_3,1350.0,PERIODIC_SAMPLE,5,8587255,
MINIBUS_3,1380.0,PERIODIC_SAMPLE,5,8587255,
MINIBUS_3,1410.0,PERIODIC_SAMPLE,5,8587255,
MINIBUS_3,1440.0,PERIODIC_SAMPLE,5,8587255,
MINIBUS_3,1470.0,PERIODIC_SAMPLE,5,8587255,
MINIBUS_3,1487.999984741211,ARRIVAL,3,8592374,
MINIBUS_3,1487.999984741211,ALIGHTING,3,8592374,2
MINIBUS_3,1487.999984741211,ARRIVAL,4,8592374,
MINIBUS_3,1487.999984741211,BOARDING,4,8592374,1
MINIBUS_3,1500.0,PERIODIC_SAMPLE,4,8592374,
MINIBUS_3,1530.0,PERIODIC_SAMPLE,4,8592374,
MINIBUS_3,1533.0000190734863,ARRIVAL,3,8587255,
MINIBUS_3,1533.0000190734863,ALIGHTING,3,8587255,1
MINIBUS_3,1533.0000190734863,ARRIVAL,6,8587255,
MINIBUS_3,1533.0000190734863,BOARDING,6,8587255,3
MINIBUS_3,1560.0,PERIODIC_SAMPLE,6,8587255,
MINIBUS_3,1590.0,PERIODIC_SAMPLE,6,8587255,
MINIBUS_3,1620.0,PERIODIC_SAMPLE,6,8587255,
MINIBUS_3,1627.7999877929688,ARRIVAL,1,8592374,
MINIBUS_3,1627.7999877929688,ALIGHTING,1,8592374,5
MINIBUS_3,1627.7999877929688,ARRIVAL,6,8592374,
MINIBUS_3,1627.7999877929688,BOARDING,6,8592374,5
MINIBUS_3,1650.0,PERIODIC_SAMPLE,6,8592374,
MINIBUS_3,1675.7999877929688,ARRIVAL,5,8588344,
MINIBUS_3,1675.7999877929688,ALIGHTING,5,8588344,1
MINIBUS_3,1675.7999877929688,ARRIVAL,6,8588344,
MINIBUS_3,1675.7999877929688,BOARDING,6,8588344,1
MINIBUS_3,1680.0,PERIODIC_SAMPLE,6,8588344,
MINIBUS_3,1687.8000030517578,ARRIVAL,5,8577786,
MINIBUS_3,1687.8000030517578,ALIGHTING,5,8577786,1
MINIBUS_3,1687.8000030517578,ARRIVAL,6,8577786,
MINIBUS_3,1687.8000030517578,BOARDING,6,8577786,1
MINIBUS_3,1710.0,PERIODIC_SAMPLE,6,8577786,
MINIBUS_3,1722.0000190734863,ARRIVAL,5,8577785,
MINIBUS_3,1722.0000190734863,ALIGHTING,5,8577785,1
MINIBUS_3,1722.0000190734863,ARRIVAL,6,8577785,
MINIBUS_3,1722.0000190734863,BOARDING,6,8577785,1
MINIBUS_3,1738.2000122070312,ARRIVAL,3,8592374,
MINIBUS_3,1738.2000122070312,ALIGHTING,3,8592374,3
MINIBUS_3,1740.0,PERIODIC_SAMPLE,3,8592374,
MINIBUS_3,1770.0,PERIODIC_SAMPLE,3,8592374,
